#include "common.h"
#include "music.h"

// note: probably just a part of music.c but we were able to split here

extern const char sInstDebugName_SVOICE1L[];
extern const char sInstDebugName_SVOICE1M[];
extern const char sInstDebugName_SVOICE1H[];
extern const char sInstDebugName_SLAPBASS[];
extern const char sInstDebugName_FX1[];
extern const char sInstDebugName_STL[];
extern const char sInstDebugName_STM[];
extern const char sInstDebugName_STH[];
extern const char sInstDebugName_STHM[];
extern const char sInstDebugName_STSH[];
extern const char sInstDebugName_SVOICE2M[];
extern const char sInstDebugName_SVOICE2H[];
extern const char sInstDebugName_SVOICE2SH[];
extern const char sInstDebugName_SBRASSL[];
extern const char sInstDebugName_SBRASSM[];
extern const char sInstDebugName_SBRASSH[];
extern const char sInstDebugName_FVOICEL[];
extern const char sInstDebugName_FVOICEM[];
extern const char sInstDebugName_FVOICEH[];
extern const char sInstDebugName_BELLM[];
extern const char sInstDebugName_BELLH[];
extern const char sInstDebugName_HITL[];
extern const char sInstDebugName_HITM[];
extern const char sInstDebugName_HITH[];
extern const char sInstDebugName_CHORUS1[];
extern const char sInstDebugName_CHORUS2[];
extern const char sInstDebugName_CHORUS2H[];
extern const char sInstDebugName_PIZZL[];
extern const char sInstDebugName_PIZZM[];
extern const char sInstDebugName_PIZZH[];
extern const char sInstDebugName_TIMPL[];
extern const char sInstDebugName_TIMPH[];
extern const char sInstDebugName_DOORSLAM[];
extern const char sInstDebugName_VOX_SE1[];
extern const char sInstDebugName_VOX1[];
extern const char sInstDebugName_LOOP1[];
extern const char sInstDebugName_DGL[];
extern const char sInstDebugName_DGTM[];
extern const char sInstDebugName_SD1[];
extern const char sInstDebugName_LOOP2[];
extern const char sInstDebugName_SINE[];
extern const char sInstDebugName_CLAPSD[];
extern const char sInstDebugName_HCLAP[];
extern const char sInstDebugName_RS[];
extern const char sInstDebugName_GTR[];
extern const char sInstDebugName_EMA[];
extern const char sInstDebugName_WIN[];
extern const char sInstDebugName_DYNA[];
extern const char sInstDebugName_HARPL[];
extern const char sInstDebugName_HARPM[];
extern const char sInstDebugName_HARPH[];
extern const char sInstDebugName_HARPHM[];
extern const char sInstDebugName_HARPSSH[];
extern const char sInstDebugName_DISL[];
extern const char sInstDebugName_DGTM_2[];
extern const char sInstDebugName_DGTH[];
extern const char sInstDebugName_HORNL[];
extern const char sInstDebugName_HORNM[];
extern const char sInstDebugName_HORNH[];
extern const char sInstDebugName_BASSSE[];
extern const char sInstDebugName_OLG[];
extern const char sInstDebugName_VOICE[];
extern const char sInstDebugName_UH[];
extern const char sInstDebugName_HITL_2[];
extern const char sInstDebugName_HITM_2[];
extern const char sInstDebugName_HITH_2[];
extern const char sInstDebugName_BRS_2[];
extern const char sInstDebugName_AIRL[];
extern const char sInstDebugName_AIRH[];
extern const char sInstDebugName_BS[];
extern const char sInstDebugName_SD1_2[];
extern const char sInstDebugName_CLAOSD[];
extern const char sInstDebugName_HCLAP_2[];
extern const char sInstDebugName_SE2[];
extern const char sInstDebugName_LTOM[];
extern const char sInstDebugName_HH1[];
extern const char sInstDebugName_MTOM[];
extern const char sInstDebugName_HH3[];
extern const char sInstDebugName_STOM1[];
extern const char sInstDebugName_HH2[];
extern const char sInstDebugName_STOM1_2[];
extern const char sInstDebugName_HTOM[];
extern const char sInstDebugName_CYM1[];
extern const char sInstDebugName_TAMBARINE[];
extern const char sInstDebugName_CLAP[];
extern const char sInstDebugName_BDD[];
extern const char sInstDebugName_RIDE[];
extern const char sInstDebugName_CYM2[];
extern const char sInstDebugName_LBOTTLE[];
extern const char sInstDebugName_AIRCOMP[];
extern const char sInstDebugName_SAW_2[];
extern const char sInstDebugName_BROCKEN[];
extern const char sInstDebugName_TBO[];
extern const char sInstDebugName_BCMB[];
extern const char sInstDebugName_DOORSLAM_2[];

// BGM debug names in BGM ID order
static char sBgmDebugName_None[4] = "";
static char sBgmDebugName_OBAKESONG[12] = "OBAKESONG";
static char sBgmDebugName_NEO[4] = "NEO";
static char sBgmDebugName_OPN[4] = "OPN";
static char sBgmDebugName_BONO[8] = "BONO";
static char sBgmDebugName_INF[4] = "INF";
static char sBgmDebugName_GIMMICK[8] = "GIMMICK";
static char sBgmDebugName_VOLCANIC[12] = "VOLCANIC";
static char sBgmDebugName_TO1[4] = "TO1";
static char sBgmDebugName_SNOW[8] = "SNOW";
static char sBgmDebugName_WOODS[8] = "WOODS";
static char sBgmDebugName_BOSS[8] = "BOSS";
static char sBgmDebugName_LETHE[8] = "LETHE";
static char sBgmDebugName_REVENGE[8] = "REVENGE";
static char sBgmDebugName_GLOOMY[8] = "GLOOMY";
static char sBgmDebugName_HURRY[8] = "HURRY";
static char sBgmDebugName_POSITION[12] = "POSITION";
static char sBgmDebugName_STEPPIN[8] = "STEPPIN";
static char sBgmDebugName_OUT[4] = "OUT";
static char sBgmDebugName_WIND[8] = "WIND";
static char sBgmDebugName_FIGHT[8] = "FIGHT";
static char sBgmDebugName_ADIEUX[8] = "ADIEUX";
static char sBgmDebugName_MARINA[8] = "MARINA";
static char sBgmDebugName_CONTI[8] = "CONTI";
static char sBgmDebugName_ESPERANCE[12] = "ESPERANCE";
static char sBgmDebugName_STCLR[8] = "STCLR";
static char sBgmDebugName_INT[4] = "INT";
static char sBgmDebugName_BROKEN[8] = "BROKEN";
static char sBgmDebugName_FAN1[8] = "FAN1";
static char sBgmDebugName_FAN2[8] = "FAN2";
static char sBgmDebugName_YUJYA[8] = "YUJYA";
static char sBgmDebugName_GET[4] = "GET";
static char sBgmDebugName_CLEAR[8] = "CLEAR";
static char sBgmDebugName_END[4] = "END";

const char* gBgmDebugNames[] = {
    sBgmDebugName_OBAKESONG, sBgmDebugName_NEO, sBgmDebugName_OPN, sBgmDebugName_BONO, sBgmDebugName_INF, sBgmDebugName_GIMMICK, sBgmDebugName_VOLCANIC, sBgmDebugName_TO1,
    sBgmDebugName_SNOW, sBgmDebugName_WOODS, sBgmDebugName_BOSS, sBgmDebugName_LETHE, sBgmDebugName_REVENGE, sBgmDebugName_GLOOMY, sBgmDebugName_HURRY, sBgmDebugName_POSITION,
    sBgmDebugName_STEPPIN, sBgmDebugName_OUT, sBgmDebugName_WIND, sBgmDebugName_FIGHT, sBgmDebugName_ADIEUX, sBgmDebugName_MARINA, sBgmDebugName_CONTI, sBgmDebugName_ESPERANCE,
    sBgmDebugName_STCLR, sBgmDebugName_INT, sBgmDebugName_BROKEN, sBgmDebugName_FAN1, sBgmDebugName_FAN2, sBgmDebugName_YUJYA, sBgmDebugName_GET, sBgmDebugName_CLEAR,
    sBgmDebugName_END,
};

// Music-bank instrument/sample debug names and grouped key-zone name lists
const char* D_800BE8D0[] = {
    sInstDebugName_SVOICE1L, sInstDebugName_SVOICE1M, sInstDebugName_SVOICE1H,
};

const char* D_800BE8DC[] = {
    sInstDebugName_SLAPBASS,
};

const char* D_800BE8E0[] = {
    sInstDebugName_FX1,
};

const char* D_800BE8E4[] = {
    sInstDebugName_STL, sInstDebugName_STM, sInstDebugName_STH, sInstDebugName_STHM, sInstDebugName_STSH,
};

const char* D_800BE8F8[] = {
    sInstDebugName_SVOICE2M, sInstDebugName_SVOICE2H, sInstDebugName_SVOICE2SH,
};

const char* D_800BE904[] = {
    sInstDebugName_SBRASSL, sInstDebugName_SBRASSM, sInstDebugName_SBRASSH,
};

const char* D_800BE910[] = {
    sInstDebugName_FVOICEL, sInstDebugName_FVOICEM, sInstDebugName_FVOICEH,
};

const char* D_800BE91C[] = {
    sInstDebugName_BELLM, sInstDebugName_BELLH,
};

const char* D_800BE924[] = {
    sInstDebugName_HITL, sInstDebugName_HITM, sInstDebugName_HITH,
};

const char* D_800BE930[] = {
    sInstDebugName_CHORUS1,
};

const char* D_800BE934[] = {
    sInstDebugName_CHORUS2, sInstDebugName_CHORUS2H,
};

const char* D_800BE93C[] = {
    sInstDebugName_PIZZL, sInstDebugName_PIZZM, sInstDebugName_PIZZH,
};

const char* D_800BE948[] = {
    sInstDebugName_TIMPL, sInstDebugName_TIMPH, sInstDebugName_DOORSLAM,
};

const char* D_800BE954[] = {
    sInstDebugName_VOX_SE1,
};

const char* D_800BE958[] = {
    sInstDebugName_VOX1,
};

const char* D_800BE95C[] = {
    sInstDebugName_LOOP1,
};

const char* D_800BE960[] = {
    sInstDebugName_DGL, sInstDebugName_DGTM,
};

const char* D_800BE968[] = {
    sInstDebugName_SD1,
};

const char* D_800BE96C[] = {
    sInstDebugName_LOOP2,
};

const char* D_800BE970[] = {
    sInstDebugName_SINE, sInstDebugName_CLAPSD, sInstDebugName_HCLAP,
};

const char* D_800BE97C[] = {
    sInstDebugName_RS, sInstDebugName_GTR, sInstDebugName_EMA,
};

const char* D_800BE988[] = {
    sInstDebugName_WIN,
};

const char* D_800BE98C[] = {
    sInstDebugName_DYNA,
};

const char* D_800BE990[] = {
    sInstDebugName_HARPL, sInstDebugName_HARPM, sInstDebugName_HARPH, sInstDebugName_HARPHM, sInstDebugName_HARPSSH,
};

const char* D_800BE9A4[] = {
    sInstDebugName_DISL, sInstDebugName_DGTM_2, sInstDebugName_DGTH,
};

const char* D_800BE9B0[] = {
    sInstDebugName_HORNL, sInstDebugName_HORNM, sInstDebugName_HORNH,
};

const char* D_800BE9BC[] = {
    sInstDebugName_BASSSE, sInstDebugName_OLG,
};

const char* D_800BE9C4[] = {
    sInstDebugName_VOICE, sInstDebugName_UH,
};

const char* D_800BE9CC[] = {
    sInstDebugName_HITL_2, sInstDebugName_HITM_2, sInstDebugName_HITH_2,
};

const char* D_800BE9D8[] = {
    sInstDebugName_BRS_2,
};

const char* D_800BE9DC[] = {
    sInstDebugName_AIRL, sInstDebugName_AIRH,
};

const void* D_800BE9E4[] = {
    sInstDebugName_BS, sInstDebugName_SD1_2, sInstDebugName_CLAOSD, sInstDebugName_HCLAP_2, sInstDebugName_SE2, sInstDebugName_LTOM, sInstDebugName_HH1, sInstDebugName_MTOM,
    sInstDebugName_HH3, sInstDebugName_STOM1, sInstDebugName_HH2, sInstDebugName_STOM1_2, sInstDebugName_HTOM, sInstDebugName_CYM1, sInstDebugName_TAMBARINE, sInstDebugName_CLAP,
    sInstDebugName_BDD, sInstDebugName_RIDE, sInstDebugName_CYM2, sInstDebugName_LBOTTLE, sInstDebugName_AIRCOMP, sInstDebugName_SAW_2, sInstDebugName_BROCKEN, sInstDebugName_TBO,
    sInstDebugName_BCMB, sInstDebugName_DOORSLAM_2, D_800BE8D0, D_800BE8DC, D_800BE8E0, D_800BE8E4, D_800BE8F8, D_800BE904,
    D_800BE910, D_800BE91C, D_800BE924, D_800BE930, D_800BE934, D_800BE93C, D_800BE948, D_800BE954,
    D_800BE958, D_800BE95C, D_800BE960, D_800BE968, D_800BE96C, D_800BE970, D_800BE97C, D_800BE988,
    D_800BE98C, D_800BE990, D_800BE9A4, D_800BE9B0, D_800BE9BC, D_800BE9C4, D_800BE9CC, D_800BE9D8,
    D_800BE9DC, D_800BE9E4,
};

// Per-BGM sample patch streams. overrides ALSound/ALKeyMap/ALEnvelope
u8 D_800BEACC[] = {
    0xFF, 0x01, 0x4B, 0x6E, 0x40, 0x00, 0x7F, 0x32, 0x64, 0x23, 0x50, 0x6E, 0x58, 0x00, 0x7F, 0x32,
    0x64, 0x23, 0xFF, 0x08, 0x5F, 0x5F, 0x5D, 0x00, 0x7F, 0x55, 0x64, 0x0A, 0x5F, 0x5F, 0x69, 0x00,
    0x7F, 0x55, 0x64, 0x0A, 0x78, 0x40, 0x30, 0x01, 0x64, 0x50, 0x78, 0x01, 0xFF, 0x04, 0x5A, 0x00,
    0x54, 0x00, 0x7F, 0x01, 0x64, 0x14, 0xFF, 0x03, 0x78, 0x40, 0x48, 0x00, 0x7F, 0x7F, 0x78, 0x0A,
    0xFF, 0x0B, 0x4B, 0x55, 0x49, 0x00, 0x7F, 0x78, 0x78, 0x01, 0xFF, 0x0B, 0x7D, 0x40, 0x55, 0x00,
    0x7F, 0x01, 0x7F, 0x01, 0xFF, 0x0D, 0x5F, 0x19, 0x54, 0x00, 0x7F, 0x7F, 0x7F, 0x0F, 0xFF, 0x06,
    0x41, 0x1E, 0x43, 0x00, 0x7F, 0x78, 0x64, 0x19, 0x41, 0x1E, 0x50, 0x00, 0x7F, 0x78, 0x64, 0x19,
    0xFF, 0x0D, 0x7F, 0x26, 0x31, 0x00, 0x01, 0x01, 0x7F, 0x01, 0x41, 0x3D, 0x32, 0x00, 0x01, 0x01,
    0x7F, 0x64, 0xFF, 0x02, 0x58, 0x0A, 0x37, 0x00, 0x7F, 0x7F, 0x7F, 0x75, 0xFF, 0x07, 0x7F, 0x40,
    0x5A, 0x00, 0x7F, 0x7F, 0x7F, 0x7F, 0x00, 0x00,
};

u8 D_800BEB64[] = {
    0x60, 0x3C, 0x30, 0x00, 0x7F, 0x00, 0x78, 0x0F, 0x56, 0x22, 0x40, 0x00, 0x7F, 0x00, 0x78, 0x0F,
    0x56, 0x1C, 0x58, 0x00, 0x7F, 0x00, 0x78, 0x0F, 0x78, 0x3C, 0x3C, 0x01, 0x7F, 0x00, 0x7F, 0x01,
    0xFF, 0x01, 0x76, 0x37, 0x24, 0x00, 0x7F, 0x5A, 0x78, 0x14, 0x44, 0x26, 0x37, 0x00, 0x7F, 0x5A,
    0x78, 0x0F, 0x44, 0x21, 0x46, 0x00, 0x7F, 0x5A, 0x78, 0x0F, 0x44, 0x1C, 0x51, 0x00, 0x7F, 0x5A,
    0x78, 0x0F, 0x44, 0x14, 0x60, 0x00, 0x7F, 0x5A, 0x78, 0x0F, 0x6B, 0x4C, 0x4A, 0x00, 0x7F, 0x64,
    0x5A, 0x01, 0x6B, 0x42, 0x5D, 0x00, 0x7F, 0x64, 0x5A, 0x01, 0x6B, 0x38, 0x69, 0x00, 0x7F, 0x64,
    0x5A, 0x01, 0x63, 0x55, 0x30, 0x00, 0x7F, 0x00, 0x75, 0x01, 0x63, 0x4B, 0x4C, 0x00, 0x7F, 0x00,
    0x75, 0x01, 0x63, 0x69, 0x58, 0x00, 0x7F, 0x00, 0x75, 0x01, 0xFF, 0x03, 0x44, 0x50, 0x46, 0x00,
    0x7F, 0x00, 0x6E, 0x01, 0x44, 0x78, 0x57, 0x00, 0x7F, 0x00, 0x6E, 0x01, 0x7B, 0x32, 0x39, 0x00,
    0x7F, 0x00, 0x7F, 0x01, 0x77, 0x41, 0x48, 0x00, 0x7F, 0x00, 0x7F, 0x01, 0x77, 0x50, 0x54, 0x00,
    0x7F, 0x00, 0x7F, 0x01, 0xFF, 0x03, 0x78, 0x55, 0x30, 0x00, 0x7F, 0x00, 0x7F, 0x1E, 0x46, 0x64,
    0x48, 0x00, 0x7F, 0x00, 0x7F, 0x01, 0x41, 0x14, 0x54, 0x00, 0x7F, 0x00, 0x7F, 0x01, 0xFF, 0x03,
    0x6B, 0x40, 0x3C, 0x00, 0x7F, 0x01, 0x6E, 0x01, 0x5F, 0x40, 0x49, 0x01, 0x7F, 0x00, 0x64, 0x01,
    0x7F, 0x3A, 0x48, 0x00, 0x01, 0x01, 0x7F, 0x23, 0xFF, 0x2F, 0x32, 0x32, 0x2A, 0x00, 0x7F, 0x00,
    0x78, 0x1E, 0xFF, 0x07, 0x46, 0x00, 0x40, 0x00, 0x7F, 0x00, 0x7F, 0x01, 0x26, 0x7F, 0x00, 0x00,
    0x7F, 0x00, 0x7F, 0x01, 0x68, 0x7F, 0x64, 0x00, 0x7F, 0x00, 0x7F, 0x01, 0xFF, 0x01, 0x00, 0x00,
};

u8 D_800BEC64[] = {
    0xFF, 0x03, 0x64, 0x44, 0x3C, 0x00, 0x7F, 0x23, 0x7F, 0x01, 0xFF, 0x02, 0x4B, 0x11, 0x37, 0x00,
    0x7F, 0x00, 0x78, 0x1E, 0x3C, 0x11, 0x46, 0x00, 0x7F, 0x00, 0x78, 0x1E, 0x3C, 0x0A, 0x51, 0x00,
    0x7F, 0x00, 0x78, 0x1E, 0x3C, 0x05, 0x60, 0x00, 0x7F, 0x00, 0x78, 0x1E, 0x69, 0x19, 0x4A, 0x00,
    0x7F, 0x78, 0x6E, 0x14, 0x69, 0x41, 0x5D, 0x00, 0x7F, 0x78, 0x6E, 0x14, 0x5A, 0x4B, 0x69, 0x00,
    0x7F, 0x78, 0x6E, 0x14, 0x6E, 0x4E, 0x30, 0x00, 0x7F, 0x01, 0x64, 0x05, 0x6E, 0x5C, 0x4C, 0x00,
    0x7F, 0x01, 0x64, 0x05, 0x6E, 0x66, 0x58, 0x00, 0x7F, 0x01, 0x64, 0x05, 0xFF, 0x03, 0x3F, 0x50,
    0x48, 0x00, 0x7F, 0x00, 0x7F, 0x01, 0x3B, 0x7F, 0x54, 0x00, 0x7F, 0x00, 0x7F, 0x01, 0xFF, 0x01,
    0x64, 0x23, 0x48, 0x00, 0x7F, 0x7F, 0x64, 0x05, 0x5F, 0x5A, 0x54, 0x00, 0x7F, 0x7F, 0x64, 0x05,
    0x5F, 0x5A, 0x43, 0x00, 0x7F, 0x7C, 0x78, 0x01, 0x3E, 0x00, 0x3C, 0x00, 0x7F, 0x01, 0x64, 0x14,
    0x3F, 0x7F, 0x48, 0x00, 0x7F, 0x01, 0x64, 0x2D, 0x66, 0x55, 0x30, 0x00, 0x7F, 0x7F, 0x7F, 0x19,
    0x43, 0x23, 0x48, 0x00, 0x7F, 0x6E, 0x7F, 0x1E, 0x47, 0x6C, 0x54, 0x00, 0x7F, 0x78, 0x7F, 0x23,
    0xFF, 0x05, 0x55, 0x3A, 0x48, 0x00, 0x00, 0x00, 0x7F, 0x32, 0x3A, 0x2F, 0x34, 0x00, 0x7F, 0x64,
    0x62, 0x19, 0xFF, 0x06, 0x6E, 0x31, 0x30, 0x00, 0x7F, 0x00, 0x64, 0x01, 0xFF, 0x04, 0x7F, 0x1C,
    0x30, 0x00, 0x7F, 0x00, 0x64, 0x05, 0x7F, 0x28, 0x3C, 0x00, 0x7F, 0x00, 0x64, 0x05, 0x7F, 0x40,
    0x48, 0x00, 0x7F, 0x00, 0x64, 0x05, 0x7F, 0x4E, 0x54, 0x00, 0x7F, 0x00, 0x64, 0x05, 0x7F, 0x5F,
    0x60, 0x00, 0x7F, 0x00, 0x64, 0x05, 0xFF, 0x06, 0x5A, 0x37, 0x3C, 0x00, 0x7F, 0x00, 0x64, 0x01,
    0xFF, 0x02, 0x7F, 0x2D, 0x3D, 0x00, 0x7F, 0x01, 0x64, 0x01, 0xFF, 0x06, 0x55, 0x3F, 0x20, 0x00,
    0x7F, 0x00, 0x7F, 0x01, 0xFF, 0x04, 0x69, 0x3A, 0x28, 0x00, 0x7F, 0x00, 0x7F, 0x50, 0xFF, 0x01,
    0x55, 0x68, 0x29, 0x00, 0x7F, 0x00, 0x7F, 0x46, 0x7F, 0x29, 0x2C, 0x00, 0x7F, 0x23, 0x01, 0x01,
    0x64, 0x05, 0x32, 0x00, 0x7F, 0x00, 0x78, 0x1E, 0x64, 0x6D, 0x2E, 0x00, 0x7F, 0x00, 0x7F, 0x14,
    0xFF, 0x01, 0x55, 0x22, 0x2C, 0x00, 0x7F, 0x00, 0x78, 0x3C, 0x7F, 0x26, 0x31, 0x00, 0x01, 0x01,
    0x7F, 0x01, 0xFF, 0x02, 0x5F, 0x40, 0x30, 0x00, 0x7F, 0x5F, 0x0A, 0x01, 0xFF, 0x01, 0x7F, 0x14,
    0x2C, 0x00, 0x7F, 0x00, 0x7F, 0x01, 0xFF, 0x07,
};

u8 D_800BEDCC[] = {
    0x55, 0x2D, 0x30, 0x00, 0x7F, 0x0A, 0x50, 0x01, 0x55, 0x1E, 0x40, 0x00, 0x7F, 0x0A, 0x50, 0x01,
    0x55, 0x19, 0x58, 0x00, 0x7F, 0x0A, 0x50, 0x01, 0xFF, 0x07, 0x64, 0x32, 0x4A, 0x00, 0x7F, 0x14,
    0x4B, 0x01, 0x64, 0x37, 0x5D, 0x00, 0x7F, 0x14, 0x4B, 0x01, 0x64, 0x28, 0x69, 0x00, 0x7F, 0x14,
    0x4B, 0x01, 0x66, 0x5A, 0x30, 0x00, 0x7F, 0x00, 0x65, 0x01, 0x64, 0x5F, 0x4C, 0x00, 0x7F, 0x00,
    0x65, 0x01, 0x6C, 0x64, 0x58, 0x00, 0x7F, 0x00, 0x65, 0x01, 0xFF, 0x03, 0x41, 0x19, 0x48, 0x00,
    0x7F, 0x78, 0x46, 0x01, 0x32, 0x7F, 0x54, 0x00, 0x7F, 0x78, 0x64, 0x01, 0x69, 0x46, 0x39, 0x00,
    0x7F, 0x7F, 0x28, 0x01, 0x5F, 0x31, 0x48, 0x00, 0x7F, 0x7F, 0x50, 0x23, 0x64, 0x69, 0x54, 0x00,
    0x7F, 0x7F, 0x28, 0x01, 0xFF, 0x03, 0x64, 0x50, 0x30, 0x00, 0x7F, 0x00, 0x7F, 0x01, 0x41, 0x40,
    0x48, 0x00, 0x7F, 0x00, 0x7F, 0x0A, 0x3A, 0x23, 0x54, 0x00, 0x7F, 0x00, 0x7F, 0x01, 0xFF, 0x05,
    0x50, 0x56, 0x4A, 0x00, 0x7F, 0x01, 0x78, 0x01, 0xFF, 0x03, 0x45, 0x2D, 0x3C, 0x00, 0x7F, 0x00,
    0x7F, 0x00, 0xFF, 0x0D, 0x50, 0x28, 0x3C, 0x00, 0x7F, 0x78, 0x78, 0x01, 0xFF, 0x08, 0x23, 0x28,
    0x30, 0x00, 0x7F, 0x64, 0x6E, 0x0A, 0x32, 0x5A, 0x3C, 0x00, 0x7F, 0x64, 0x6E, 0x0A, 0xFF, 0x15,
    0x5C, 0x40, 0x32, 0x00, 0x7F, 0x01, 0x7F, 0x01, 0xFF, 0x09, 0x00, 0x00,
};

u8 D_800BEE98[] = {
    0x7F, 0x32, 0x30, 0x01, 0x72, 0x14, 0x63, 0x01, 0x7F, 0x32, 0x40, 0x00, 0x75, 0x14, 0x63, 0x01,
    0x7F, 0x32, 0x58, 0x00, 0x74, 0x14, 0x63, 0x01, 0xFF, 0x01, 0x7F, 0x40, 0x3C, 0x00, 0x7F, 0x7F,
    0x7F, 0x64, 0xFF, 0x01, 0x66, 0x55, 0x37, 0x01, 0x62, 0x00, 0x6E, 0x1E, 0x78, 0x1E, 0x46, 0x01,
    0x62, 0x00, 0x3C, 0x19, 0x5F, 0x0F, 0x51, 0x01, 0x5F, 0x00, 0x3C, 0x19, 0xFF, 0x11, 0x69, 0x46,
    0x48, 0x00, 0x3C, 0x02, 0x6E, 0x28, 0xFF, 0x02, 0x41, 0x3C, 0x54, 0x00, 0x7F, 0x00, 0x6E, 0x23,
    0xFF, 0x41, 0x00, 0x00,
};

u8 D_800BEEEC[] = {
    0x7D, 0x3C, 0x30, 0x00, 0x7F, 0x00, 0x78, 0x01, 0x69, 0x37, 0x40, 0x00, 0x7F, 0x00, 0x78, 0x01,
    0x7F, 0x37, 0x58, 0x00, 0x7F, 0x00, 0x78, 0x01, 0x69, 0x37, 0x3C, 0x00, 0x6B, 0x78, 0x50, 0x01,
    0xFF, 0x01, 0x64, 0x64, 0x24, 0x00, 0x7F, 0x00, 0x7F, 0x05, 0x5D, 0x46, 0x37, 0x00, 0x7F, 0x00,
    0x7F, 0x14, 0x4B, 0x32, 0x46, 0x00, 0x7F, 0x00, 0x78, 0x05, 0x4D, 0x19, 0x51, 0x00, 0x7F, 0x00,
    0x78, 0x05, 0x57, 0x19, 0x60, 0x00, 0x7F, 0x00, 0x78, 0x05, 0x67, 0x61, 0x4A, 0x00, 0x7D, 0x5A,
    0x46, 0x01, 0x67, 0x61, 0x5D, 0x00, 0x7D, 0x5A, 0x46, 0x01, 0x67, 0x61, 0x69, 0x00, 0x7D, 0x5A,
    0x46, 0x01, 0x5F, 0x5F, 0x30, 0x00, 0x7F, 0x7F, 0x3C, 0x05, 0x5D, 0x5F, 0x4C, 0x00, 0x7F, 0x7F,
    0x3C, 0x0F, 0x5D, 0x5F, 0x58, 0x00, 0x7F, 0x7F, 0x32, 0x0F, 0x6E, 0x40, 0x24, 0x00, 0x7F, 0x00,
    0x64, 0x01, 0x50, 0x5A, 0x3C, 0x00, 0x7F, 0x6B, 0x25, 0x01, 0x50, 0x5A, 0x54, 0x00, 0x7F, 0x6B,
    0x25, 0x01, 0x50, 0x64, 0x48, 0x00, 0x7F, 0x7F, 0x00, 0x2D, 0x5B, 0x46, 0x54, 0x00, 0x7F, 0x7F,
    0x00, 0x2D, 0x64, 0x28, 0x39, 0x00, 0x7F, 0x00, 0x7F, 0x23, 0x69, 0x3C, 0x48, 0x00, 0x7F, 0x00,
    0x7F, 0x23, 0x6E, 0x4E, 0x54, 0x00, 0x7F, 0x00, 0x7F, 0x19, 0xFF, 0x03, 0x6E, 0x5A, 0x30, 0x00,
    0x7F, 0x00, 0x7F, 0x01, 0x41, 0x41, 0x48, 0x00, 0x7F, 0x00, 0x7F, 0x01, 0x4D, 0x32, 0x54, 0x00,
    0x7F, 0x00, 0x7F, 0x01, 0x7F, 0x2C, 0x34, 0x00, 0x7F, 0x32, 0x7F, 0x0A, 0x7F, 0x4D, 0x40, 0x00,
    0x7F, 0x32, 0x7F, 0x0A, 0xFF, 0x03, 0x64, 0x26, 0x54, 0x00, 0x78, 0x00, 0x7F, 0x28, 0xFF, 0x33,
    0x5F, 0x02, 0x2D, 0x00, 0x7F, 0x00, 0x7F, 0x28, 0xFF, 0x06, 0x7F, 0x40, 0x5A, 0x00, 0x7F, 0x78,
    0x7F, 0x64, 0x00, 0x00,
};

u8 D_800BEFF0[] = {
    0x78, 0x1E, 0x30, 0x00, 0x7F, 0x00, 0x6E, 0x01, 0x5F, 0x1E, 0x40, 0x00, 0x7F, 0x00, 0x6E, 0x01,
    0x78, 0x19, 0x58, 0x00, 0x7F, 0x00, 0x6E, 0x01, 0x73, 0x40, 0x3C, 0x00, 0x6B, 0x78, 0x50, 0x01,
    0xFF, 0x01, 0x7E, 0x39, 0x24, 0x00, 0x7F, 0x64, 0x78, 0x0F, 0x47, 0x11, 0x37, 0x00, 0x7F, 0x50,
    0x78, 0x0A, 0x48, 0x0C, 0x46, 0x00, 0x7F, 0x50, 0x64, 0x0A, 0x48, 0x0B, 0x51, 0x00, 0x7F, 0x50,
    0x64, 0x0A, 0x4E, 0x01, 0x60, 0x00, 0x7F, 0x50, 0x64, 0x0A, 0x4F, 0x4A, 0x4A, 0x00, 0x7F, 0x78,
    0x55, 0x01, 0x4E, 0x3E, 0x5D, 0x00, 0x7F, 0x78, 0x55, 0x01, 0x4F, 0x3D, 0x69, 0x00, 0x7F, 0x78,
    0x55, 0x01, 0x7F, 0x46, 0x30, 0x00, 0x7F, 0x00, 0x78, 0x01, 0x78, 0x3C, 0x4C, 0x00, 0x7F, 0x00,
    0x78, 0x01, 0x78, 0x37, 0x58, 0x00, 0x7F, 0x00, 0x78, 0x01, 0x58, 0x30, 0x24, 0x00, 0x7F, 0x00,
    0x78, 0x01, 0x5F, 0x30, 0x3C, 0x00, 0x7F, 0x00, 0x78, 0x01, 0x5F, 0x30, 0x54, 0x00, 0x7F, 0x00,
    0x78, 0x01, 0x4C, 0x00, 0x48, 0x00, 0x7F, 0x32, 0x64, 0x01, 0x45, 0x64, 0x54, 0x00, 0x7F, 0x32,
    0x64, 0x01, 0x5A, 0x1E, 0x39, 0x00, 0x7F, 0x7F, 0x7F, 0x01, 0x55, 0x69, 0x48, 0x00, 0x7F, 0x7F,
    0x7F, 0x01, 0x55, 0x3C, 0x54, 0x00, 0x7F, 0x7F, 0x7F, 0x01, 0xFF, 0x03, 0x65, 0x5A, 0x30, 0x00,
    0x7F, 0x7F, 0x7F, 0x01, 0x3D, 0x1E, 0x48, 0x00, 0x7F, 0x7F, 0x7F, 0x0A, 0x43, 0x78, 0x54, 0x00,
    0x7F, 0x7F, 0x7F, 0x01, 0xFF, 0x04, 0x64, 0x46, 0x49, 0x00, 0x7F, 0x00, 0x78, 0x01, 0xFF, 0x24,
    0x5A, 0x3F, 0x26, 0x00, 0x7F, 0x00, 0x78, 0x01, 0x44, 0x41, 0x27, 0x00, 0x7F, 0x78, 0x71, 0x14,
    0xFF, 0x01, 0x55, 0x7F, 0x29, 0x00, 0x7F, 0x00, 0x78, 0x50, 0xFF, 0x01, 0x4C, 0x14, 0x2D, 0x00,
    0x7F, 0x00, 0x7F, 0x50, 0xFF, 0x01, 0x5E, 0x2D, 0x35, 0x00, 0x7F, 0x00, 0x78, 0x01, 0xFF, 0x02,
    0x4B, 0x40, 0x30, 0x00, 0x7F, 0x00, 0x7F, 0x50, 0xFF, 0x03, 0x64, 0x40, 0x34, 0x00, 0x7F, 0x01,
    0x7F, 0x01, 0xFF, 0x03, 0x46, 0x6F, 0x37, 0x00, 0x6E, 0x7F, 0x7F, 0x01, 0xFF, 0x04, 0x7F, 0x3C,
    0x3D, 0x00, 0x7F, 0x00, 0x7F, 0x78, 0x00, 0x00,
};

u8 D_800BF128[] = {
    0x5F, 0x19, 0x30, 0x00, 0x7F, 0x00, 0x6E, 0x01, 0x5A, 0x12, 0x40, 0x00, 0x7F, 0x00, 0x6E, 0x01,
    0x64, 0x0D, 0x58, 0x00, 0x7F, 0x00, 0x6E, 0x01, 0x7F, 0x3D, 0x3C, 0x00, 0x5F, 0x78, 0x7F, 0x01,
    0xFF, 0x01, 0x64, 0x23, 0x24, 0x01, 0x7F, 0x00, 0x7F, 0x01, 0x41, 0x00, 0x37, 0x01, 0x7F, 0x00,
    0x7F, 0x01, 0x50, 0x00, 0x46, 0x01, 0x7F, 0x00, 0x7F, 0x01, 0x50, 0x00, 0x51, 0x01, 0x7F, 0x00,
    0x7F, 0x01, 0x50, 0x00, 0x60, 0x01, 0x7F, 0x00, 0x7F, 0x01, 0x6E, 0x40, 0x4A, 0x00, 0x7F, 0x00,
    0x78, 0x01, 0x64, 0x36, 0x5D, 0x00, 0x7F, 0x00, 0x78, 0x01, 0x64, 0x27, 0x69, 0x00, 0x7F, 0x00,
    0x78, 0x01, 0x7D, 0x4A, 0x30, 0x00, 0x7F, 0x71, 0x64, 0x01, 0x65, 0x4F, 0x4C, 0x01, 0x7F, 0x7F,
    0x2D, 0x01, 0x65, 0x54, 0x58, 0x01, 0x7F, 0x7F, 0x2D, 0x01, 0xFF, 0x03, 0x55, 0x00, 0x48, 0x00,
    0x01, 0x00, 0x7F, 0x01, 0x55, 0x7F, 0x54, 0x00, 0x01, 0x00, 0x7F, 0x01, 0x6B, 0x5C, 0x39, 0x00,
    0x7F, 0x7D, 0x78, 0x01, 0x5A, 0x22, 0x48, 0x00, 0x7F, 0x7D, 0x78, 0x01, 0x5F, 0x61, 0x54, 0x00,
    0x7F, 0x7D, 0x78, 0x01, 0xFF, 0x03, 0x55, 0x43, 0x30, 0x00, 0x7F, 0x00, 0x7F, 0x01, 0x3F, 0x67,
    0x48, 0x00, 0x7F, 0x00, 0x7F, 0x01, 0x41, 0x1D, 0x54, 0x00, 0x7F, 0x00, 0x7F, 0x01, 0xFF, 0x1D,
    0x64, 0x47, 0x3C, 0x00, 0x7F, 0x00, 0x64, 0x01, 0xFF, 0x09, 0x55, 0x46, 0x22, 0x00, 0x7F, 0x00,
    0x6E, 0x01, 0xFF, 0x01, 0x6E, 0x3C, 0x23, 0x00, 0x7F, 0x00, 0x78, 0x1E, 0x53, 0x40, 0x27, 0x00,
    0x7F, 0x7F, 0x00, 0x14, 0xFF, 0x01, 0x5A, 0x00, 0x28, 0x00, 0x7F, 0x00, 0x78, 0x50, 0xFF, 0x01,
    0x69, 0x38, 0x2D, 0x00, 0x7F, 0x00, 0x78, 0x3C, 0x7F, 0x41, 0x2C, 0x00, 0x7F, 0x23, 0x01, 0x01,
    0xFF, 0x01, 0x55, 0x7F, 0x2E, 0x00, 0x7F, 0x00, 0x7F, 0x01, 0xFF, 0x01, 0x55, 0x7E, 0x30, 0x00,
    0x7F, 0x00, 0x7F, 0x32, 0x50, 0x37, 0x32, 0x00, 0x01, 0x01, 0x7F, 0x64, 0x4B, 0x56, 0x32, 0x00,
    0x7F, 0x78, 0x78, 0x01, 0xFF, 0x02, 0x7F, 0x00, 0x29, 0x00, 0x7F, 0x00, 0x78, 0x4B, 0x5B, 0x7E,
    0x35, 0x00, 0x01, 0x01, 0x7F, 0x28, 0xFF, 0x07,
};

u8 D_800BF260[] = {
    0xFF, 0x15, 0x7F, 0x37, 0x39, 0x00, 0x7F, 0x78, 0x7F, 0x64, 0xFF, 0x05, 0x78, 0x50, 0x30, 0x03,
    0x7F, 0x00, 0x7F, 0x37, 0x41, 0x40, 0x48, 0x00, 0x7F, 0x00, 0x7F, 0x2D, 0x55, 0x3C, 0x54, 0x01,
    0x7F, 0x00, 0x7F, 0x2D, 0xFF, 0x0F, 0x7F, 0x2D, 0x54, 0x00, 0x7F, 0x00, 0x7F, 0x64, 0x7F, 0x00,
    0x3C, 0x00, 0x7F, 0x00, 0x7F, 0x64, 0x6E, 0x7F, 0x48, 0x00, 0x7F, 0x00, 0x7F, 0x32, 0xFF, 0x0C,
    0x7D, 0x3C, 0x54, 0x00, 0x7F, 0x00, 0x7F, 0x3C, 0x6E, 0x78, 0x48, 0x00, 0x7F, 0x78, 0x78, 0x32,
    0xFF, 0x0C, 0x78, 0x3C, 0x54, 0x00, 0x7F, 0x32, 0x64, 0x3E, 0xFF, 0x14,
};

u8 D_800BF2BC[] = {
    0xFF, 0x01, 0x53, 0x22, 0x40, 0x00, 0x7F, 0x00, 0x78, 0x01, 0x7C, 0x22, 0x58, 0x00, 0x7F, 0x00,
    0x78, 0x01, 0x6E, 0x40, 0x3C, 0x01, 0x01, 0x01, 0x7F, 0x01, 0xFF, 0x01, 0x35, 0x01, 0x24, 0x00,
    0x7F, 0x78, 0x7F, 0x01, 0x35, 0x01, 0x37, 0x00, 0x7F, 0x78, 0x7F, 0x01, 0x35, 0x01, 0x46, 0x00,
    0x7F, 0x78, 0x7F, 0x01, 0x35, 0x01, 0x51, 0x00, 0x7F, 0x78, 0x7F, 0x01, 0x35, 0x01, 0x60, 0x00,
    0x7F, 0x78, 0x7F, 0x01, 0x6E, 0x50, 0x4A, 0x00, 0x7F, 0x7F, 0x4B, 0x01, 0x6E, 0x32, 0x5D, 0x00,
    0x7F, 0x7F, 0x4B, 0x01, 0x6E, 0x32, 0x69, 0x00, 0x7F, 0x7F, 0x4B, 0x01, 0x55, 0x6B, 0x30, 0x00,
    0x7F, 0x78, 0x46, 0x01, 0x55, 0x6B, 0x4C, 0x00, 0x7F, 0x78, 0x4B, 0x01, 0x55, 0x6B, 0x58, 0x00,
    0x7F, 0x78, 0x4B, 0x01, 0x6E, 0x37, 0x24, 0x00, 0x7F, 0x00, 0x64, 0x01, 0x6E, 0x37, 0x3C, 0x00,
    0x7F, 0x00, 0x64, 0x01, 0x64, 0x37, 0x54, 0x00, 0x7F, 0x00, 0x64, 0x01, 0xFF, 0x03, 0x58, 0x00,
    0x48, 0x00, 0x7F, 0x00, 0x78, 0x01, 0x49, 0x7F, 0x54, 0x00, 0x7F, 0x00, 0x78, 0x01, 0xFF, 0x03,
    0x6E, 0x46, 0x30, 0x00, 0x7F, 0x00, 0x7F, 0x01, 0x44, 0x1A, 0x48, 0x00, 0x7F, 0x00, 0x7F, 0x01,
    0x44, 0x69, 0x54, 0x01, 0x7F, 0x00, 0x7F, 0x01, 0xFF, 0x03, 0x65, 0x28, 0x47, 0x00, 0x7F, 0x00,
    0x7F, 0x01, 0xFF, 0x01, 0x78, 0x30, 0x5D, 0x00, 0x7F, 0x00, 0x7F, 0x01, 0xFF, 0x04, 0x46, 0x40,
    0x48, 0x00, 0x7F, 0x00, 0x7F, 0x01, 0xFF, 0x02, 0x7F, 0x18, 0x30, 0x00, 0x7F, 0x00, 0x7F, 0x01,
    0xFF, 0x04, 0x55, 0x35, 0x30, 0x00, 0x7F, 0x00, 0x7F, 0x01, 0x55, 0x48, 0x3C, 0x00, 0x7F, 0x00,
    0x7F, 0x01, 0x5A, 0x00, 0x48, 0x00, 0x7F, 0x00, 0x7F, 0x01, 0x5A, 0x00, 0x54, 0x00, 0x7F, 0x00,
    0x64, 0x01, 0x5A, 0x00, 0x60, 0x00, 0x7F, 0x00, 0x64, 0x01, 0xFF, 0x0E, 0x4A, 0x27, 0x43, 0x00,
    0x7F, 0x00, 0x64, 0x01, 0x4A, 0x27, 0x50, 0x00, 0x7F, 0x00, 0x64, 0x01, 0xFF, 0x04, 0x46, 0x37,
    0x2D, 0x00, 0x7F, 0x00, 0x7F, 0x0A, 0x73, 0x12, 0x29, 0x00, 0x7F, 0x00, 0x7F, 0x37, 0xFF, 0x01,
    0x73, 0x65, 0x2D, 0x00, 0x7F, 0x00, 0x7F, 0x37, 0xFF, 0x04, 0x73, 0x32, 0x30, 0x00, 0x7F, 0x00,
    0x7F, 0x23, 0xFF, 0x03, 0x65, 0x3E, 0x2D, 0x01, 0x01, 0x00, 0x7F, 0x01, 0xFF, 0x02, 0x37, 0x7F,
    0x32, 0x00, 0x7F, 0x00, 0x7F, 0x0F, 0xFF, 0x02, 0x4B, 0x00, 0x3E, 0x00, 0x7F, 0x00, 0x7F, 0x19,
    0xFF, 0x02, 0x7F, 0x3F, 0x59, 0x00, 0x7F, 0x7D, 0x7F, 0x78, 0x00, 0x00,
};

u8 D_800BF428[] = {
    0x6E, 0x0A, 0x30, 0x00, 0x7F, 0x00, 0x64, 0x01, 0x6E, 0x0A, 0x40, 0x00, 0x7F, 0x00, 0x64, 0x01,
    0x6E, 0x0A, 0x58, 0x00, 0x7F, 0x00, 0x64, 0x01, 0x7F, 0x3C, 0x48, 0x00, 0x05, 0x01, 0x7F, 0x01,
    0xFF, 0x01, 0x55, 0x3C, 0x24, 0x00, 0x7F, 0x00, 0x73, 0x0A, 0x4B, 0x0F, 0x37, 0x00, 0x7F, 0x00,
    0x6B, 0x0A, 0x4B, 0x0A, 0x46, 0x00, 0x7F, 0x00, 0x6B, 0x0A, 0x4B, 0x05, 0x51, 0x00, 0x7F, 0x00,
    0x6B, 0x0A, 0x50, 0x00, 0x60, 0x00, 0x7F, 0x00, 0x6B, 0x0A, 0x6E, 0x28, 0x4A, 0x00, 0x7F, 0x00,
    0x63, 0x01, 0x6E, 0x2D, 0x5D, 0x00, 0x7F, 0x00, 0x63, 0x01, 0x6E, 0x32, 0x69, 0x00, 0x7F, 0x00,
    0x63, 0x01, 0x64, 0x50, 0x30, 0x00, 0x7F, 0x00, 0x7F, 0x01, 0x62, 0x50, 0x4C, 0x00, 0x7F, 0x00,
    0x7F, 0x01, 0x62, 0x50, 0x58, 0x00, 0x7F, 0x00, 0x7F, 0x01, 0x78, 0x14, 0x24, 0x00, 0x7F, 0x00,
    0x6B, 0x01, 0x7F, 0x14, 0x3C, 0x00, 0x7F, 0x00, 0x6B, 0x01, 0x7F, 0x14, 0x54, 0x00, 0x7F, 0x00,
    0x5A, 0x01, 0x4A, 0x19, 0x48, 0x00, 0x7F, 0x00, 0x78, 0x01, 0x4A, 0x64, 0x54, 0x00, 0x7F, 0x00,
    0x78, 0x01, 0x55, 0x28, 0x39, 0x01, 0x7F, 0x00, 0x75, 0x0A, 0x55, 0x55, 0x48, 0x01, 0x7F, 0x00,
    0x75, 0x01, 0x55, 0x50, 0x54, 0x01, 0x7F, 0x00, 0x75, 0x01, 0xFF, 0x03, 0x50, 0x46, 0x30, 0x00,
    0x7F, 0x00, 0x7F, 0x01, 0x4B, 0x00, 0x48, 0x00, 0x7F, 0x00, 0x7F, 0x01, 0x41, 0x6E, 0x54, 0x00,
    0x7F, 0x00, 0x7F, 0x01, 0xFF, 0x06, 0x37, 0x23, 0x34, 0x00, 0x7F, 0x00, 0x78, 0x2D, 0xFF, 0x06,
    0x41, 0x32, 0x30, 0x00, 0x7F, 0x00, 0x7F, 0x01, 0x5F, 0x19, 0x3C, 0x00, 0x7F, 0x00, 0x7F, 0x01,
    0x7D, 0x0A, 0x54, 0x00, 0x7F, 0x01, 0x7F, 0x01, 0xFF, 0x07, 0x4B, 0x40, 0x34, 0x00, 0x7F, 0x00,
    0x78, 0x14, 0x55, 0x28, 0x41, 0x00, 0x7F, 0x00, 0x78, 0x14, 0xFF, 0x04, 0x3C, 0x46, 0x36, 0x00,
    0x7F, 0x00, 0x7F, 0x01, 0xFF, 0x01, 0x7F, 0x40, 0x30, 0x00, 0x7F, 0x00, 0x64, 0x01, 0xFF, 0x07,
    0x4B, 0x40, 0x24, 0x00, 0x7F, 0x00, 0x7F, 0x01, 0x6C, 0x41, 0x26, 0x00, 0x7F, 0x00, 0x64, 0x78,
    0xFF, 0x02, 0x4E, 0x37, 0x28, 0x00, 0x7F, 0x00, 0x7F, 0x32, 0x5F, 0x00, 0x28, 0x00, 0x7F, 0x00,
    0x7F, 0x78, 0x4A, 0x69, 0x38, 0x00, 0x7F, 0x00, 0x6E, 0x01, 0x55, 0x55, 0x2C, 0x00, 0x7F, 0x00,
    0x7F, 0x78, 0x41, 0x05, 0x2C, 0x00, 0x7F, 0x00, 0x7F, 0x01, 0x47, 0x46, 0x30, 0x00, 0x7F, 0x00,
    0x7F, 0x28, 0x46, 0x00, 0x2E, 0x00, 0x7F, 0x00, 0x7F, 0x01, 0x47, 0x46, 0x30, 0x00, 0x7F, 0x00,
    0x7F, 0x28, 0x55, 0x7F, 0x2F, 0x00, 0x7F, 0x00, 0x7F, 0x78, 0x50, 0x00, 0x32, 0x00, 0x7F, 0x00,
    0x7F, 0x64, 0xFF, 0x03, 0x7F, 0x7F, 0x32, 0x00, 0x7F, 0x00, 0x7F, 0x6E, 0x6E, 0x40, 0x39, 0x00,
    0x7F, 0x00, 0x7F, 0x01, 0xFF, 0x01, 0x42, 0x1A, 0x3B, 0x00, 0x7F, 0x01, 0x7F, 0x28, 0x51, 0x5F,
    0x3C, 0x00, 0x7F, 0x01, 0x7F, 0x28, 0xFF, 0x04,
};

u8 D_800BF5D0[] = {
    0x76, 0x14, 0x30, 0x00, 0x7F, 0x6D, 0x50, 0x01, 0x6C, 0x10, 0x40, 0x00, 0x7F, 0x6D, 0x50, 0x01,
    0x76, 0x0A, 0x58, 0x00, 0x7F, 0x6D, 0x50, 0x01, 0x7F, 0x3A, 0x3C, 0x00, 0x6E, 0x14, 0x78, 0x01,
    0xFF, 0x02, 0x46, 0x0F, 0x37, 0x00, 0x7F, 0x00, 0x6E, 0x0F, 0x41, 0x0F, 0x46, 0x00, 0x7F, 0x00,
    0x6E, 0x0F, 0x50, 0x0A, 0x51, 0x00, 0x7F, 0x00, 0x6E, 0x0F, 0x50, 0x0A, 0x60, 0x00, 0x7F, 0x00,
    0x6E, 0x0F, 0x5F, 0x2B, 0x4A, 0x00, 0x7F, 0x78, 0x73, 0x01, 0x5F, 0x28, 0x5D, 0x00, 0x7F, 0x78,
    0x73, 0x01, 0x5F, 0x26, 0x69, 0x00, 0x7F, 0x78, 0x73, 0x01, 0x60, 0x40, 0x30, 0x00, 0x7F, 0x6B,
    0x5D, 0x01, 0x5F, 0x40, 0x4C, 0x00, 0x7F, 0x6B, 0x5D, 0x01, 0x63, 0x40, 0x58, 0x00, 0x7F, 0x6B,
    0x5D, 0x01, 0xFF, 0x03, 0x78, 0x55, 0x48, 0x00, 0x7F, 0x00, 0x3C, 0x01, 0x78, 0x61, 0x54, 0x00,
    0x7F, 0x00, 0x3C, 0x01, 0xFF, 0x03, 0x5F, 0x37, 0x43, 0x00, 0x7F, 0x78, 0x78, 0x01, 0xFF, 0x02,
    0x50, 0x58, 0x30, 0x00, 0x78, 0x78, 0x78, 0x01, 0x49, 0x1E, 0x48, 0x00, 0x7F, 0x78, 0x78, 0x01,
    0x50, 0x73, 0x54, 0x00, 0x7F, 0x78, 0x78, 0x01, 0xFF, 0x18, 0x5F, 0x40, 0x1E, 0x00, 0x7F, 0x01,
    0x7F, 0x0A, 0xFF, 0x0E, 0x4B, 0x41, 0x22, 0x00, 0x7C, 0x7F, 0x7F, 0x01, 0xFF, 0x06, 0x64, 0x2D,
    0x2D, 0x00, 0x7F, 0x00, 0x78, 0x3C, 0xFF, 0x0A, 0x69, 0x40, 0x32, 0x00, 0x01, 0x01, 0x7F, 0x0A,
    0xFF, 0x06, 0x69, 0x40, 0x59, 0x00, 0x7F, 0x78, 0x78, 0x01, 0x00, 0x00,
};

u8 D_800BF6AC[] = {
    0x6C, 0x2D, 0x30, 0x00, 0x7F, 0x01, 0x64, 0x0A, 0x6E, 0x2D, 0x40, 0x00, 0x7F, 0x01, 0x64, 0x0A,
    0x7F, 0x2D, 0x58, 0x00, 0x7F, 0x01, 0x64, 0x0A, 0xFF, 0x02, 0x78, 0x40, 0x24, 0x00, 0x7F, 0x00,
    0x78, 0x19, 0x5A, 0x17, 0x37, 0x00, 0x7F, 0x00, 0x6B, 0x0F, 0x5A, 0x17, 0x46, 0x00, 0x7F, 0x00,
    0x66, 0x0F, 0x5A, 0x17, 0x51, 0x00, 0x7F, 0x00, 0x66, 0x0F, 0x5A, 0x17, 0x60, 0x00, 0x7F, 0x00,
    0x65, 0x0F, 0x6E, 0x32, 0x4A, 0x00, 0x7F, 0x78, 0x5A, 0x05, 0x6E, 0x32, 0x5D, 0x00, 0x7F, 0x78,
    0x5A, 0x05, 0x7F, 0x32, 0x69, 0x00, 0x7F, 0x78, 0x64, 0x05, 0x6E, 0x46, 0x30, 0x00, 0x7F, 0x73,
    0x60, 0x01, 0x5E, 0x4D, 0x4C, 0x00, 0x7F, 0x73, 0x5F, 0x01, 0x52, 0x4D, 0x58, 0x00, 0x7F, 0x73,
    0x5D, 0x01, 0xFF, 0x01, 0x5F, 0x27, 0x3C, 0x00, 0x7F, 0x01, 0x6B, 0x01, 0x7F, 0x27, 0x54, 0x00,
    0x7F, 0x07, 0x64, 0x01, 0x3C, 0x01, 0x48, 0x00, 0x7F, 0x48, 0x64, 0x0A, 0x3C, 0x7F, 0x54, 0x00,
    0x7F, 0x48, 0x64, 0x0A, 0x73, 0x28, 0x39, 0x01, 0x7F, 0x78, 0x75, 0x0F, 0x68, 0x41, 0x48, 0x01,
    0x7F, 0x78, 0x75, 0x0F, 0x72, 0x46, 0x54, 0x01, 0x7F, 0x78, 0x75, 0x0F, 0x46, 0x40, 0x43, 0x00,
    0x7F, 0x00, 0x64, 0x01, 0x55, 0x41, 0x3C, 0x00, 0x6B, 0x6B, 0x64, 0x01, 0x4B, 0x32, 0x48, 0x00,
    0x6B, 0x6B, 0x64, 0x01, 0x5F, 0x46, 0x30, 0x00, 0x7F, 0x01, 0x7F, 0x2D, 0x46, 0x1D, 0x48, 0x00,
    0x7F, 0x01, 0x7F, 0x19, 0x50, 0x5A, 0x54, 0x00, 0x7F, 0x01, 0x7F, 0x19, 0x7F, 0x32, 0x34, 0x00,
    0x7F, 0x7F, 0x7F, 0x01, 0x7F, 0x3C, 0x40, 0x00, 0x7F, 0x7F, 0x7F, 0x01, 0xFF, 0x32, 0x7F, 0x26,
    0x31, 0x00, 0x01, 0x01, 0x7F, 0x01, 0xFF, 0x0B, 0x7F, 0x1E, 0x59, 0x00, 0x7F, 0x7F, 0x6E, 0x79,
};

u8 D_800BF7AC[] = {
    0x73, 0x1E, 0x30, 0x00, 0x7F, 0x78, 0x64, 0x01, 0x5C, 0x1E, 0x40, 0x00, 0x7F, 0x78, 0x64, 0x01,
    0x7F, 0x1E, 0x58, 0x00, 0x7F, 0x78, 0x64, 0x01, 0x78, 0x3C, 0x3C, 0x00, 0x6F, 0x01, 0x7F, 0x01,
    0xFF, 0x01, 0x69, 0x41, 0x24, 0x00, 0x7F, 0x78, 0x78, 0x14, 0x5F, 0x3C, 0x37, 0x00, 0x7F, 0x78,
    0x7F, 0x19, 0x37, 0x0A, 0x46, 0x00, 0x7F, 0x78, 0x7F, 0x19, 0x37, 0x0A, 0x51, 0x00, 0x7F, 0x78,
    0x7D, 0x19, 0x41, 0x05, 0x60, 0x00, 0x7F, 0x78, 0x7D, 0x19, 0xFF, 0x03, 0x46, 0x4B, 0x30, 0x00,
    0x48, 0x78, 0x5A, 0x01, 0xFF, 0x05, 0x5F, 0x00, 0x48, 0x00, 0x7F, 0x01, 0x64, 0x1E, 0x4B, 0x64,
    0x54, 0x00, 0x7F, 0x01, 0x78, 0x1E, 0xFF, 0x03, 0x4B, 0x40, 0x43, 0x00, 0x7F, 0x01, 0x7F, 0x01,
    0x46, 0x2D, 0x3C, 0x00, 0x5F, 0x00, 0x64, 0x01, 0x50, 0x3C, 0x48, 0x00, 0x62, 0x78, 0x64, 0x01,
    0x6E, 0x5A, 0x30, 0x00, 0x7F, 0x7F, 0x7F, 0x01, 0x4B, 0x37, 0x48, 0x00, 0x7F, 0x7F, 0x7F, 0x0A,
    0x41, 0x78, 0x54, 0x00, 0x7F, 0x7F, 0x7F, 0x0F, 0xFF, 0x02, 0x7F, 0x40, 0x59, 0x00, 0x7F, 0x7F,
    0x78, 0x78, 0xFF, 0x0C, 0x69, 0x37, 0x54, 0x00, 0x7F, 0x01, 0x7F, 0x01, 0xFF, 0x17, 0x41, 0x40,
    0x24, 0x00, 0x7F, 0x78, 0x78, 0x01, 0xFF, 0x19,
};

u8 D_800BF864[] = {
    0x67, 0x4A, 0x30, 0x00, 0x7F, 0x55, 0x50, 0x01, 0x67, 0x4A, 0x40, 0x00, 0x7F, 0x55, 0x50, 0x01,
    0x67, 0x4A, 0x58, 0x00, 0x7F, 0x55, 0x50, 0x01, 0x6F, 0x3C, 0x3C, 0x00, 0x4B, 0x01, 0x55, 0x01,
    0xFF, 0x02, 0x32, 0x14, 0x37, 0x00, 0x7F, 0x69, 0x62, 0x01, 0x32, 0x0F, 0x46, 0x00, 0x7F, 0x69,
    0x61, 0x01, 0x32, 0x05, 0x51, 0x00, 0x7F, 0x69, 0x61, 0x01, 0x32, 0x00, 0x60, 0x00, 0x7F, 0x69,
    0x61, 0x01, 0x64, 0x4B, 0x4A, 0x00, 0x7F, 0x5A, 0x50, 0x01, 0x64, 0x50, 0x5D, 0x00, 0x7F, 0x5A,
    0x50, 0x01, 0x64, 0x55, 0x69, 0x00, 0x7F, 0x5A, 0x50, 0x01, 0x55, 0x6E, 0x30, 0x00, 0x7F, 0x5A,
    0x5A, 0x01, 0x55, 0x73, 0x4C, 0x00, 0x7F, 0x5A, 0x5A, 0x01, 0x55, 0x78, 0x58, 0x00, 0x7F, 0x5A,
    0x5A, 0x01, 0x5A, 0x46, 0x24, 0x00, 0x7F, 0x6E, 0x6B, 0x01, 0x5A, 0x50, 0x3C, 0x00, 0x7F, 0x6E,
    0x6B, 0x01, 0x5F, 0x5F, 0x54, 0x00, 0x7F, 0x6E, 0x5A, 0x01, 0x5A, 0x00, 0x48, 0x00, 0x7F, 0x73,
    0x32, 0x01, 0x46, 0x7F, 0x54, 0x00, 0x7F, 0x73, 0x32, 0x01, 0x79, 0x3C, 0x39, 0x00, 0x7F, 0x00,
    0x64, 0x01, 0x7C, 0x3B, 0x48, 0x00, 0x7F, 0x00, 0x64, 0x01, 0x7D, 0x4F, 0x54, 0x00, 0x7F, 0x00,
    0x64, 0x01, 0xFF, 0x03, 0x41, 0x41, 0x30, 0x00, 0x7F, 0x01, 0x7F, 0x01, 0x41, 0x40, 0x48, 0x00,
    0x7F, 0x01, 0x7F, 0x01, 0x50, 0x46, 0x54, 0x00, 0x7F, 0x00, 0x64, 0x01, 0xFF, 0x02, 0x7F, 0x3C,
    0x59, 0x00, 0x7F, 0x01, 0x7F, 0x78, 0xFF, 0x03, 0x2D, 0x00, 0x34, 0x00, 0x7F, 0x41, 0x64, 0x01,
    0xFF, 0x10, 0x44, 0x1F, 0x28, 0x01, 0x7F, 0x0A, 0x5F, 0x01, 0x50, 0x5D, 0x41, 0x00, 0x7F, 0x46,
    0x0F, 0x01, 0x5F, 0x62, 0x52, 0x00, 0x7F, 0x46, 0x0F, 0x01, 0x5A, 0x34, 0x35, 0x00, 0x7F, 0x5A,
    0x5F, 0x01, 0x5A, 0x30, 0x41, 0x00, 0x7F, 0x5A, 0x5F, 0x01, 0x5A, 0x36, 0x4D, 0x00, 0x7F, 0x5A,
    0x5F, 0x01, 0x3A, 0x31, 0x37, 0x00, 0x7F, 0x00, 0x7F, 0x01, 0xFF, 0x06, 0x7D, 0x4B, 0x42, 0x00,
    0x7F, 0x50, 0x75, 0x01, 0xFF, 0x02, 0x3C, 0x40, 0x1E, 0x00, 0x7F, 0x00, 0x7F, 0x01, 0x55, 0x45,
    0x1E, 0x00, 0x7F, 0x64, 0x78, 0x01, 0xFF, 0x03, 0x46, 0x05, 0x29, 0x01, 0x7F, 0x00, 0x7F, 0x1E,
    0xFF, 0x01, 0x46, 0x42, 0x2C, 0x01, 0x7F, 0x00, 0x7F, 0x14, 0xFF, 0x04, 0x57, 0x7E, 0x2F, 0x01,
    0x7F, 0x00, 0x78, 0x1E, 0x74, 0x14, 0x31, 0x00, 0x01, 0x00, 0x7F, 0x01, 0xFF, 0x03, 0x7F, 0x7F,
    0x30, 0x00, 0x7F, 0x00, 0x7F, 0x78, 0x7D, 0x7F, 0x2D, 0x00, 0x01, 0x00, 0x7F, 0x01, 0xFF, 0x06,
    0x7F, 0x40, 0x59, 0x00, 0x7F, 0x00, 0x7F, 0x01,
};

u8 D_800BF9DC[] = {
    0x7F, 0x38, 0x30, 0x00, 0x7F, 0x01, 0x59, 0x01, 0x7F, 0x48, 0x40, 0x00, 0x7F, 0x01, 0x59, 0x01,
    0x7F, 0x5D, 0x58, 0x00, 0x7F, 0x01, 0x59, 0x01, 0x73, 0x40, 0x3C, 0x00, 0x69, 0x00, 0x64, 0x01,
    0xFF, 0x01, 0x63, 0x3C, 0x24, 0x00, 0x7F, 0x01, 0x75, 0x19, 0x4D, 0x2F, 0x37, 0x00, 0x7F, 0x78,
    0x2D, 0x19, 0x5F, 0x24, 0x46, 0x00, 0x7F, 0x01, 0x64, 0x19, 0x61, 0x21, 0x51, 0x00, 0x7F, 0x01,
    0x66, 0x19, 0x61, 0x17, 0x60, 0x00, 0x7F, 0x01, 0x67, 0x19, 0x7F, 0x3F, 0x4A, 0x00, 0x7F, 0x01,
    0x6B, 0x01, 0x7F, 0x44, 0x5D, 0x00, 0x7F, 0x01, 0x3C, 0x01, 0x7F, 0x51, 0x69, 0x00, 0x7F, 0x01,
    0x61, 0x01, 0x7F, 0x55, 0x30, 0x00, 0x7F, 0x00, 0x63, 0x01, 0x7F, 0x6E, 0x4C, 0x00, 0x7F, 0x00,
    0x63, 0x01, 0x7F, 0x73, 0x58, 0x00, 0x7F, 0x00, 0x63, 0x01, 0xFF, 0x03, 0x64, 0x0F, 0x48, 0x00,
    0x7F, 0x00, 0x7F, 0x01, 0x64, 0x55, 0x54, 0x00, 0x7F, 0x00, 0x7F, 0x01, 0x7F, 0x3C, 0x39, 0x00,
    0x7F, 0x01, 0x64, 0x01, 0x7F, 0x41, 0x48, 0x00, 0x7F, 0x01, 0x64, 0x01, 0x7F, 0x46, 0x54, 0x00,
    0x7F, 0x01, 0x64, 0x01, 0xFF, 0x03, 0x78, 0x56, 0x30, 0x01, 0x7F, 0x01, 0x7F, 0x03, 0x4B, 0x1B,
    0x48, 0x00, 0x7F, 0x00, 0x7F, 0x03, 0x4B, 0x7C, 0x54, 0x00, 0x7F, 0x00, 0x7F, 0x03, 0xFF, 0x04,
    0x5F, 0x46, 0x49, 0x00, 0x7F, 0x01, 0x78, 0x01, 0x63, 0x40, 0x48, 0x00, 0x7F, 0x01, 0x7F, 0x01,
    0xFF, 0x2F, 0x78, 0x39, 0x32, 0x00, 0x7F, 0x00, 0x6E, 0x78, 0xFF, 0x0B,
};

u8 D_800BFAB8[] = {
    0x69, 0x2D, 0x30, 0x00, 0x7F, 0x00, 0x7F, 0x14, 0x5A, 0x3C, 0x40, 0x00, 0x7F, 0x00, 0x7F, 0x14,
    0x73, 0x32, 0x58, 0x00, 0x7F, 0x00, 0x7F, 0x14, 0x7F, 0x40, 0x3C, 0x00, 0x64, 0x78, 0x7F, 0x0A,
    0xFF, 0x02, 0x65, 0x23, 0x37, 0x00, 0x7F, 0x7F, 0x7F, 0x19, 0x46, 0x13, 0x46, 0x00, 0x7F, 0x7F,
    0x7F, 0x14, 0x49, 0x11, 0x51, 0x00, 0x7F, 0x7F, 0x7F, 0x14, 0x48, 0x0F, 0x60, 0x00, 0x7F, 0x7F,
    0x7F, 0x14, 0x64, 0x50, 0x4A, 0x00, 0x7F, 0x00, 0x7F, 0x01, 0x69, 0x50, 0x5D, 0x00, 0x7F, 0x00,
    0x7F, 0x01, 0xFF, 0x01, 0x73, 0x5F, 0x30, 0x00, 0x7F, 0x01, 0x78, 0x01, 0x76, 0x64, 0x4C, 0x00,
    0x7F, 0x01, 0x78, 0x01, 0x78, 0x69, 0x58, 0x00, 0x7F, 0x01, 0x78, 0x01, 0x40, 0x4B, 0x24, 0x00,
    0x7F, 0x7F, 0x50, 0x01, 0x40, 0x46, 0x3C, 0x00, 0x7F, 0x7F, 0x50, 0x01, 0x78, 0x46, 0x54, 0x00,
    0x7F, 0x7F, 0x50, 0x01, 0xFF, 0x08, 0x78, 0x40, 0x30, 0x00, 0x7F, 0x00, 0x78, 0x0A, 0x64, 0x27,
    0x48, 0x00, 0x7F, 0x00, 0x78, 0x0F, 0x50, 0x5A, 0x54, 0x00, 0x7F, 0x00, 0x78, 0x0A, 0xFF, 0x02,
    0x65, 0x40, 0x59, 0x00, 0x7F, 0x08, 0x7F, 0x32, 0xFF, 0x02, 0x78, 0x3C, 0x4B, 0x00, 0x7F, 0x00,
    0x7D, 0x01, 0xFF, 0x03, 0x5A, 0x40, 0x01, 0x00, 0x7F, 0x01, 0x64, 0x01, 0xFF, 0x07, 0x64, 0x7F,
    0x48, 0x00, 0x7F, 0x7F, 0x7F, 0x19, 0xFF, 0x08, 0x69, 0x28, 0x35, 0x00, 0x7F, 0x00, 0x7F, 0x01,
    0x69, 0x28, 0x41, 0x00, 0x7F, 0x00, 0x7F, 0x01, 0x69, 0x28, 0x4D, 0x00, 0x7F, 0x00, 0x7F, 0x01,
    0xFF, 0x0A, 0x5A, 0x40, 0x26, 0x00, 0x01, 0x00, 0x7F, 0x01, 0xFF, 0x01, 0x7F, 0x40, 0x26, 0x00,
    0x7F, 0x00, 0x7F, 0x01, 0xFF, 0x02, 0x78, 0x00, 0x30, 0x00, 0x7F, 0x7F, 0x6E, 0x1E, 0xFF, 0x01,
    0x6E, 0x5F, 0x2D, 0x00, 0x7F, 0x00, 0x7F, 0x50, 0x7F, 0x2D, 0x2C, 0x00, 0x7F, 0x23, 0x01, 0x01,
    0xFF, 0x01, 0x7F, 0x69, 0x2E, 0x00, 0x7F, 0x00, 0x7F, 0x14, 0x5F, 0x64, 0x42, 0x00, 0x7F, 0x50,
    0x75, 0x01, 0x6E, 0x37, 0x30, 0x00, 0x7F, 0x00, 0x7F, 0x28, 0xFF, 0x0D,
};

u8 D_800BFBE4[] = {
    0x50, 0x1E, 0x30, 0x00, 0x7F, 0x00, 0x6E, 0x2D, 0x50, 0x19, 0x40, 0x00, 0x7F, 0x00, 0x6E, 0x2D,
    0x50, 0x0F, 0x58, 0x00, 0x7F, 0x00, 0x6E, 0x2D, 0x64, 0x40, 0x3C, 0x00, 0x7F, 0x00, 0x7F, 0x01,
    0xFF, 0x02, 0x4B, 0x14, 0x37, 0x00, 0x7F, 0x00, 0x78, 0x1E, 0x3C, 0x14, 0x46, 0x00, 0x7F, 0x00,
    0x78, 0x1E, 0x3C, 0x0F, 0x51, 0x00, 0x7F, 0x00, 0x78, 0x1E, 0x3C, 0x0A, 0x60, 0x00, 0x7F, 0x00,
    0x78, 0x1E, 0x6B, 0x44, 0x4A, 0x00, 0x7F, 0x00, 0x6E, 0x0F, 0x6B, 0x45, 0x5D, 0x00, 0x7F, 0x00,
    0x6E, 0x0F, 0x6B, 0x46, 0x69, 0x00, 0x7F, 0x00, 0x6E, 0x0F, 0x73, 0x3C, 0x30, 0x00, 0x7F, 0x00,
    0x73, 0x1E, 0x73, 0x30, 0x4C, 0x00, 0x7F, 0x00, 0x7D, 0x14, 0xFF, 0x02, 0x64, 0x4B, 0x3C, 0x00,
    0x7F, 0x00, 0x7D, 0x01, 0x65, 0x4B, 0x54, 0x00, 0x7F, 0x00, 0x7D, 0x01, 0xFF, 0x02, 0x76, 0x4C,
    0x39, 0x00, 0x01, 0x01, 0x73, 0x46, 0x7F, 0x29, 0x48, 0x00, 0x01, 0x01, 0x64, 0x14, 0x7F, 0x47,
    0x54, 0x00, 0x7F, 0x00, 0x64, 0x0A, 0x6E, 0x50, 0x43, 0x00, 0x7F, 0x00, 0x7F, 0x01, 0x55, 0x37,
    0x3C, 0x00, 0x7F, 0x00, 0x64, 0x01, 0x55, 0x37, 0x48, 0x00, 0x7F, 0x00, 0x64, 0x01, 0x78, 0x40,
    0x30, 0x00, 0x7F, 0x00, 0x7F, 0x0F, 0x50, 0x1E, 0x48, 0x00, 0x7F, 0x00, 0x7F, 0x0F, 0x4B, 0x6E,
    0x54, 0x00, 0x7F, 0x00, 0x7F, 0x0F, 0x78, 0x56, 0x34, 0x00, 0x7F, 0x00, 0x7F, 0x01, 0xFF, 0x02,
    0x64, 0x40, 0x3B, 0x00, 0x7F, 0x00, 0x7F, 0x01, 0x5F, 0x40, 0x49, 0x00, 0x7F, 0x00, 0x7F, 0x01,
    0x6E, 0x40, 0x44, 0x00, 0x7F, 0x00, 0x7F, 0x01, 0xFF, 0x04, 0x46, 0x40, 0x3C, 0x01, 0x7F, 0x01,
    0x7F, 0x01, 0xFF, 0x02, 0x7F, 0x31, 0x30, 0x00, 0x7F, 0x00, 0x64, 0x78, 0xFF, 0x02, 0x78, 0x40,
    0x48, 0x00, 0x7F, 0x7F, 0x7F, 0x01, 0xFF, 0x06, 0x5F, 0x3C, 0x34, 0x00, 0x7F, 0x00, 0x7F, 0x01,
    0x48, 0x46, 0x41, 0x00, 0x7F, 0x00, 0x7F, 0x01, 0xFF, 0x07, 0x7F, 0x35, 0x3D, 0x00, 0x7F, 0x01,
    0x64, 0x01, 0xFF, 0x03, 0x78, 0x7F, 0x42, 0x00, 0x7F, 0x01, 0x7F, 0x0F, 0xFF, 0x04, 0x73, 0x3C,
    0x26, 0x00, 0x7F, 0x00, 0x78, 0x1E, 0xFF, 0x02, 0x73, 0x00, 0x28, 0x00, 0x7F, 0x00, 0x7F, 0x3C,
    0xFF, 0x02, 0x7F, 0x00, 0x2C, 0x00, 0x7F, 0x23, 0x01, 0x01, 0x5F, 0x7F, 0x27, 0x00, 0x7F, 0x00,
    0x78, 0x32, 0x64, 0x6D, 0x2E, 0x00, 0x7F, 0x00, 0x7F, 0x14, 0x58, 0x37, 0x30, 0x00, 0x7F, 0x00,
    0x7F, 0x01, 0x73, 0x37, 0x2D, 0x00, 0x7F, 0x00, 0x78, 0x3C, 0x7F, 0x00, 0x31, 0x00, 0x01, 0x01,
    0x7F, 0x6E, 0xFF, 0x02, 0x7F, 0x40, 0x37, 0x00, 0x7F, 0x00, 0x7F, 0x01, 0xFF, 0x03, 0x55, 0x00,
    0x41, 0x00, 0x7F, 0x00, 0x7F, 0x01, 0x4B, 0x7F, 0x39, 0x00, 0x7F, 0x00, 0x7F, 0x01, 0xFF, 0x03,
    0x7F, 0x1E, 0x59, 0x00, 0x7F, 0x78, 0x7F, 0x78,
};

u8 D_800BFD7C[] = {
    0x7D, 0x23, 0x30, 0x00, 0x7F, 0x78, 0x7F, 0x01, 0x7D, 0x23, 0x40, 0x00, 0x7F, 0x78, 0x7F, 0x01,
    0x7F, 0x23, 0x58, 0x00, 0x7F, 0x78, 0x7F, 0x01, 0x7F, 0x4B, 0x3C, 0x00, 0x6E, 0x7F, 0x7F, 0x01,
    0xFF, 0x01, 0x6E, 0x32, 0x24, 0x00, 0x7F, 0x78, 0x64, 0x01, 0x72, 0x28, 0x37, 0x00, 0x7F, 0x78,
    0x64, 0x03, 0x6B, 0x19, 0x46, 0x00, 0x7F, 0x7F, 0x64, 0x03, 0x6E, 0x19, 0x51, 0x00, 0x7F, 0x7F,
    0x64, 0x03, 0x6E, 0x0F, 0x60, 0x00, 0x7F, 0x7F, 0x64, 0x03, 0x7C, 0x46, 0x4A, 0x00, 0x7F, 0x46,
    0x4B, 0x01, 0x7C, 0x46, 0x5D, 0x00, 0x7F, 0x46, 0x4B, 0x01, 0x7C, 0x46, 0x69, 0x00, 0x7F, 0x46,
    0x4B, 0x01, 0x7F, 0x40, 0x30, 0x00, 0x7F, 0x7F, 0x50, 0x01, 0x7F, 0x5F, 0x4C, 0x00, 0x7F, 0x7F,
    0x50, 0x01, 0x7F, 0x5F, 0x58, 0x00, 0x7F, 0x7F, 0x50, 0x01, 0x51, 0x37, 0x24, 0x00, 0x7F, 0x7F,
    0x50, 0x01, 0x55, 0x3C, 0x3C, 0x00, 0x7F, 0x7F, 0x50, 0x01, 0x57, 0x46, 0x54, 0x00, 0x7F, 0x7F,
    0x50, 0x01, 0x51, 0x50, 0x48, 0x00, 0x7F, 0x0A, 0x50, 0x01, 0x51, 0x7F, 0x54, 0x00, 0x7F, 0x14,
    0x50, 0x01, 0xFF, 0x03, 0x50, 0x1E, 0x43, 0x00, 0x7F, 0x7F, 0x7F, 0x01, 0x4B, 0x00, 0x3C, 0x00,
    0x7F, 0x7F, 0x7F, 0x01, 0x50, 0x7F, 0x48, 0x00, 0x7F, 0x7F, 0x7F, 0x01, 0x65, 0x46, 0x2D, 0x00,
    0x7F, 0x00, 0x78, 0x01, 0x64, 0x30, 0x48, 0x00, 0x7F, 0x00, 0x78, 0x01, 0x65, 0x50, 0x54, 0x00,
    0x7F, 0x00, 0x78, 0x01, 0xFF, 0x12, 0x7F, 0x3C, 0x30, 0x00, 0x7F, 0x00, 0x7F, 0x01, 0x78, 0x7F,
    0x3C, 0x00, 0x7F, 0x00, 0x7F, 0x01, 0x7F, 0x00, 0x48, 0x00, 0x7F, 0x00, 0x7F, 0x01, 0x7F, 0x32,
    0x54, 0x00, 0x7F, 0x00, 0x7F, 0x01, 0x7F, 0x5A, 0x60, 0x00, 0x7F, 0x00, 0x6E, 0x01, 0xFF, 0x0D,
    0x6C, 0x40, 0x42, 0x01, 0x00, 0x00, 0x7F, 0x01, 0x62, 0x50, 0x43, 0x00, 0x7F, 0x01, 0x7F, 0x01,
    0x62, 0x46, 0x50, 0x00, 0x7F, 0x01, 0x7F, 0x01, 0xFF, 0x0D, 0x6E, 0x00, 0x31, 0x00, 0x01, 0x01,
    0x7F, 0x14, 0xFF, 0x03, 0x7F, 0x00, 0x34, 0x00, 0x01, 0x01, 0x7F, 0x78, 0xFF, 0x07, 0x7F, 0x3C,
    0x59, 0x00, 0x7F, 0x7F, 0x7F, 0x7F, 0x00, 0x00,
};

u8 D_800BFEB4[] = {
    0x48, 0x19, 0x30, 0x00, 0x7F, 0x7F, 0x6E, 0x01, 0x48, 0x18, 0x40, 0x00, 0x7F, 0x7F, 0x6E, 0x01,
    0x48, 0x17, 0x58, 0x00, 0x7F, 0x7F, 0x6E, 0x01, 0x65, 0x3F, 0x3C, 0x00, 0x58, 0x01, 0x7F, 0x01,
    0xFF, 0x01, 0x50, 0x23, 0x24, 0x00, 0x7F, 0x6E, 0x78, 0x01, 0x6E, 0x19, 0x37, 0x00, 0x7F, 0x78,
    0x78, 0x01, 0x41, 0x0A, 0x46, 0x00, 0x7F, 0x6E, 0x78, 0x01, 0x55, 0x05, 0x51, 0x00, 0x7F, 0x6E,
    0x78, 0x01, 0x7D, 0x00, 0x60, 0x00, 0x7F, 0x78, 0x7D, 0x0A, 0x69, 0x30, 0x4A, 0x00, 0x7F, 0x78,
    0x50, 0x01, 0x69, 0x2F, 0x5D, 0x00, 0x7F, 0x78, 0x50, 0x01, 0x6E, 0x2E, 0x69, 0x00, 0x7F, 0x78,
    0x50, 0x01, 0x6E, 0x4C, 0x30, 0x00, 0x7F, 0x00, 0x73, 0x01, 0x6E, 0x6F, 0x4C, 0x00, 0x7F, 0x00,
    0x73, 0x01, 0x6E, 0x71, 0x58, 0x00, 0x7F, 0x00, 0x73, 0x01, 0xFF, 0x03, 0x5F, 0x43, 0x48, 0x00,
    0x01, 0x01, 0x7F, 0x01, 0x41, 0x7D, 0x54, 0x00, 0x01, 0x01, 0x7F, 0x01, 0x5A, 0x3E, 0x39, 0x00,
    0x7F, 0x00, 0x78, 0x01, 0x5A, 0x26, 0x48, 0x00, 0x7F, 0x00, 0x78, 0x01, 0x4B, 0x63, 0x54, 0x00,
    0x7F, 0x00, 0x78, 0x01, 0xFF, 0x01, 0x50, 0x22, 0x3C, 0x00, 0x7F, 0x00, 0x7F, 0x01, 0x4B, 0x4A,
    0x48, 0x00, 0x7F, 0x00, 0x7F, 0x01, 0xFF, 0x01, 0x57, 0x45, 0x48, 0x00, 0x7F, 0x00, 0x78, 0x01,
    0xFF, 0x0E, 0x55, 0x7E, 0x31, 0x00, 0x7F, 0x00, 0x7F, 0x01, 0xFF, 0x04, 0x6E, 0x00, 0x30, 0x00,
    0x7F, 0x01, 0x0A, 0x01, 0x6E, 0x50, 0x3C, 0x00, 0x7F, 0x00, 0x78, 0x01, 0xFF, 0x08, 0x3C, 0x32,
    0x4D, 0x00, 0x7F, 0x00, 0x7F, 0x01, 0x6E, 0x42, 0x3C, 0x00, 0x7F, 0x00, 0x64, 0x01, 0xFF, 0x01,
    0x64, 0x40, 0x3C, 0x00, 0x7F, 0x00, 0x7F, 0x01, 0xFF, 0x05, 0x58, 0x3B, 0x43, 0x00, 0x7F, 0x00,
    0x64, 0x01, 0x58, 0x3B, 0x50, 0x00, 0x7F, 0x00, 0x64, 0x01, 0x50, 0x40, 0x26, 0x00, 0x7F, 0x00,
    0x7F, 0x01, 0xFF, 0x01, 0x78, 0x40, 0x26, 0x00, 0x7F, 0x78, 0x7F, 0x14, 0x50, 0x37, 0x27, 0x00,
    0x7F, 0x00, 0x7F, 0x28, 0xFF, 0x01, 0x58, 0x14, 0x29, 0x00, 0x7F, 0x00, 0x7F, 0x64, 0x55, 0x37,
    0x3C, 0x00, 0x7F, 0x7F, 0x7F, 0x01, 0x58, 0x6E, 0x2D, 0x00, 0x7F, 0x00, 0x7F, 0x64, 0x78, 0x29,
    0x2C, 0x00, 0x7F, 0x23, 0x01, 0x01, 0xFF, 0x01, 0x78, 0x6D, 0x2E, 0x00, 0x7F, 0x00, 0x7F, 0x14,
    0xFF, 0x01, 0x58, 0x32, 0x37, 0x00, 0x7F, 0x00, 0x7F, 0x32, 0x5F, 0x01, 0x31, 0x00, 0x01, 0x01,
    0x7F, 0x5F, 0x64, 0x3D, 0x32, 0x00, 0x7F, 0x00, 0x7F, 0x0F, 0xFF, 0x02, 0x7F, 0x00, 0x2A, 0x00,
    0x7F, 0x00, 0x7F, 0x64, 0x62, 0x7F, 0x39, 0x00, 0x01, 0x01, 0x7F, 0x5F, 0xFF, 0x07, 0x00, 0x00,
};

u8 D_800C0034[] = {
    0xFF, 0x13, 0x3C, 0x7F, 0x48, 0x00, 0x7F, 0x01, 0x7F, 0x28, 0x3C, 0x00, 0x54, 0x00, 0x7F, 0x01,
    0x7F, 0x28, 0xFF, 0x1B, 0x78, 0x40, 0x30, 0x00, 0x7F, 0x00, 0x64, 0x32, 0x78, 0x40, 0x3C, 0x00,
    0x7F, 0x00, 0x64, 0x32, 0x78, 0x40, 0x48, 0x00, 0x7F, 0x00, 0x64, 0x32, 0x78, 0x40, 0x54, 0x00,
    0x7F, 0x00, 0x64, 0x32, 0x78, 0x40, 0x60, 0x00, 0x7F, 0x00, 0x64, 0x32, 0xFF, 0x07, 0x7F, 0x3C,
    0x54, 0x00, 0x7F, 0x00, 0x7F, 0x5A, 0xFF, 0x06, 0x64, 0x1E, 0x43, 0x00, 0x7F, 0x00, 0x7F, 0x23,
    0x5F, 0x55, 0x50, 0x00, 0x7F, 0x00, 0x7F, 0x23, 0xFF, 0x1A, 0x00, 0x00,
};

u8 D_800C0090[] = {
    0xFF, 0x03, 0x78, 0x44, 0x3C, 0x01, 0x7F, 0x7D, 0x6E, 0x01, 0xFF, 0x01, 0x58, 0x3C, 0x24, 0x01,
    0x7F, 0x1E, 0x41, 0x01, 0x58, 0x23, 0x37, 0x01, 0x7F, 0x1E, 0x41, 0x01, 0x55, 0x28, 0x46, 0x01,
    0x7F, 0x1E, 0x41, 0x01, 0x56, 0x23, 0x51, 0x01, 0x7F, 0x1E, 0x41, 0x01, 0x57, 0x32, 0x60, 0x01,
    0x7F, 0x1E, 0x41, 0x01, 0x69, 0x46, 0x4A, 0x01, 0x7F, 0x00, 0x64, 0x01, 0x69, 0x46, 0x5D, 0x01,
    0x7F, 0x00, 0x64, 0x01, 0x69, 0x46, 0x69, 0x01, 0x7F, 0x00, 0x64, 0x01, 0xFF, 0x03, 0x7F, 0x2D,
    0x24, 0x01, 0x7F, 0x00, 0x7F, 0x19, 0x6B, 0x50, 0x3C, 0x01, 0x7F, 0x00, 0x7F, 0x19, 0x7F, 0x4B,
    0x54, 0x01, 0x7F, 0x00, 0x7F, 0x19, 0x5A, 0x2D, 0x48, 0x01, 0x7F, 0x01, 0x64, 0x28, 0x50, 0x2D,
    0x54, 0x01, 0x7F, 0x01, 0x64, 0x28, 0xFF, 0x05, 0x4F, 0x5F, 0x48, 0x00, 0x7F, 0x14, 0x64, 0x01,
    0x50, 0x4A, 0x30, 0x00, 0x7F, 0x7F, 0x78, 0x01, 0x4C, 0x5B, 0x48, 0x00, 0x7F, 0x7F, 0x78, 0x01,
    0x50, 0x65, 0x54, 0x00, 0x7F, 0x7F, 0x78, 0x01, 0xFF, 0x02, 0x7D, 0x3C, 0x59, 0x00, 0x7F, 0x50,
    0x5A, 0x14, 0x7D, 0x4C, 0x3D, 0x00, 0x7F, 0x00, 0x64, 0x01, 0x64, 0x13, 0x49, 0x01, 0x7F, 0x00,
    0x7F, 0x01, 0xFF, 0x08, 0x74, 0x1C, 0x30, 0x00, 0x7F, 0x00, 0x64, 0x01, 0x6E, 0x1C, 0x3C, 0x00,
    0x7F, 0x00, 0x7F, 0x01, 0xFF, 0x01, 0x65, 0x40, 0x3C, 0x01, 0x7F, 0x00, 0x64, 0x01, 0xFF, 0x0A,
    0x4E, 0x25, 0x41, 0x01, 0x7F, 0x6E, 0x64, 0x01, 0x4B, 0x25, 0x4D, 0x01, 0x7F, 0x6E, 0x64, 0x01,
    0x7F, 0x2D, 0x3C, 0x01, 0x7F, 0x00, 0x5F, 0x01, 0xFF, 0x06, 0x78, 0x2D, 0x42, 0x00, 0x7F, 0x50,
    0x75, 0x01, 0x5A, 0x36, 0x43, 0x01, 0x7F, 0x00, 0x7F, 0x01, 0x5A, 0x53, 0x50, 0x01, 0x7F, 0x00,
    0x7F, 0x01, 0x3F, 0x35, 0x25, 0x00, 0x7F, 0x00, 0x7F, 0x01, 0xFF, 0x01, 0x61, 0x41, 0x26, 0x00,
    0x7F, 0x00, 0x7F, 0x64, 0x7C, 0x19, 0x27, 0x01, 0x7F, 0x00, 0x6F, 0x01, 0xFF, 0x01, 0x66, 0x00,
    0x26, 0x00, 0x7F, 0x73, 0x7F, 0x50, 0xFF, 0x02, 0x78, 0x0A, 0x2B, 0x00, 0x7F, 0x00, 0x7F, 0x01,
    0x46, 0x64, 0x29, 0x00, 0x7F, 0x00, 0x7F, 0x01, 0x7F, 0x2D, 0x2C, 0x00, 0x7F, 0x00, 0x7F, 0x01,
    0xFF, 0x03, 0x5A, 0x00, 0x36, 0x00, 0x7F, 0x7F, 0x32, 0x05, 0xFF, 0x04, 0x4B, 0x4F, 0x37, 0x00,
    0x7F, 0x00, 0x7F, 0x01, 0xFF, 0x01, 0x34, 0x05, 0x33, 0x00, 0x7F, 0x00, 0x7F, 0x64, 0xFF, 0x03,
    0x5C, 0x46, 0x59, 0x00, 0x7F, 0x7F, 0x7F, 0x01,
};

u8 D_800C01F8[] = {
    0xFF, 0x0A, 0x5F, 0x28, 0x4A, 0x01, 0x7F, 0x00, 0x64, 0x01, 0x5F, 0x32, 0x5D, 0x01, 0x7F, 0x00,
    0x64, 0x01, 0x5F, 0x41, 0x69, 0x01, 0x7F, 0x00, 0x64, 0x01, 0xFF, 0x06, 0x60, 0x0F, 0x48, 0x00,
    0x7F, 0x00, 0x64, 0x28, 0x5C, 0x69, 0x54, 0x00, 0x7F, 0x00, 0x64, 0x28, 0xFF, 0x06, 0x5F, 0x46,
    0x30, 0x00, 0x7F, 0x50, 0x7F, 0x0F, 0x45, 0x32, 0x48, 0x00, 0x7F, 0x50, 0x7F, 0x01, 0x4B, 0x32,
    0x54, 0x00, 0x7F, 0x50, 0x7F, 0x01, 0xFF, 0x02, 0x7A, 0x3C, 0x6E, 0x00, 0x7F, 0x50, 0x7F, 0x14,
    0xFF, 0x0B, 0x5C, 0x3C, 0x3C, 0x00, 0x7F, 0x00, 0x64, 0x01, 0xFF, 0x0B, 0x7D, 0x23, 0x35, 0x00,
    0x7F, 0x00, 0x64, 0x07, 0x7D, 0x23, 0x41, 0x00, 0x7F, 0x00, 0x64, 0x07, 0x7D, 0x23, 0x4D, 0x00,
    0x7F, 0x00, 0x64, 0x07, 0xFF, 0x03, 0x78, 0x40, 0x3C, 0x00, 0x7F, 0x00, 0x64, 0x01, 0xFF, 0x04,
    0x4E, 0x37, 0x43, 0x00, 0x7F, 0x00, 0x7F, 0x23, 0x4B, 0x52, 0x50, 0x00, 0x7F, 0x00, 0x7F, 0x23,
    0x3C, 0x46, 0x23, 0x00, 0x7F, 0x00, 0x7F, 0x01, 0xFF, 0x01, 0x55, 0x3C, 0x26, 0x00, 0x7F, 0x78,
    0x78, 0x01, 0xFF, 0x03, 0x55, 0x7F, 0x26, 0x00, 0x7F, 0x78, 0x78, 0x01, 0xFF, 0x01, 0x5A, 0x40,
    0x2B, 0x00, 0x7F, 0x00, 0x7F, 0x01, 0xFF, 0x01, 0x3C, 0x00, 0x2D, 0x00, 0x7F, 0x00, 0x7F, 0x01,
    0xFF, 0x0F, 0x00, 0x00,
};

u8 D_800C02BC[] = {
    0x7F, 0x46, 0x30, 0x01, 0x7F, 0x00, 0x64, 0x01, 0x7F, 0x4B, 0x40, 0x01, 0x7F, 0x00, 0x64, 0x01,
    0x7F, 0x4B, 0x58, 0x01, 0x7F, 0x00, 0x64, 0x01, 0x6E, 0x46, 0x3C, 0x00, 0x7D, 0x00, 0x78, 0x01,
    0xFF, 0x01, 0x56, 0x32, 0x24, 0x00, 0x7F, 0x64, 0x7F, 0x05, 0x4A, 0x23, 0x37, 0x00, 0x7F, 0x64,
    0x6E, 0x05, 0x3C, 0x23, 0x46, 0x00, 0x7F, 0x6E, 0x64, 0x05, 0x3B, 0x23, 0x51, 0x00, 0x7F, 0x6E,
    0x6E, 0x05, 0x3E, 0x19, 0x60, 0x00, 0x7F, 0x6E, 0x6E, 0x05, 0x69, 0x55, 0x4A, 0x00, 0x7F, 0x78,
    0x64, 0x01, 0x64, 0x5F, 0x5D, 0x00, 0x7F, 0x78, 0x64, 0x01, 0x5A, 0x69, 0x69, 0x00, 0x7F, 0x78,
    0x64, 0x01, 0xFF, 0x06, 0x31, 0x56, 0x48, 0x00, 0x7F, 0x64, 0x7F, 0x01, 0x31, 0x7F, 0x54, 0x00,
    0x7F, 0x64, 0x7F, 0x01, 0x5A, 0x28, 0x39, 0x00, 0x7F, 0x00, 0x7F, 0x01, 0x56, 0x5F, 0x48, 0x00,
    0x7F, 0x00, 0x7F, 0x01, 0x58, 0x73, 0x54, 0x00, 0x7F, 0x00, 0x7F, 0x01, 0x41, 0x3C, 0x43, 0x00,
    0x7F, 0x78, 0x78, 0x01, 0x78, 0x64, 0x3C, 0x00, 0x7F, 0x00, 0x64, 0x01, 0x78, 0x40, 0x48, 0x00,
    0x7F, 0x00, 0x64, 0x01, 0x64, 0x3C, 0x30, 0x00, 0x7F, 0x6E, 0x7F, 0x0F, 0x32, 0x0A, 0x48, 0x00,
    0x7F, 0x78, 0x7F, 0x1E, 0x37, 0x7F, 0x54, 0x00, 0x7F, 0x6E, 0x7F, 0x0F, 0x66, 0x1E, 0x34, 0x00,
    0x7F, 0x7F, 0x7F, 0x01, 0x65, 0x78, 0x40, 0x00, 0x78, 0x7F, 0x7F, 0x01, 0xFF, 0x03, 0x41, 0x37,
    0x3C, 0x00, 0x7F, 0x00, 0x64, 0x01, 0xFF, 0x02, 0x50, 0x40, 0x24, 0x00, 0x6E, 0x01, 0x7F, 0x01,
    0x46, 0x3C, 0x3C, 0x00, 0x7F, 0x00, 0x7F, 0x01, 0xFF, 0x13, 0x41, 0x22, 0x3C, 0x00, 0x7F, 0x00,
    0x64, 0x01, 0xFF, 0x07, 0x50, 0x2D, 0x43, 0x00, 0x7F, 0x00, 0x64, 0x01, 0x50, 0x60, 0x50, 0x00,
    0x7F, 0x00, 0x64, 0x01, 0x3C, 0x3C, 0x21, 0x00, 0x7F, 0x00, 0x7F, 0x01, 0xFF, 0x03, 0x41, 0x23,
    0x3C, 0x00, 0x7F, 0x00, 0x64, 0x01, 0xFF, 0x07, 0x50, 0x2D, 0x43, 0x00, 0x7F, 0x00, 0x64, 0x01,
    0x50, 0x5F, 0x50, 0x00, 0x7F, 0x00, 0x64, 0x01, 0x5F, 0x40, 0x21, 0x00, 0x7F, 0x64, 0x64, 0x01,
    0xFF, 0x0B, 0x00, 0x00,
};

u8 D_800C03F0[] = {
    0x7D, 0x3C, 0x30, 0x00, 0x7F, 0x00, 0x64, 0x05, 0x7D, 0x3C, 0x40, 0x00, 0x7F, 0x00, 0x64, 0x05,
    0x7D, 0x3C, 0x58, 0x00, 0x7F, 0x00, 0x64, 0x05, 0x75, 0x46, 0x3C, 0x00, 0x7F, 0x00, 0x7F, 0x01,
    0xFF, 0x03, 0x51, 0x05, 0x46, 0x01, 0x7F, 0x5A, 0x64, 0x0F, 0x51, 0x05, 0x51, 0x01, 0x7F, 0x5A,
    0x64, 0x0F, 0x5A, 0x05, 0x60, 0x01, 0x7F, 0x5A, 0x64, 0x0F, 0x69, 0x4B, 0x4A, 0x02, 0x7F, 0x32,
    0x6B, 0x14, 0x69, 0x41, 0x5D, 0x02, 0x7F, 0x32, 0x6B, 0x14, 0x5F, 0x3C, 0x69, 0x02, 0x7F, 0x32,
    0x6B, 0x14, 0x73, 0x40, 0x30, 0x00, 0x7F, 0x1E, 0x5F, 0x05, 0x73, 0x4A, 0x4C, 0x00, 0x7F, 0x1E,
    0x5F, 0x05, 0x73, 0x54, 0x58, 0x00, 0x7F, 0x1E, 0x5F, 0x05, 0x7F, 0x40, 0x24, 0x00, 0x7F, 0x00,
    0x73, 0x01, 0x7F, 0x40, 0x3C, 0x00, 0x7F, 0x00, 0x73, 0x01, 0x7F, 0x40, 0x54, 0x00, 0x7F, 0x00,
    0x73, 0x01, 0x7F, 0x55, 0x48, 0x00, 0x7F, 0x00, 0x64, 0x28, 0x7F, 0x78, 0x54, 0x00, 0x7F, 0x00,
    0x64, 0x28, 0xFF, 0x09, 0x64, 0x32, 0x34, 0x00, 0x7F, 0x64, 0x7F, 0x0A, 0x69, 0x6E, 0x40, 0x00,
    0x7F, 0x7F, 0x7F, 0x0A, 0xFF, 0x17, 0x5F, 0x40, 0x26, 0x00, 0x7F, 0x00, 0x7F, 0x0A, 0x7F, 0x2D,
    0x34, 0x00, 0x7F, 0x00, 0x64, 0x01, 0x7F, 0x2D, 0x41, 0x00, 0x7F, 0x00, 0x64, 0x01, 0x7F, 0x2D,
    0x4D, 0x00, 0x7F, 0x00, 0x64, 0x01, 0xFF, 0x0A, 0x46, 0x3C, 0x24, 0x00, 0x7F, 0x00, 0x7F, 0x01,
    0xFF, 0x01, 0x73, 0x37, 0x21, 0x00, 0x7F, 0x01, 0x78, 0x1E, 0xFF, 0x02, 0x78, 0x00, 0x28, 0x00,
    0x7F, 0x00, 0x7F, 0x50, 0xFF, 0x06, 0x78, 0x7F, 0x30, 0x00, 0x7F, 0x00, 0x64, 0x3C, 0x78, 0x23,
    0x31, 0x01, 0x01, 0x01, 0x7F, 0x78, 0xFF, 0x04, 0x7F, 0x7F, 0x2D, 0x00, 0x01, 0x01, 0x7F, 0x78,
    0xFF, 0x01, 0x41, 0x46, 0x36, 0x00, 0x7F, 0x00, 0x7F, 0x01, 0xFF, 0x05,
};

u8 D_800C04FC[] = {
    0xFF, 0x11, 0x5D, 0x28, 0x3C, 0x00, 0x7F, 0x00, 0x7F, 0x3C, 0x7F, 0x1E, 0x54, 0x00, 0x7F, 0x00,
    0x7F, 0x3C, 0xFF, 0x1E, 0x7F, 0x29, 0x3C, 0x00, 0x7F, 0x64, 0x64, 0x32, 0x7F, 0x40, 0x48, 0x00,
    0x7F, 0x64, 0x64, 0x32, 0x7F, 0x4D, 0x54, 0x00, 0x7F, 0x64, 0x64, 0x32, 0x7F, 0x5C, 0x60, 0x00,
    0x7F, 0x64, 0x64, 0x32, 0xFF, 0x2A, 0x00, 0x00,
};

u8 D_800C0534[] = {
    0xFF, 0x03, 0x78, 0x3C, 0x3C, 0x00, 0x7F, 0x00, 0x7F, 0x01, 0xFF, 0x06, 0x64, 0x3C, 0x4A, 0x01,
    0x7F, 0x50, 0x7F, 0x0A, 0x64, 0x32, 0x5D, 0x01, 0x7F, 0x50, 0x7F, 0x0A, 0x64, 0x3C, 0x69, 0x01,
    0x7F, 0x50, 0x7F, 0x0A, 0x78, 0x46, 0x30, 0x00, 0x7F, 0x01, 0x64, 0x05, 0x78, 0x64, 0x4C, 0x00,
    0x7F, 0x01, 0x64, 0x05, 0x78, 0x6E, 0x58, 0x00, 0x7F, 0x01, 0x64, 0x05, 0xFF, 0x01, 0x78, 0x40,
    0x3C, 0x01, 0x7F, 0x00, 0x5F, 0x01, 0x7D, 0x40, 0x54, 0x00, 0x7F, 0x00, 0x78, 0x01, 0xFF, 0x02,
    0x5A, 0x50, 0x39, 0x00, 0x7F, 0x00, 0x7F, 0x23, 0x5A, 0x1E, 0x48, 0x00, 0x7F, 0x00, 0x7F, 0x23,
    0x5A, 0x4B, 0x54, 0x00, 0x7F, 0x00, 0x7F, 0x23, 0xFF, 0x01, 0x46, 0x46, 0x3C, 0x00, 0x7F, 0x00,
    0x7F, 0x01, 0x46, 0x55, 0x48, 0x00, 0x7F, 0x00, 0x7F, 0x01, 0xFF, 0x01, 0x46, 0x2D, 0x48, 0x00,
    0x7F, 0x78, 0x7F, 0x0A, 0x4B, 0x41, 0x54, 0x00, 0x7F, 0x78, 0x7F, 0x0A, 0xFF, 0x04, 0x41, 0x4B,
    0x49, 0x00, 0x7F, 0x00, 0x7F, 0x0F, 0xFF, 0x05, 0x2D, 0x40, 0x3C, 0x00, 0x7F, 0x00, 0x7F, 0x01,
    0xFF, 0x15, 0x64, 0x2D, 0x30, 0x00, 0x7F, 0x00, 0x7F, 0x01, 0xFF, 0x06, 0x46, 0x42, 0x22, 0x00,
    0x7F, 0x00, 0x7F, 0x01, 0xFF, 0x01, 0x78, 0x40, 0x1E, 0x00, 0x7F, 0x00, 0x78, 0x19, 0xFF, 0x02,
    0x73, 0x00, 0x28, 0x00, 0x7F, 0x00, 0x7F, 0x3C, 0xFF, 0x03, 0x5A, 0x37, 0x34, 0x00, 0x7F, 0x00,
    0x7F, 0x01, 0xFF, 0x01, 0x50, 0x7F, 0x29, 0x00, 0x7F, 0x00, 0x7F, 0x01, 0x5F, 0x1E, 0x43, 0x00,
    0x7F, 0x00, 0x64, 0x01, 0x64, 0x23, 0x31, 0x01, 0x01, 0x01, 0x7F, 0x78, 0xFF, 0x02, 0x46, 0x40,
    0x30, 0x00, 0x7F, 0x00, 0x7F, 0x01, 0xFF, 0x03, 0x50, 0x00, 0x3E, 0x00, 0x7F, 0x7F, 0x7F, 0x0A,
    0xFF, 0x05, 0x00, 0x00,
};

u8 D_800C0638[] = {
    0xFF, 0x03, 0x73, 0x3C, 0x3C, 0x00, 0x7F, 0x01, 0x7F, 0x14, 0xFF, 0x06, 0x64, 0x2D, 0x4A, 0x01,
    0x7F, 0x50, 0x7F, 0x0A, 0x64, 0x2D, 0x5D, 0x01, 0x7F, 0x50, 0x7F, 0x0A, 0x64, 0x2D, 0x69, 0x01,
    0x7F, 0x50, 0x7F, 0x0A, 0x78, 0x46, 0x30, 0x00, 0x7F, 0x01, 0x64, 0x05, 0x78, 0x64, 0x4C, 0x00,
    0x7F, 0x01, 0x64, 0x05, 0x78, 0x6E, 0x58, 0x00, 0x7F, 0x01, 0x64, 0x05, 0xFF, 0x09, 0x46, 0x46,
    0x3C, 0x00, 0x7F, 0x00, 0x7F, 0x01, 0x46, 0x55, 0x48, 0x00, 0x7F, 0x00, 0x7F, 0x01, 0xFF, 0x03,
    0x7F, 0x37, 0x34, 0x00, 0x7F, 0x00, 0x7F, 0x14, 0x7F, 0x37, 0x40, 0x00, 0x7F, 0x00, 0x7F, 0x14,
    0xFF, 0x02, 0x41, 0x40, 0x49, 0x00, 0x7F, 0x00, 0x7F, 0x0F, 0xFF, 0x22, 0x41, 0x40, 0x24, 0x00,
    0x7F, 0x00, 0x7F, 0x01, 0xFF, 0x01, 0x78, 0x40, 0x1E, 0x00, 0x7F, 0x00, 0x78, 0x19, 0xFF, 0x02,
    0x69, 0x00, 0x28, 0x00, 0x7F, 0x00, 0x7F, 0x50, 0xFF, 0x03, 0x5A, 0x37, 0x34, 0x00, 0x7F, 0x00,
    0x7F, 0x14, 0xFF, 0x02, 0x5A, 0x7F, 0x30, 0x00, 0x7F, 0x00, 0x64, 0x3C, 0x78, 0x23, 0x31, 0x01,
    0x01, 0x01, 0x7F, 0x78, 0xFF, 0x0C, 0x00, 0x00,
};

u8 D_800C06E0[] = {
    0x46, 0x3A, 0x30, 0x00, 0x7F, 0x00, 0x6E, 0x32, 0x46, 0x3B, 0x40, 0x00, 0x7F, 0x00, 0x6E, 0x32,
    0x46, 0x3C, 0x58, 0x00, 0x7F, 0x00, 0x6E, 0x32, 0xFF, 0x0A, 0x6F, 0x46, 0x30, 0x00, 0x7F, 0x01,
    0x64, 0x0A, 0x6F, 0x64, 0x4C, 0x00, 0x7F, 0x01, 0x64, 0x0A, 0x6F, 0x6E, 0x58, 0x00, 0x7F, 0x01,
    0x64, 0x0A, 0x55, 0x2D, 0x24, 0x00, 0x7F, 0x00, 0x64, 0x0A, 0x56, 0x2D, 0x3C, 0x00, 0x7F, 0x00,
    0x64, 0x0A, 0x5F, 0x2D, 0x54, 0x00, 0x7F, 0x00, 0x64, 0x0A, 0xFF, 0x30, 0x46, 0x48, 0x43, 0x00,
    0x7F, 0x00, 0x64, 0x46, 0x46, 0x48, 0x50, 0x00, 0x7F, 0x00, 0x64, 0x46, 0xFF, 0x1A, 0x00, 0x00,
};

u8 D_800C0740[] = {
    0xFF, 0x0D, 0x7F, 0x40, 0x30, 0x00, 0x7F, 0x00, 0x64, 0x01, 0x7F, 0x40, 0x4C, 0x00, 0x7F, 0x00,
    0x64, 0x01, 0x7F, 0x40, 0x58, 0x00, 0x7F, 0x00, 0x64, 0x01, 0xFF, 0x02, 0x78, 0x23, 0x54, 0x00,
    0x7F, 0x00, 0x64, 0x01, 0xFF, 0x02, 0x7D, 0x56, 0x39, 0x00, 0x7F, 0x00, 0x64, 0x01, 0x6E, 0x26,
    0x48, 0x00, 0x7F, 0x00, 0x64, 0x01, 0x78, 0x51, 0x54, 0x00, 0x7F, 0x00, 0x64, 0x01, 0xFF, 0x02,
    0x3C, 0x35, 0x48, 0x00, 0x7F, 0x00, 0x64, 0x01, 0xFF, 0x07, 0x37, 0x39, 0x49, 0x00, 0x7F, 0x00,
    0x7F, 0x01, 0xFF, 0x22, 0x41, 0x3F, 0x23, 0x00, 0x7F, 0x00, 0x7F, 0x01, 0x4B, 0x40, 0x24, 0x00,
    0x7F, 0x00, 0x7F, 0x78, 0x56, 0x32, 0x23, 0x00, 0x7F, 0x00, 0x78, 0x05, 0xFF, 0x02, 0x41, 0x0F,
    0x2D, 0x00, 0x7F, 0x7F, 0x78, 0x78, 0xFF, 0x03, 0x41, 0x58, 0x26, 0x00, 0x7F, 0x78, 0x78, 0x19,
    0xFF, 0x02, 0x50, 0x69, 0x2D, 0x00, 0x7F, 0x78, 0x78, 0x3C, 0x7F, 0x00, 0x31, 0x00, 0x01, 0x01,
    0x7F, 0x01, 0xFF, 0x04, 0x78, 0x7F, 0x2C, 0x01, 0x01, 0x01, 0x78, 0x01, 0xFF, 0x07, 0x00, 0x00,
};

u8 D_800C07E0[] = {
    0xFF, 0x01, 0x34, 0x7E, 0x40, 0x01, 0x7F, 0x01, 0x6E, 0x01, 0x69, 0x01, 0x58, 0x01, 0x7F, 0x78,
    0x6E, 0x01, 0xFF, 0x07, 0x5A, 0x40, 0x4A, 0x01, 0x7F, 0x50, 0x6E, 0x14, 0x5A, 0x40, 0x5D, 0x01,
    0x7F, 0x50, 0x6E, 0x14, 0xFF, 0x04, 0x7F, 0x40, 0x30, 0x00, 0x7F, 0x5F, 0x41, 0x19, 0x7F, 0x3C,
    0x48, 0x00, 0x7F, 0x5F, 0x41, 0x19, 0x7F, 0x37, 0x54, 0x00, 0x7F, 0x5F, 0x41, 0x19, 0x46, 0x50,
    0x48, 0x00, 0x7F, 0x7F, 0x78, 0x01, 0x3C, 0x7F, 0x54, 0x00, 0x7F, 0x7F, 0x78, 0x01, 0xFF, 0x1C,
    0x69, 0x23, 0x3C, 0x00, 0x7F, 0x00, 0x64, 0x01, 0x69, 0x50, 0x54, 0x00, 0x7F, 0x00, 0x64, 0x01,
    0x69, 0x55, 0x60, 0x00, 0x7F, 0x00, 0x64, 0x01, 0x69, 0x5A, 0x6C, 0x00, 0x7F, 0x00, 0x64, 0x01,
    0xFF, 0x07, 0x78, 0x0A, 0x48, 0x00, 0x7F, 0x00, 0x7F, 0x01, 0xFF, 0x22,
};

u8 D_800C085C[] = {
    0xFF, 0x01, 0x46, 0x3A, 0x40, 0x00, 0x7F, 0x46, 0x6E, 0x01, 0x5F, 0x40, 0x58, 0x00, 0x7F, 0x46,
    0x6E, 0x01, 0xFF, 0x07, 0x6E, 0x2A, 0x4A, 0x01, 0x7F, 0x1C, 0x46, 0x0F, 0x6E, 0x2A, 0x5D, 0x01,
    0x7F, 0x1C, 0x46, 0x0F, 0xFF, 0x05, 0x6E, 0x40, 0x48, 0x00, 0x7F, 0x00, 0x7F, 0x0A, 0x6E, 0x40,
    0x54, 0x00, 0x7F, 0x00, 0x7F, 0x0A, 0x46, 0x4B, 0x48, 0x00, 0x7F, 0x00, 0x7F, 0x01, 0x46, 0x4B,
    0x3C, 0x00, 0x7F, 0x00, 0x7F, 0x01, 0xFF, 0x1D, 0x4B, 0x69, 0x54, 0x00, 0x7F, 0x00, 0x7F, 0x01,
    0x4B, 0x69, 0x60, 0x00, 0x7F, 0x00, 0x7F, 0x01, 0x4B, 0x69, 0x6C, 0x00, 0x7F, 0x00, 0x7F, 0x01,
    0xFF, 0x2A, 0x00, 0x00,
};

u8 D_800C08C0[] = {
    0x58, 0x1A, 0x30, 0x00, 0x7F, 0x64, 0x5F, 0x01, 0x58, 0x3D, 0x40, 0x00, 0x7F, 0x64, 0x5F, 0x01,
    0x58, 0x3C, 0x58, 0x00, 0x7F, 0x64, 0x5F, 0x01, 0x7F, 0x35, 0x3C, 0x01, 0x6B, 0x7D, 0x7D, 0x01,
    0xFF, 0x01, 0x40, 0x37, 0x24, 0x00, 0x7F, 0x78, 0x73, 0x05, 0x35, 0x23, 0x37, 0x00, 0x7F, 0x78,
    0x73, 0x05, 0x2B, 0x19, 0x46, 0x00, 0x7F, 0x78, 0x73, 0x05, 0x2B, 0x0F, 0x51, 0x00, 0x7F, 0x78,
    0x73, 0x0A, 0x2B, 0x05, 0x60, 0x00, 0x7F, 0x78, 0x73, 0x0A, 0x6B, 0x55, 0x4A, 0x01, 0x7F, 0x5A,
    0x50, 0x01, 0x69, 0x5F, 0x5D, 0x01, 0x7F, 0x5A, 0x50, 0x01, 0x6B, 0x69, 0x69, 0x01, 0x7F, 0x5A,
    0x50, 0x01, 0xFF, 0x04, 0x50, 0x4D, 0x3C, 0x00, 0x7F, 0x00, 0x64, 0x01, 0x7D, 0x47, 0x54, 0x00,
    0x7F, 0x00, 0x64, 0x01, 0x4B, 0x5F, 0x48, 0x00, 0x7F, 0x00, 0x78, 0x1E, 0x50, 0x7F, 0x54, 0x00,
    0x7F, 0x00, 0x78, 0x1E, 0xFF, 0x04, 0x50, 0x14, 0x3C, 0x00, 0x7F, 0x50, 0x7F, 0x01, 0x50, 0x4B,
    0x48, 0x00, 0x7F, 0x50, 0x7F, 0x01, 0x65, 0x50, 0x30, 0x00, 0x7F, 0x00, 0x7F, 0x01, 0x4B, 0x4B,
    0x48, 0x00, 0x7F, 0x00, 0x7F, 0x01, 0x45, 0x48, 0x54, 0x00, 0x7F, 0x00, 0x7F, 0x01, 0xFF, 0x05,
    0x64, 0x28, 0x48, 0x00, 0x7F, 0x64, 0x78, 0x01, 0xFF, 0x02, 0x52, 0x42, 0x24, 0x00, 0x7D, 0x00,
    0x78, 0x64, 0xFF, 0x04, 0x7D, 0x7F, 0x38, 0x00, 0x7F, 0x00, 0x7F, 0x01, 0x78, 0x32, 0x28, 0x00,
    0x7F, 0x00, 0x7F, 0x01, 0x4B, 0x0F, 0x2E, 0x00, 0x7F, 0x78, 0x78, 0x1E, 0x7D, 0x00, 0x2E, 0x00,
    0x7F, 0x00, 0x7F, 0x01, 0xFF, 0x01, 0x6F, 0x46, 0x30, 0x00, 0x7F, 0x5A, 0x6E, 0x01, 0x65, 0x19,
    0x3C, 0x00, 0x7F, 0x5A, 0x7F, 0x01, 0x67, 0x4F, 0x48, 0x00, 0x7F, 0x5A, 0x7F, 0x01, 0x65, 0x54,
    0x54, 0x00, 0x7F, 0x5A, 0x64, 0x01, 0x5F, 0x19, 0x60, 0x00, 0x7F, 0x5A, 0x64, 0x01, 0xFF, 0x07,
    0x55, 0x01, 0x60, 0x01, 0x7F, 0x00, 0x7F, 0x01, 0xFF, 0x01, 0x73, 0x46, 0x30, 0x01, 0x7F, 0x64,
    0x7F, 0x14, 0xFF, 0x04, 0x5A, 0x33, 0x43, 0x01, 0x7F, 0x78, 0x64, 0x32, 0x5A, 0x33, 0x50, 0x01,
    0x7F, 0x78, 0x64, 0x32, 0x50, 0x42, 0x22, 0x00, 0x7F, 0x00, 0x7F, 0x01, 0xFF, 0x04, 0x67, 0x03,
    0x28, 0x00, 0x7F, 0x00, 0x78, 0x4B, 0x7F, 0x7F, 0x38, 0x00, 0x7F, 0x00, 0x7F, 0x01, 0x68, 0x44,
    0x2B, 0x00, 0x7F, 0x00, 0x78, 0x6E, 0x55, 0x78, 0x2B, 0x00, 0x7F, 0x00, 0x7F, 0x01, 0x3D, 0x7D,
    0x2C, 0x00, 0x7F, 0x00, 0x78, 0x19, 0x7D, 0x28, 0x31, 0x00, 0x7F, 0x00, 0x7F, 0x01, 0xFF, 0x01,
    0x68, 0x7F, 0x2E, 0x00, 0x7F, 0x00, 0x64, 0x55, 0x78, 0x00, 0x31, 0x00, 0x01, 0x01, 0x7F, 0x78,
    0xFF, 0x03, 0x7D, 0x00, 0x35, 0x01, 0x7F, 0x00, 0x7F, 0x6E, 0x5F, 0x7F, 0x39, 0x00, 0x01, 0x01,
    0x7F, 0x78, 0xFF, 0x07,
};

u8* gMusicSequenceSamplePatchLists[] = {
    D_800BEACC, // BGM_OBAKESONG
    D_800BEB64, // BGM_NEO
    D_800BEC64, // BGM_OPENING_TITLE
    D_800BEDCC, // BGM_BONO
    D_800BEE98, // BGM_DETERMINATION
    D_800BEEEC, // BGM_GIMMICK
    D_800BEFF0, // BGM_VOLCANIC
    D_800BF128, // BGM_TO1
    D_800BF260, // BGM_A_CAVE
    D_800BF2BC, // BGM_WOODS
    D_800BF428, // BGM_BOSS
    D_800BF5D0, // BGM_LETHE
    D_800BF6AC, // BGM_REVENGE
    D_800BF7AC, // BGM_GLOOMY
    D_800BF864, // BGM_HURRY
    D_800BF9DC, // BGM_POSITION
    D_800BFAB8, // BGM_STEPPIN
    D_800BFBE4, // BGM_OUT
    D_800BFD7C, // BGM_LIKE_A_WIND
    D_800BFEB4, // BGM_FIGHT
    D_800C0034, // BGM_ADIEUX
    D_800C0090, // BGM_MARINA
    D_800C01F8, // BGM_CONTINUE
    D_800C02BC, // BGM_ESPERANCE
    D_800C03F0, // BGM_STCLR
    D_800C04FC, // BGM_INT
    D_800C0534, // BGM_BROKEN
    D_800C0638, // BGM_FANFARE1
    D_800C06E0, // BGM_FANFARE2
    D_800C0740, // BGM_YUJYA
    D_800C07E0, // BGM_GET
    D_800C085C, // BGM_CLEAR
    D_800C08C0, // BGM_END_TITLE
};

// Volume, sequence-specific metadata, and per-channel FX mixes.
MusicSequenceParams gMusicSequenceParams[] = {
    { 0x64, 0x84, { 0x32, 0x0F, 0x2D, 0x2D, 0x2D, 0x2D, 0x2D, 0x2D, 0x00, 0x32, 0x00, 0x00, 0x00, 0x00, 0x00, 0x00 } }, // BGM_OBAKESONG
    { 0x64, 0x78, { 0x28, 0x1E, 0x14, 0x32, 0x28, 0x28, 0x28, 0x28, 0x14, 0x0A, 0x0A, 0x00, 0x00, 0x00, 0x00, 0x00 } }, // BGM_NEO
    { 0x6C, 0x7B, { 0x2D, 0x14, 0x3C, 0x00, 0x00, 0x4B, 0x0F, 0x3C, 0x23, 0x00, 0x1E, 0x1E, 0x23, 0x23, 0x00, 0x19 } }, // BGM_OPENING_TITLE
    { 0x64, 0x5A, { 0x28, 0x23, 0x1E, 0x1E, 0x28, 0x28, 0x19, 0x23, 0x1E, 0x00, 0x2D, 0x00, 0x00, 0x00, 0x00, 0x00 } }, // BGM_BONO
    { 0x64, 0x8F, { 0x3C, 0x2D, 0x34, 0x19, 0x28, 0x28, 0x32, 0x00, 0x00, 0x00, 0x00, 0x00, 0x00, 0x00, 0x00, 0x00 } }, // BGM_DETERMINATION
    { 0x64, 0x87, { 0x28, 0x3F, 0x3F, 0x29, 0x26, 0x37, 0x18, 0x44, 0x0A, 0x1F, 0x37, 0x00, 0x14, 0x00, 0x00, 0x00 } }, // BGM_GIMMICK
    { 0x64, 0x85, { 0x32, 0x0F, 0x50, 0x2D, 0x23, 0x00, 0x1E, 0x23, 0x23, 0x0C, 0x14, 0x19, 0x23, 0x00, 0x00, 0x00 } }, // BGM_VOLCANIC
    { 0x64, 0x76, { 0x2D, 0x00, 0x32, 0x23, 0x1E, 0x1E, 0x2D, 0x23, 0x5F, 0x0F, 0x32, 0x00, 0x00, 0x00, 0x00, 0x00 } }, // BGM_TO1
    { 0x64, 0x94, { 0x32, 0x19, 0x15, 0x0B, 0x37, 0x34, 0x30, 0x00, 0x00, 0x00, 0x00, 0x00, 0x00, 0x00, 0x00, 0x00 } }, // BGM_A_CAVE
    { 0x64, 0x76, { 0x28, 0x00, 0x00, 0x23, 0x0F, 0x1E, 0x1E, 0x1E, 0x28, 0x0F, 0x23, 0x0A, 0x00, 0x00, 0x1E, 0x14 } }, // BGM_WOODS
    { 0x64, 0x6F, { 0x0F, 0x19, 0x32, 0x32, 0x29, 0x19, 0x2F, 0x2F, 0x19, 0x0F, 0x19, 0x19, 0x19, 0x19, 0x0F, 0x32 } }, // BGM_BOSS
    { 0x64, 0x93, { 0x23, 0x00, 0x2D, 0x28, 0x28, 0x28, 0x28, 0x19, 0x1E, 0x0A, 0x00, 0x32, 0x28, 0x00, 0x00, 0x00 } }, // BGM_LETHE
    { 0x64, 0x8C, { 0x28, 0x2E, 0x3A, 0x1D, 0x28, 0x32, 0x32, 0x28, 0x21, 0x3C, 0x1A, 0x23, 0x00, 0x14, 0x14, 0x32 } }, // BGM_REVENGE
    { 0x64, 0x9A, { 0x21, 0x14, 0x30, 0x2B, 0x23, 0x24, 0x14, 0x64, 0x00, 0x32, 0x23, 0x00, 0x46, 0x00, 0x00, 0x00 } }, // BGM_GLOOMY
    { 0x64, 0x6D, { 0x23, 0x05, 0x28, 0x23, 0x2D, 0x2D, 0x1E, 0x23, 0x19, 0x14, 0x28, 0x28, 0x23, 0x19, 0x0A, 0x00 } }, // BGM_HURRY
    { 0x64, 0xBA, { 0x23, 0x23, 0x23, 0x11, 0x1E, 0x28, 0x2D, 0x23, 0x23, 0x23, 0x00, 0x00, 0x00, 0x00, 0x00, 0x00 } }, // BGM_POSITION
    { 0x64, 0x7D, { 0x32, 0x0A, 0x23, 0x25, 0x23, 0x28, 0x23, 0x23, 0x14, 0x00, 0x00, 0x0B, 0x00, 0x00, 0x00, 0x00 } }, // BGM_STEPPIN
    { 0x64, 0x74, { 0x28, 0x00, 0x19, 0x19, 0x14, 0x19, 0x00, 0x19, 0x0A, 0x00, 0x0F, 0x0F, 0x0F, 0x00, 0x00, 0x00 } }, // BGM_OUT
    { 0x64, 0xA0, { 0x19, 0x19, 0x19, 0x14, 0x32, 0x23, 0x23, 0x23, 0x2D, 0x32, 0x23, 0x00, 0x0F, 0x0F, 0x0F, 0x00 } }, // BGM_LIKE_A_WIND
    { 0x64, 0x76, { 0x28, 0x00, 0x32, 0x1E, 0x23, 0x28, 0x28, 0x28, 0x32, 0x19, 0x3C, 0x00, 0x00, 0x14, 0x00, 0x00 } }, // BGM_FIGHT
    { 0x6E, 0xA5, { 0x2D, 0x14, 0x64, 0x00, 0x00, 0x00, 0x00, 0x00, 0x00, 0x00, 0x00, 0x00, 0x00, 0x00, 0x00, 0x00 } }, // BGM_ADIEUX
    { 0x64, 0x80, { 0x23, 0x23, 0x0F, 0x23, 0x14, 0x0A, 0x23, 0x23, 0x23, 0x19, 0x3C, 0x00, 0x00, 0x00, 0x00, 0x00 } }, // BGM_MARINA
    { 0x64, 0x7C, { 0x1E, 0x1E, 0x1E, 0x1E, 0x00, 0x1E, 0x1E, 0x00, 0x1E, 0x0F, 0x14, 0x2D, 0x00, 0x00, 0x00, 0x00 } }, // BGM_CONTINUE
    { 0x64, 0x7C, { 0x32, 0x00, 0x50, 0x32, 0x32, 0x32, 0x19, 0x32, 0x0F, 0x0A, 0x23, 0x1E, 0x1E, 0x00, 0x00, 0x00 } }, // BGM_ESPERANCE
    { 0x6E, 0x7C, { 0x23, 0x00, 0x14, 0x1E, 0x1E, 0x1E, 0x23, 0x37, 0x14, 0x00, 0x0F, 0x00, 0x00, 0x00, 0x00, 0x00 } }, // BGM_STCLR
    { 0x64, 0x7C, { 0x23, 0x23, 0x23, 0x23, 0x23, 0x28, 0x00, 0x00, 0x00, 0x00, 0x00, 0x00, 0x00, 0x00, 0x00, 0x00 } }, // BGM_INT
    { 0x64, 0x7C, { 0x1E, 0x14, 0x1E, 0x0A, 0x23, 0x14, 0x1E, 0x19, 0x19, 0x0F, 0x00, 0x00, 0x00, 0x00, 0x00, 0x00 } }, // BGM_BROKEN
    { 0x64, 0x7C, { 0x00, 0x14, 0x1E, 0x0A, 0x23, 0x00, 0x00, 0x00, 0x00, 0x00, 0x00, 0x00, 0x00, 0x00, 0x00, 0x00 } }, // BGM_FANFARE1
    { 0x64, 0x7C, { 0x23, 0x23, 0x23, 0x23, 0x00, 0x00, 0x00, 0x00, 0x00, 0x00, 0x00, 0x00, 0x00, 0x00, 0x00, 0x00 } }, // BGM_FANFARE2
    { 0x64, 0x7C, { 0x1E, 0x1E, 0x1E, 0x0F, 0x32, 0x23, 0x00, 0x00, 0x00, 0x00, 0x00, 0x00, 0x00, 0x00, 0x00, 0x00 } }, // BGM_YUJYA
    { 0x66, 0x7C, { 0x2D, 0x1E, 0x2D, 0x3C, 0x1E, 0x23, 0x00, 0x00, 0x00, 0x00, 0x00, 0x00, 0x00, 0x00, 0x00, 0x00 } }, // BGM_GET
    { 0x6E, 0x7C, { 0x14, 0x1E, 0x41, 0x23, 0x32, 0x00, 0x00, 0x00, 0x00, 0x00, 0x00, 0x00, 0x00, 0x00, 0x00, 0x00 } }, // BGM_CLEAR
    { 0x6E, 0x7C, { 0x3C, 0x32, 0x28, 0x28, 0x28, 0x28, 0x0F, 0x19, 0x00, 0x32, 0x64, 0x32, 0x50, 0x32, 0x32, 0x37 } }, // BGM_END_TITLE
};

// SFX debug names in SFX ID order
static char sSfxDebugName_TROUBLE[8] = "TROUBLE";
static char sSfxDebugName_CURSOL[8] = "CURSOL";
static char sSfxDebugName_KETTEI[8] = "KETTEI";
static char sSfxDebugName_JUMP[8] = "JUMP";
static char sSfxDebugName_CHAKUCHI[12] = "CHAKUCHI";
static char sSfxDebugName_BOM[4] = "BOM";
static char sSfxDebugName_P_RUN[8] = "P_RUN";
static char sSfxDebugName_PUNCH2[8] = "PUNCH2";
static char sSfxDebugName_WALK1[8] = "WALK1";
static char sSfxDebugName_SWISH_S[8] = "SWISH_S";
static char sSfxDebugName_SWISH_M[8] = "SWISH_M";
static char sSfxDebugName_PUNCH1[8] = "PUNCH1";
static char sSfxDebugName_PUNCH4[8] = "PUNCH4";
static char sSfxDebugName_SHOT1[8] = "SHOT1";
static char sSfxDebugName_TAKE[8] = "TAKE";
static char sSfxDebugName_IMPACT1[8] = "IMPACT1";
static char sSfxDebugName_FIRE1[8] = "FIRE1";
static char sSfxDebugName_METAL1[8] = "METAL1";
static char sSfxDebugName_SWORD1[8] = "SWORD1";
static char sSfxDebugName_SLIDING1[12] = "SLIDING1";
static char sSfxDebugName_STONE1[8] = "STONE1";
static char sSfxDebugName_DOSS1[8] = "DOSS1";
static char sSfxDebugName_KOWARE[8] = "KOWARE";
static char sSfxDebugName_DOTABATA[12] = "DOTABATA";
static char sSfxDebugName_SWISH_L[8] = "SWISH_L";
static char sSfxDebugName_NVOICE4[8] = "NVOICE4";
static char sSfxDebugName_GET2[8] = "GET2";
static char sSfxDebugName_OUT1[8] = "OUT1";
static char sSfxDebugName_KIRA1[8] = "KIRA1";
static char sSfxDebugName_RAKKA[8] = "RAKKA";
static char sSfxDebugName_HENSIN5[8] = "HENSIN5";
static char sSfxDebugName_TEL[4] = "TEL";
static char sSfxDebugName_BOMB[8] = "BOMB";
static char sSfxDebugName_NOUT[8] = "NOUT";
static char sSfxDebugName_BOM2[8] = "BOM2";
static char sSfxDebugName_KYAA[8] = "KYAA";
static char sSfxDebugName_DOSUN1[8] = "DOSUN1";
static char sSfxDebugName_SHOT3[8] = "SHOT3";
static char sSfxDebugName_MONS1[8] = "MONS1";
static char sSfxDebugName_SLIDING2[12] = "SLIDING2";
static char sSfxDebugName_CHILD[8] = "CHILD";
static char sSfxDebugName_DON1[8] = "DON1";
static char sSfxDebugName_PROM[8] = "PROM";
static char sSfxDebugName_SOZ_039[8] = "SOZ_039";
static char sSfxDebugName_BOM_BG[8] = "BOM_BG";
static char sSfxDebugName_NON[4] = "NON";
static char sSfxDebugName_SOZ_052[8] = "SOZ_052";
static char sSfxDebugName_SIGN1[8] = "SIGN1";
static char sSfxDebugName_KIRA2[8] = "KIRA2";
static char sSfxDebugName_SHOT2[8] = "SHOT2";
static char sSfxDebugName_PRUN[8] = "PRUN";
static char sSfxDebugName_SOZ_076[8] = "SOZ_076";
static char sSfxDebugName_JSTOP[8] = "JSTOP";
static char sSfxDebugName_WALKER[8] = "WALKER";
static char sSfxDebugName_GET1[8] = "GET1";
static char sSfxDebugName_SOZ_108[8] = "SOZ_108";
static char sSfxDebugName_TFORM[8] = "TFORM";
static char sSfxDebugName_SOZ_115[8] = "SOZ_115";
static char sSfxDebugName_SP1[4] = "SP1";
static char sSfxDebugName_SOZ_123[8] = "SOZ_123";
static char sSfxDebugName_BOM_S[8] = "BOM_S";
static char sSfxDebugName_SOZ_133[8] = "SOZ_133";
static char sSfxDebugName_SAW[4] = "SAW";
static char sSfxDebugName_FIRE2[8] = "FIRE2";
static char sSfxDebugName_FIRE3[8] = "FIRE3";
static char sSfxDebugName_BOSSR[8] = "BOSSR";
static char sSfxDebugName_OUT2[8] = "OUT2";
static char sSfxDebugName_KIN1[8] = "KIN1";
static char sSfxDebugName_BIRI[8] = "BIRI";
static char sSfxDebugName_YOO1[8] = "YOO1";
static char sSfxDebugName_VC1[4] = "VC1";
static char sSfxDebugName_SCI_104[8] = "SCI_104";
static char sSfxDebugName_METAL2[8] = "METAL2";
static char sSfxDebugName_PUNCH3[8] = "PUNCH3";
static char sSfxDebugName_SENSYA[8] = "SENSYA";
static char sSfxDebugName_CHAKU2[8] = "CHAKU2";
static char sSfxDebugName_SW_SHOT1[12] = "SW_SHOT1";
static char sSfxDebugName_KIRI1[8] = "KIRI1";
static char sSfxDebugName_T_SHOT1[8] = "T_SHOT1";
static char sSfxDebugName_CHAKU3[8] = "CHAKU3";
static char sSfxDebugName_T_MOVE1[8] = "T_MOVE1";
static char sSfxDebugName_TFORM_B[8] = "TFORM_B";
static char sSfxDebugName_SP1_2[8] = "SP1_2";
static char sSfxDebugName_JET[4] = "JET";
static char sSfxDebugName_PUT1[8] = "PUT1";
static char sSfxDebugName_FIRE4[8] = "FIRE4";
static char sSfxDebugName_TEXT4[8] = "TEXT4";
static char sSfxDebugName_WING[8] = "WING";
static char sSfxDebugName_TEXT2[8] = "TEXT2";
static char sSfxDebugName_SE5[4] = "SE5";
static char sSfxDebugName_TIMER[8] = "TIMER";
static char sSfxDebugName_DOUKA[8] = "DOUKA";
static char sSfxDebugName_G_OTOKO[8] = "G_OTOKO";
static char sSfxDebugName_G_IKUDE[8] = "G_IKUDE";
static char sSfxDebugName_HANAU[8] = "HANAU";
static char sSfxDebugName_YOO3[8] = "YOO3";
static char sSfxDebugName_PFLY[8] = "PFLY";
static char sSfxDebugName_BANE[8] = "BANE";
static char sSfxDebugName_T_MOVE2[8] = "T_MOVE2";
static char sSfxDebugName_W_SHOT1[8] = "W_SHOT1";
static char sSfxDebugName_T_JP1[8] = "T_JP1";
static char sSfxDebugName_CHAKU2_R[12] = "CHAKU2_R";
static char sSfxDebugName_ZENTEN[8] = "ZENTEN";
static char sSfxDebugName_H_FORM[8] = "H_FORM";
static char sSfxDebugName_WALL[8] = "WALL";
static char sSfxDebugName_SET1[8] = "SET1";
static char sSfxDebugName_YAKU[8] = "YAKU";
static char sSfxDebugName_W_MOVE[8] = "W_MOVE";
static char sSfxDebugName_SHOT3_2[8] = "SHOT3_2";
static char sSfxDebugName_SWISH_A[8] = "SWISH_A";
static char sSfxDebugName_YAWA[8] = "YAWA";
static char sSfxDebugName_YAWA2[8] = "YAWA2";
static char sSfxDebugName_YAWA3[8] = "YAWA3";
static char sSfxDebugName_EDIT[8] = "EDIT";
static char sSfxDebugName_BOM3[8] = "BOM3";
static char sSfxDebugName_DOSS2[8] = "DOSS2";
static char sSfxDebugName_KIRA3[8] = "KIRA3";
static char sSfxDebugName_SWISH_SL[12] = "SWISH_SL";
static char sSfxDebugName_SWISH_ML[12] = "SWISH_ML";
static char sSfxDebugName_SWISH_LH[12] = "SWISH_LH";
static char sSfxDebugName_SP2[4] = "SP2";
static char sSfxDebugName_SOZ_1082[12] = "SOZ_1082";
static char sSfxDebugName_TUBO[8] = "TUBO";
static char sSfxDebugName_LAUGH1[8] = "LAUGH1";
static char sSfxDebugName_NVOICE1[8] = "NVOICE1";
static char sSfxDebugName_NTALK1[8] = "NTALK1";
static char sSfxDebugName_NTALK2[8] = "NTALK2";
static char sSfxDebugName_NTALK4[8] = "NTALK4";
static char sSfxDebugName_NVOICE2[8] = "NVOICE2";
static char sSfxDebugName_NVOICE3[8] = "NVOICE3";
static char sSfxDebugName_YAWA4[8] = "YAWA4";
static char sSfxDebugName_VC1_H[8] = "VC1_H";
static char sSfxDebugName_TANK[8] = "TANK";
static char sSfxDebugName_FTAME[8] = "FTAME";
static char sSfxDebugName_NVOICE1L[12] = "NVOICE1L";
static char sSfxDebugName_NTALK6[8] = "NTALK6";
static char sSfxDebugName_SWISH_LHH[12] = "SWISH_LHH";
static char sSfxDebugName_YOO2[8] = "YOO2";
static char sSfxDebugName_JINARI1[8] = "JINARI1";
static char sSfxDebugName_NCHAKU[8] = "NCHAKU";
static char sSfxDebugName_PNAGE[8] = "PNAGE";
static char sSfxDebugName_PSLIDE[8] = "PSLIDE";
static char sSfxDebugName_TORNADO[8] = "TORNADO";
static char sSfxDebugName_ETC[4] = "ETC";
static char sSfxDebugName_MWARP[8] = "MWARP";
static char sSfxDebugName_AITAA[8] = "AITAA";
static char sSfxDebugName_FURI[8] = "FURI";
static char sSfxDebugName_HA[4] = "HA";
static char sSfxDebugName_ITE[4] = "ITE";
static char sSfxDebugName_KRAKRA[8] = "KRAKRA";
static char sSfxDebugName_SOKOMA[8] = "SOKOMA";
static char sSfxDebugName_OBA[4] = "OBA";
static char sSfxDebugName_TORYA[8] = "TORYA";
static char sSfxDebugName_WINDY[8] = "WINDY";
static char sSfxDebugName_CHG1[8] = "CHG1";
static char sSfxDebugName_CHG2[8] = "CHG2";
static char sSfxDebugName_DEMO1[8] = "DEMO1";
static char sSfxDebugName_THUND[8] = "THUND";
static char sSfxDebugName_CLOUD[8] = "CLOUD";
static char sSfxDebugName_SNAKE[8] = "SNAKE";
static char sSfxDebugName_SNAKE2[8] = "SNAKE2";
static char sSfxDebugName_FURISE[8] = "FURISE";
static char sSfxDebugName_SAND[8] = "SAND";
static char sSfxDebugName_MOUT[8] = "MOUT";
static char sSfxDebugName_RECV[8] = "RECV";
static char sSfxDebugName_M_MAI[8] = "M_MAI";
static char sSfxDebugName_SIGN2[8] = "SIGN2";
static char sSfxDebugName_M_GO[8] = "M_GO";
static char sSfxDebugName_M_OVER[8] = "M_OVER";
static char sSfxDebugName_M_YAHH[8] = "M_YAHH";
static char sSfxDebugName_M_YA[8] = "M_YA";
static char sSfxDebugName_M_ATA[8] = "M_ATA";
static char sSfxDebugName_M_ACHAA[8] = "M_ACHAA";
static char sSfxDebugName_M_KYAHHO[12] = "M_KYAHHO";
static char sSfxDebugName_SET2[8] = "SET2";
static char sSfxDebugName_M_HOI[8] = "M_HOI";
static char sSfxDebugName_M_FUNFUN[12] = "M_FUNFUN";
static char sSfxDebugName_START[8] = "START";
static char sSfxDebugName_M_MUKA[8] = "M_MUKA";
static char sSfxDebugName_M_SUKIRI[12] = "M_SUKIRI";
static char sSfxDebugName_YELLOW[8] = "YELLOW";
static char sSfxDebugName_OKKAKE[8] = "OKKAKE";
static char sSfxDebugName_BOS5OUT[8] = "BOS5OUT";
static char sSfxDebugName_GN_OO2[8] = "GN_OO2";
static char sSfxDebugName_GN_CONT[8] = "GN_CONT";
static char sSfxDebugName_GN_GANBA[12] = "GN_GANBA";
static char sSfxDebugName_GN_SARA[8] = "GN_SARA";
static char sSfxDebugName_GN_HII[8] = "GN_HII";
static char sSfxDebugName_GN_MARIN[12] = "GN_MARIN";
static char sSfxDebugName_GN_OO[8] = "GN_OO";
static char sSfxDebugName_GN_FUFU[8] = "GN_FUFU";
static char sSfxDebugName_GN_SABISI[12] = "GN_SABISI";
static char sSfxDebugName_HIBI[8] = "HIBI";
static char sSfxDebugName_GUARD[8] = "GUARD";
static char sSfxDebugName_GATTAI[8] = "GATTAI";
static char sSfxDebugName_GN_GUWA[8] = "GN_GUWA";
static char sSfxDebugName_S_SUISAN[12] = "S_SUISAN";
static char sSfxDebugName_S_MOEAGA[12] = "S_MOEAGA";
static char sSfxDebugName_S_ROAD[8] = "S_ROAD";
static char sSfxDebugName_S_TRANS[8] = "S_TRANS";
static char sSfxDebugName_S_HYAHA[8] = "S_HYAHA";
static char sSfxDebugName_S_MORATA[12] = "S_MORATA";
static char sSfxDebugName_S_HA[8] = "S_HA";
static char sSfxDebugName_S_GUO[8] = "S_GUO";
static char sSfxDebugName_S_MITOME[12] = "S_MITOME";
static char sSfxDebugName_HAOTO[8] = "HAOTO";
static char sSfxDebugName_S_HACHI[8] = "S_HACHI";
static char sSfxDebugName_S_MAMAGO[12] = "S_MAMAGO";
static char sSfxDebugName_S_IKIGAI[12] = "S_IKIGAI";
static char sSfxDebugName_B_KENZAN[12] = "B_KENZAN";
static char sSfxDebugName_B_YOROI[8] = "B_YOROI";
static char sSfxDebugName_BOSSOUT1[12] = "BOSSOUT1";
static char sSfxDebugName_B_SKY[8] = "B_SKY";
static char sSfxDebugName_B_TRANS[8] = "B_TRANS";
static char sSfxDebugName_B_WARAI[8] = "B_WARAI";
static char sSfxDebugName_B_HAA[8] = "B_HAA";
static char sSfxDebugName_B_AMAI[8] = "B_AMAI";
static char sSfxDebugName_B_MAIRU[8] = "B_MAIRU";
static char sSfxDebugName_B_U[4] = "B_U";
static char sSfxDebugName_SHUFFLE[8] = "SHUFFLE";
static char sSfxDebugName_JET3[8] = "JET3";
static char sSfxDebugName_JET2[8] = "JET2";
static char sSfxDebugName_G_SANJOU[12] = "G_SANJOU";
static char sSfxDebugName_G_DAREGA[12] = "G_DAREGA";
static char sSfxDebugName_COUNT[8] = "COUNT";
static char sSfxDebugName_G_GRAND[8] = "G_GRAND";
static char sSfxDebugName_G_TRANS[8] = "G_TRANS";
static char sSfxDebugName_G_HAHA[8] = "G_HAHA";
static char sSfxDebugName_G_ONDORY[12] = "G_ONDORY";
static char sSfxDebugName_OSHIRASE2[12] = "OSHIRASE2";
static char sSfxDebugName_G_UHOO[8] = "G_UHOO";
static char sSfxDebugName_G_NGA[8] = "G_NGA";
static char sSfxDebugName_G_HORETA[12] = "G_HORETA";
static char sSfxDebugName_KEROKERO[12] = "KEROKERO";
static char sSfxDebugName_G_MUOO[8] = "G_MUOO";
static char sSfxDebugName_GE[4] = "GE";
static char sSfxDebugName_BOXIN[8] = "BOXIN";
static char sSfxDebugName_BOXOUT[8] = "BOXOUT";
static char sSfxDebugName_MARI[8] = "MARI";
static char sSfxDebugName_GANBE[8] = "GANBE";
static char sSfxDebugName_BARON[8] = "BARON";
static char sSfxDebugName_STING[8] = "STING";
static char sSfxDebugName_GORI[8] = "GORI";
static char sSfxDebugName_KISHIMI[8] = "KISHIMI";
static char sSfxDebugName_SE1[4] = "SE1";
static char sSfxDebugName_SE2[4] = "SE2";
static char sSfxDebugName_SE3[4] = "SE3";
static char sSfxDebugName_JUMP3[8] = "JUMP3";
static char sSfxDebugName_JUMP4[8] = "JUMP4";
static char sSfxDebugName_KAKEGOE[8] = "KAKEGOE";
static char sSfxDebugName_SE4[4] = "SE4";
static char sSfxDebugName_DOSUN2[8] = "DOSUN2";
static char sSfxDebugName_JINARI2[8] = "JINARI2";
static char sSfxDebugName_BEE1[8] = "BEE1";
static char sSfxDebugName_APPEAR[8] = "APPEAR";
static char sSfxDebugName_T_MOVE3[8] = "T_MOVE3";
static char sSfxDebugName_NEKOJ[8] = "NEKOJ";
static char sSfxDebugName_YURE[8] = "YURE";
static char sSfxDebugName_MWARP2[8] = "MWARP2";
static char sSfxDebugName_TOGE[8] = "TOGE";
static char sSfxDebugName_GREEN[8] = "GREEN";
static char sSfxDebugName_MISSILE[8] = "MISSILE";
static char sSfxDebugName_MISSILE2[12] = "MISSILE2";
static char sSfxDebugName_WALKER2[8] = "WALKER2";
static char sSfxDebugName_ASHIBATA[12] = "ASHIBATA";
static char sSfxDebugName_K_CHAKU[8] = "K_CHAKU";
static char sSfxDebugName_SKI[4] = "SKI";
static char sSfxDebugName_SANRIN[8] = "SANRIN";
static char sSfxDebugName_NENGAYA2[12] = "NENGAYA2";
static char sSfxDebugName_NENGAYA3[12] = "NENGAYA3";
static char sSfxDebugName_BOO[4] = "BOO";
static char sSfxDebugName_RAPPA[8] = "RAPPA";
static char sSfxDebugName_SIKKAKU[8] = "SIKKAKU";
static char sSfxDebugName_DISP[8] = "DISP";
static char sSfxDebugName_PINPON[8] = "PINPON";
static char sSfxDebugName_NG[4] = "NG";
static char sSfxDebugName_GORO[8] = "GORO";
static char sSfxDebugName_STAR[8] = "STAR";
static char sSfxDebugName_DISP2[8] = "DISP2";
static char sSfxDebugName_DAMAGE1[8] = "DAMAGE1";
static char sSfxDebugName_SCORE[8] = "SCORE";
static char sSfxDebugName_MOGU[8] = "MOGU";
static char sSfxDebugName_MONS2[8] = "MONS2";
static char sSfxDebugName_HENSIN1[8] = "HENSIN1";
static char sSfxDebugName_HENSIN2[8] = "HENSIN2";
static char sSfxDebugName_HENSIN3[8] = "HENSIN3";
static char sSfxDebugName_HENSIN4[8] = "HENSIN4";
static char sSfxDebugName_HOSHI[8] = "HOSHI";
static char sSfxDebugName_OSHIRSE[8] = "OSHIRSE";
static char sSfxDebugName_MIX1[8] = "MIX1";
static char sSfxDebugName_MIX2[8] = "MIX2";
static char sSfxDebugName_BOS5SHOT[12] = "BOS5SHOT";
static char sSfxDebugName_EVENT[8] = "EVENT";
static char sSfxDebugName_END[4] = "END";

const char* gSfxSequenceDebugNames[] = {
    sSfxDebugName_TROUBLE, sSfxDebugName_CURSOL, sSfxDebugName_KETTEI, sSfxDebugName_JUMP, sSfxDebugName_CHAKUCHI, sSfxDebugName_BOM, sSfxDebugName_P_RUN, sSfxDebugName_PUNCH2,
    sSfxDebugName_WALK1, sSfxDebugName_SWISH_S, sSfxDebugName_SWISH_M, sSfxDebugName_PUNCH1, sSfxDebugName_PUNCH4, sSfxDebugName_SHOT1, sSfxDebugName_TAKE, sSfxDebugName_IMPACT1,
    sSfxDebugName_FIRE1, sSfxDebugName_METAL1, sSfxDebugName_SWORD1, sSfxDebugName_SLIDING1, sSfxDebugName_STONE1, sSfxDebugName_DOSS1, sSfxDebugName_KOWARE, sSfxDebugName_DOTABATA,
    sSfxDebugName_SWISH_L, sSfxDebugName_NVOICE4, sSfxDebugName_GET2, sSfxDebugName_OUT1, sSfxDebugName_KIRA1, sSfxDebugName_RAKKA, sSfxDebugName_HENSIN5, sSfxDebugName_TEL,
    sSfxDebugName_BOMB, sSfxDebugName_NOUT, sSfxDebugName_BOM2, sSfxDebugName_KYAA, sSfxDebugName_DOSUN1, sSfxDebugName_SHOT3, sSfxDebugName_MONS1, sSfxDebugName_SLIDING2,
    sSfxDebugName_CHILD, sSfxDebugName_DON1, sSfxDebugName_PROM, sSfxDebugName_SOZ_039, sSfxDebugName_BOM_BG, sSfxDebugName_NON, sSfxDebugName_SOZ_052, sSfxDebugName_SIGN1,
    sSfxDebugName_KIRA2, sSfxDebugName_SHOT2, sSfxDebugName_PRUN, sSfxDebugName_SOZ_076, sSfxDebugName_JSTOP, sSfxDebugName_WALKER, sSfxDebugName_GET1, sSfxDebugName_SOZ_108,
    sSfxDebugName_TFORM, sSfxDebugName_SOZ_115, sSfxDebugName_SP1, sSfxDebugName_SOZ_123, sSfxDebugName_BOM_S, sSfxDebugName_SOZ_133, sSfxDebugName_SAW, sSfxDebugName_FIRE2,
    sSfxDebugName_FIRE3, sSfxDebugName_BOSSR, sSfxDebugName_OUT2, sSfxDebugName_KIN1, sSfxDebugName_BIRI, sSfxDebugName_YOO1, sSfxDebugName_VC1, sSfxDebugName_SCI_104,
    sSfxDebugName_METAL2, sSfxDebugName_PUNCH3, sSfxDebugName_SENSYA, sSfxDebugName_CHAKU2, sSfxDebugName_SW_SHOT1, sSfxDebugName_KIRI1, sSfxDebugName_T_SHOT1, sSfxDebugName_CHAKU3,
    sSfxDebugName_T_MOVE1, sSfxDebugName_TFORM_B, sSfxDebugName_SP1_2, sSfxDebugName_JET, sSfxDebugName_PUT1, sSfxDebugName_FIRE4, sSfxDebugName_TEXT4, sSfxDebugName_WING,
    sSfxDebugName_TEXT2, sSfxDebugName_SE5, sSfxDebugName_TIMER, sSfxDebugName_DOUKA, sSfxDebugName_G_OTOKO, sSfxDebugName_G_IKUDE, sSfxDebugName_HANAU, sSfxDebugName_YOO3,
    sSfxDebugName_PFLY, sSfxDebugName_BANE, sSfxDebugName_T_MOVE2, sSfxDebugName_W_SHOT1, sSfxDebugName_T_JP1, sSfxDebugName_CHAKU2_R, sSfxDebugName_ZENTEN, sSfxDebugName_H_FORM,
    sSfxDebugName_WALL, sSfxDebugName_SET1, sSfxDebugName_YAKU, sSfxDebugName_W_MOVE, sSfxDebugName_SHOT3_2, sSfxDebugName_SWISH_A, sSfxDebugName_YAWA, sSfxDebugName_YAWA2,
    sSfxDebugName_YAWA3, sSfxDebugName_EDIT, sSfxDebugName_BOM3, sSfxDebugName_DOSS2, sSfxDebugName_KIRA3, sSfxDebugName_SWISH_SL, sSfxDebugName_SWISH_ML, sSfxDebugName_SWISH_LH,
    sSfxDebugName_SP2, sSfxDebugName_SOZ_1082, sSfxDebugName_TUBO, sSfxDebugName_LAUGH1, sSfxDebugName_NVOICE1, sSfxDebugName_NTALK1, sSfxDebugName_NTALK2, sSfxDebugName_NTALK4,
    sSfxDebugName_NVOICE2, sSfxDebugName_NVOICE3, sSfxDebugName_YAWA4, sSfxDebugName_VC1_H, sSfxDebugName_TANK, sSfxDebugName_FTAME, sSfxDebugName_NVOICE1L, sSfxDebugName_NTALK6,
    sSfxDebugName_SWISH_LHH, sSfxDebugName_YOO2, sSfxDebugName_JINARI1, sSfxDebugName_NCHAKU, sSfxDebugName_PNAGE, sSfxDebugName_PSLIDE, sSfxDebugName_TORNADO, sSfxDebugName_ETC,
    sSfxDebugName_MWARP, sSfxDebugName_AITAA, sSfxDebugName_FURI, sSfxDebugName_HA, sSfxDebugName_ITE, sSfxDebugName_KRAKRA, sSfxDebugName_SOKOMA, sSfxDebugName_OBA,
    sSfxDebugName_TORYA, sSfxDebugName_WINDY, sSfxDebugName_CHG1, sSfxDebugName_CHG2, sSfxDebugName_DEMO1, sSfxDebugName_THUND, sSfxDebugName_CLOUD, sSfxDebugName_SNAKE,
    sSfxDebugName_SNAKE2, sSfxDebugName_FURISE, sSfxDebugName_SAND, sSfxDebugName_MOUT, sSfxDebugName_RECV, sSfxDebugName_M_MAI, sSfxDebugName_SIGN2, sSfxDebugName_M_GO,
    sSfxDebugName_M_OVER, sSfxDebugName_M_YAHH, sSfxDebugName_M_YA, sSfxDebugName_M_ATA, sSfxDebugName_M_ACHAA, sSfxDebugName_M_KYAHHO, sSfxDebugName_SET2, sSfxDebugName_M_HOI,
    sSfxDebugName_M_FUNFUN, sSfxDebugName_START, sSfxDebugName_M_MUKA, sSfxDebugName_M_SUKIRI, sSfxDebugName_YELLOW, sSfxDebugName_OKKAKE, sSfxDebugName_BOS5OUT, sSfxDebugName_GN_OO2,
    sSfxDebugName_GN_CONT, sSfxDebugName_GN_GANBA, sSfxDebugName_GN_SARA, sSfxDebugName_GN_HII, sSfxDebugName_GN_MARIN, sSfxDebugName_GN_OO, sSfxDebugName_GN_FUFU, sSfxDebugName_GN_SABISI,
    sSfxDebugName_HIBI, sSfxDebugName_GUARD, sSfxDebugName_GATTAI, sSfxDebugName_GN_GUWA, sSfxDebugName_S_SUISAN, sSfxDebugName_S_MOEAGA, sSfxDebugName_S_ROAD, sSfxDebugName_S_TRANS,
    sSfxDebugName_S_HYAHA, sSfxDebugName_S_MORATA, sSfxDebugName_S_HA, sSfxDebugName_S_GUO, sSfxDebugName_S_MITOME, sSfxDebugName_HAOTO, sSfxDebugName_S_HACHI, sSfxDebugName_S_MAMAGO,
    sSfxDebugName_S_IKIGAI, sSfxDebugName_B_KENZAN, sSfxDebugName_B_YOROI, sSfxDebugName_BOSSOUT1, sSfxDebugName_B_SKY, sSfxDebugName_B_TRANS, sSfxDebugName_B_WARAI, sSfxDebugName_B_HAA,
    sSfxDebugName_B_AMAI, sSfxDebugName_B_MAIRU, sSfxDebugName_B_U, sSfxDebugName_SHUFFLE, sSfxDebugName_JET3, sSfxDebugName_JET2, sSfxDebugName_G_SANJOU, sSfxDebugName_G_DAREGA,
    sSfxDebugName_COUNT, sSfxDebugName_G_GRAND, sSfxDebugName_G_TRANS, sSfxDebugName_G_HAHA, sSfxDebugName_G_ONDORY, sSfxDebugName_OSHIRASE2, sSfxDebugName_G_UHOO, sSfxDebugName_G_NGA,
    sSfxDebugName_G_HORETA, sSfxDebugName_KEROKERO, sSfxDebugName_G_MUOO, sSfxDebugName_GE, sSfxDebugName_BOXIN, sSfxDebugName_BOXOUT, sSfxDebugName_MARI, sSfxDebugName_GANBE,
    sSfxDebugName_BARON, sSfxDebugName_STING, sSfxDebugName_GORI, sSfxDebugName_KISHIMI, sSfxDebugName_SE1, sSfxDebugName_SE2, sSfxDebugName_SE3, sSfxDebugName_JUMP3,
    sSfxDebugName_JUMP4, sSfxDebugName_KAKEGOE, sSfxDebugName_SE4, sSfxDebugName_DOSUN2, sSfxDebugName_JINARI2, sSfxDebugName_BEE1, sSfxDebugName_APPEAR, sSfxDebugName_T_MOVE3,
    sSfxDebugName_NEKOJ, sSfxDebugName_YURE, sSfxDebugName_MWARP2, sSfxDebugName_TOGE, sSfxDebugName_GREEN, sSfxDebugName_MISSILE, sSfxDebugName_MISSILE2, sSfxDebugName_WALKER2,
    sSfxDebugName_ASHIBATA, sSfxDebugName_K_CHAKU, sSfxDebugName_SKI, sSfxDebugName_SANRIN, sSfxDebugName_NENGAYA2, sSfxDebugName_NENGAYA3, sSfxDebugName_BOO, sSfxDebugName_RAPPA,
    sSfxDebugName_SIKKAKU, sSfxDebugName_DISP, sSfxDebugName_PINPON, sSfxDebugName_NG, sSfxDebugName_GORO, sSfxDebugName_STAR, sSfxDebugName_DISP2, sSfxDebugName_DAMAGE1,
    sSfxDebugName_SCORE, sSfxDebugName_MOGU, sSfxDebugName_MONS2, sSfxDebugName_HENSIN1, sSfxDebugName_HENSIN2, sSfxDebugName_HENSIN3, sSfxDebugName_HENSIN4, sSfxDebugName_HOSHI,
    sSfxDebugName_OSHIRSE, sSfxDebugName_MIX1, sSfxDebugName_MIX2, sSfxDebugName_BOS5SHOT, sSfxDebugName_EVENT, sSfxDebugName_END,
};

// debug names for the instruments referenced by the SFX bank table
static char sInstDebugName_DOSS2[8] = "DOSS2";
static char sInstDebugName_KETTEI[8] = "KETTEI";
static char sInstDebugName_PUNCH3[8] = "PUNCH3";
static char sInstDebugName_CHAKUCHI[12] = "CHAKUCHI";
static char sInstDebugName_BOM[4] = "BOM";
static char sInstDebugName_WALK1[8] = "WALK1";
static char sInstDebugName_BOM3[8] = "BOM3";
static char sInstDebugName_SWISH_S[8] = "SWISH_S";
static char sInstDebugName_SWISH_M[8] = "SWISH_M";
static char sInstDebugName_PUNCH1[8] = "PUNCH1";
static char sInstDebugName_PUNCH4[8] = "PUNCH4";
static char sInstDebugName_SHOT1H[8] = "SHOT1H";
static char sInstDebugName_SHOT2[8] = "SHOT2";
static char sInstDebugName_IMPACT1[8] = "IMPACT1";
static char sInstDebugName_TGNOISE[8] = "TGNOISE";
static char sInstDebugName_METAL1[8] = "METAL1";
static char sInstDebugName_SWORD1[8] = "SWORD1";
static char sInstDebugName_SLIDING1[12] = "SLIDING1";
static char sInstDebugName_STONE1[8] = "STONE1";
static char sInstDebugName_DOSS1[8] = "DOSS1";
static char sInstDebugName_BOMNOISE[12] = "BOMNOISE";
static char sInstDebugName_POTTERYBREAK[16] = "POTTERYBREAK";
static char sInstDebugName_SINE2[8] = "SINE2";
static char sInstDebugName_SWISH_L[8] = "SWISH_L";
static char sInstDebugName_NVOICE4[8] = "NVOICE4";
static char sInstDebugName_WALK1_2[12] = "WALK1(2)";
static char sInstDebugName_BELL2[8] = "BELL2";
static char sInstDebugName_ELC1[8] = "ELC1";
static char sInstDebugName_ELC2[8] = "ELC2";
static char sInstDebugName_ELC3[8] = "ELC3";
static char sInstDebugName_ELC4[8] = "ELC4";
static char sInstDebugName_DA[4] = "DA";
static char sInstDebugName_BOM2[8] = "BOM2";
static char sInstDebugName_ELC5[8] = "ELC5";
static char sInstDebugName_DOSUN1[8] = "DOSUN1";
static char sInstDebugName_PINKNOISE[12] = "PINKNOISE";
static char sInstDebugName_SHOT3[8] = "SHOT3";
static char sInstDebugName_MONS1_2[8] = "MONS1_2";
static char sInstDebugName_SLIDING2[12] = "SLIDING2";
static char sInstDebugName_MINI_P[8] = "MINI_P";
static char sInstDebugName_SOZ_010[8] = "SOZ_010";
static char sInstDebugName_SOZ_036[8] = "SOZ_036";
static char sInstDebugName_SOZ_039[8] = "SOZ_039";
static char sInstDebugName_SOZ_047[8] = "SOZ_047";
static char sInstDebugName_SOZ_049[8] = "SOZ_049";
static char sInstDebugName_SOZ_052ED[12] = "SOZ_052ED";
static char sInstDebugName_MARIM[8] = "MARIM";
static char sInstDebugName_KIRA2[8] = "KIRA2";
static char sInstDebugName_SHOT2_2[8] = "SHOT2";
static char sInstDebugName_SOZ_066[8] = "SOZ_066";
static char sInstDebugName_SOZ_076[8] = "SOZ_076";
static char sInstDebugName_SOZ_093[8] = "SOZ_093";
static char sInstDebugName_WALKER[8] = "WALKER";
static char sInstDebugName_TONE1[8] = "TONE1";
static char sInstDebugName_SOZ_108[8] = "SOZ_108";
static char sInstDebugName_TFORM[8] = "TFORM";
static char sInstDebugName_SOZ_115[8] = "SOZ_115";
static char sInstDebugName_SP1[4] = "SP1";
static char sInstDebugName_SOZ_123[8] = "SOZ_123";
static char sInstDebugName_SOZ_127[8] = "SOZ_127";
static char sInstDebugName_SOZ_133[8] = "SOZ_133";
static char sInstDebugName_SAW[4] = "SAW";
static char sInstDebugName_FIRE2[8] = "FIRE2";
static char sInstDebugName_BOSSLR[8] = "BOSSLR";
static char sInstDebugName_OUT2[8] = "OUT2";
static char sInstDebugName_NAGE1[8] = "NAGE1";
static char sInstDebugName_YOO1[8] = "YOO1";
static char sInstDebugName_VC1[4] = "VC1";
static char sInstDebugName_SCI_104[8] = "SCI_104";
static char sInstDebugName_METAL2[8] = "METAL2";
static char sInstDebugName_JUMP2[8] = "JUMP2";
static char sInstDebugName_SAW2[8] = "SAW2";
static char sInstDebugName_CHAKU2[8] = "CHAKU2";
static char sInstDebugName_SW_SHOT1[12] = "SW_SHOT1";
static char sInstDebugName_KIRI1[8] = "KIRI1";
static char sInstDebugName_T_SHOT1[8] = "T_SHOT1";
static char sInstDebugName_T_MOVE1[8] = "T_MOVE1";
static char sInstDebugName_DAMMY1[8] = "DAMMY1";
static char sInstDebugName_DAMMY2[8] = "DAMMY2";
static char sInstDebugName_RAPPA[8] = "RAPPA";
static char sInstDebugName_NG[4] = "NG";
static char sInstDebugName_NENGAYA[8] = "NENGAYA";
static char sInstDebugName_BANE[8] = "BANE";
static char sInstDebugName_T_MOVE2[8] = "T_MOVE2";
static char sInstDebugName_SCI_053[8] = "SCI_053";
static char sInstDebugName_W_SHOT1[8] = "W_SHOT1";
static char sInstDebugName_T_JP[8] = "T_JP";
static char sInstDebugName_DAMMY6[8] = "DAMMY6";
static char sInstDebugName_DAMMY7[8] = "DAMMY7";
static char sInstDebugName_KETTEI2[8] = "KETTEI2";
static char sInstDebugName_PFLY2_1[8] = "PFLY2_1";
static char sInstDebugName_SAWC6[8] = "SAWC6";
static char sInstDebugName_BEE[4] = "BEE";
static char sInstDebugName_KAKEGOE[8] = "KAKEGOE";
static char sInstDebugName_BRS[4] = "BRS";
static char sInstDebugName_PCHAKU[8] = "PCHAKU";
static char sInstDebugName_KYAA[8] = "KYAA";
static char sInstDebugName_PFLY2[8] = "PFLY2";
static char sInstDebugName_PUNCH2[8] = "PUNCH2";
static char sInstDebugName_LEAD2SAW[12] = "LEAD2SAW";
static char sInstDebugName_PIYO[8] = "PIYO";
static char sInstDebugName_GACHA[8] = "GACHA";
static char sInstDebugName_W_MOVE[8] = "W_MOVE";
static char sInstDebugName_SAWTOOTH[12] = "SAWTOOTH";
static char sInstDebugName_NPAKO1[8] = "NPAKO1";
static char sInstDebugName_KIRA3[8] = "KIRA3";
static char sInstDebugName_LAUGH1[8] = "LAUGH1";
static char sInstDebugName_HELP[8] = "HELP";
static char sInstDebugName_HELPUP[8] = "HELPUP";
static char sInstDebugName_CLAPS[8] = "CLAPS";
static char sInstDebugName_DE[4] = "DE";
static char sInstDebugName_BA[4] = "BA";
static char sInstDebugName_NA[4] = "NA";
static char sInstDebugName_KA[4] = "KA";
static char sInstDebugName_RA[4] = "RA";
static char sInstDebugName_NOUT1[8] = "NOUT1";
static char sInstDebugName_NVOICE3[8] = "NVOICE3";
static char sInstDebugName_BOMNOISE2[12] = "BOMNOISE2";
static char sInstDebugName_AITAA[8] = "AITAA";
static char sInstDebugName_FURI[8] = "FURI";
static char sInstDebugName_HA[4] = "HA";
static char sInstDebugName_ITE[4] = "ITE";
static char sInstDebugName_IYAA[8] = "IYAA";
static char sInstDebugName_SOKOMA[8] = "SOKOMA";
static char sInstDebugName_G_HAHA[8] = "G_HAHA";
static char sInstDebugName_TORYA[8] = "TORYA";
static char sInstDebugName_SINE2_2[8] = "SINE2";
static char sInstDebugName_SINE2_3[8] = "SINE2";
static char sInstDebugName_M_MARIN[8] = "M_MARIN";
static char sInstDebugName_M_SYOORI[12] = "M_SYOORI";
static char sInstDebugName_TROUBLE[8] = "TROUBLE";
static char sInstDebugName_M_GOGO[8] = "M_GOGO";
static char sInstDebugName_M_GAME[8] = "M_GAME";
static char sInstDebugName_M_OVER[8] = "M_OVER";
static char sInstDebugName_M_YAHH[8] = "M_YAHH";
static char sInstDebugName_M_YA[8] = "M_YA";
static char sInstDebugName_M_ATA[8] = "M_ATA";
static char sInstDebugName_M_A[4] = "M_A";
static char sInstDebugName_M_CHAA[8] = "M_CHAA";
static char sInstDebugName_M_KYAHHO[12] = "M_KYAHHO";
static char sInstDebugName_GN_IFUKA[12] = "GN_IFUKA";
static char sInstDebugName_GN_JIKEN[12] = "GN_JIKEN";
static char sInstDebugName_GN_CONT[8] = "GN_CONT";
static char sInstDebugName_GN_GANBA[12] = "GN_GANBA";
static char sInstDebugName_GN_SARA[8] = "GN_SARA";
static char sInstDebugName_GN_HII[8] = "GN_HII";
static char sInstDebugName_GN_MARIN[12] = "GN_MARIN";
static char sInstDebugName_GN_OO[8] = "GN_OO";
static char sInstDebugName_GN_FU1[8] = "GN_FU1";
static char sInstDebugName_GN_FU2[8] = "GN_FU2";
static char sInstDebugName_GN_FU3[8] = "GN_FU3";
static char sInstDebugName_GN_FU4[8] = "GN_FU4";
static char sInstDebugName_GN_FU5[8] = "GN_FU5";
static char sInstDebugName_GN_FU6[8] = "GN_FU6";
static char sInstDebugName_GN_FU7[8] = "GN_FU7";
static char sInstDebugName_GN_FU8[8] = "GN_FU8";
static char sInstDebugName_GN_FU9[8] = "GN_FU9";
static char sInstDebugName_M_MEIROU[12] = "M_MEIROU";
static char sInstDebugName_M_MARIN2[12] = "M_MARIN2";
static char sInstDebugName_M_SARAWA[12] = "M_SARAWA";
static char sInstDebugName_M_JOUBU[8] = "M_JOUBU";
static char sInstDebugName_M_OKOTTA[12] = "M_OKOTTA";
static char sInstDebugName_M_MU[8] = "M_MU";
static char sInstDebugName_M_KAA[8] = "M_KAA";
static char sInstDebugName_M_I[4] = "M_I";
static char sInstDebugName_M_TAI[8] = "M_TAI";
static char sInstDebugName_M_FUNFUN[12] = "M_FUNFUN";
static char sInstDebugName_M_HOI[8] = "M_HOI";
static char sInstDebugName_M_SUKIRI[12] = "M_SUKIRI";
static char sInstDebugName_GN_MCHAN[12] = "GN_MCHAN";
static char sInstDebugName_GN_WASYA[12] = "GN_WASYA";
static char sInstDebugName_GN_A[8] = "GN_A";
static char sInstDebugName_GN_HAN[8] = "GN_HAN";
static char sInstDebugName_GN_DAIJI[12] = "GN_DAIJI";
static char sInstDebugName_GN_ROUJU[12] = "GN_ROUJU";
static char sInstDebugName_GN_GUWA[8] = "GN_GUWA";
static char sInstDebugName_PRUN[8] = "PRUN";
static char sInstDebugName_BIRI[8] = "BIRI";
static char sInstDebugName_S_SUISAN[12] = "S_SUISAN";
static char sInstDebugName_S_MOEAGA[12] = "S_MOEAGA";
static char sInstDebugName_S_ROAD[8] = "S_ROAD";
static char sInstDebugName_S_HYAHA[8] = "S_HYAHA";
static char sInstDebugName_S_MORATA[12] = "S_MORATA";
static char sInstDebugName_S_HA[8] = "S_HA";
static char sInstDebugName_S_GUO[8] = "S_GUO";
static char sInstDebugName_S_MITOME[12] = "S_MITOME";
static char sInstDebugName_SINE2_4[8] = "SINE2";
static char sInstDebugName_S_HACHI[8] = "S_HACHI";
static char sInstDebugName_S_MAMAGO[12] = "S_MAMAGO";
static char sInstDebugName_S_IKIGAI[12] = "S_IKIGAI";
static char sInstDebugName_S_TRANS[8] = "S_TRANS";
static char sInstDebugName_B_KENZAN[12] = "B_KENZAN";
static char sInstDebugName_B_YOROI[8] = "B_YOROI";
static char sInstDebugName_SINE2_5[8] = "SINE2";
static char sInstDebugName_B_SKY[8] = "B_SKY";
static char sInstDebugName_B_TRANS[8] = "B_TRANS";
static char sInstDebugName_B_WARAI[8] = "B_WARAI";
static char sInstDebugName_B_HAA[8] = "B_HAA";
static char sInstDebugName_B_AMAI[8] = "B_AMAI";
static char sInstDebugName_B_MAIRU[8] = "B_MAIRU";
static char sInstDebugName_B_U[4] = "B_U";
static char sInstDebugName_B_LADY[8] = "B_LADY";
static char sInstDebugName_B_ORENO[8] = "B_ORENO";
static char sInstDebugName_SINE2_6[8] = "SINE2";
static char sInstDebugName_G_SANJOU[12] = "G_SANJOU";
static char sInstDebugName_G_DAREGA[12] = "G_DAREGA";
static char sInstDebugName_G_WAIWO[8] = "G_WAIWO";
static char sInstDebugName_G_GRAND[8] = "G_GRAND";
static char sInstDebugName_G_TRANS[8] = "G_TRANS";
static char sInstDebugName_SINE2_7[8] = "SINE2";
static char sInstDebugName_G_ONDORY[12] = "G_ONDORY";
static char sInstDebugName_G_DOUJAI[12] = "G_DOUJAI";
static char sInstDebugName_G_UHOO[8] = "G_UHOO";
static char sInstDebugName_G_NGA[8] = "G_NGA";
static char sInstDebugName_G_HORETA[12] = "G_HORETA";
static char sInstDebugName_SINE2_8[8] = "SINE2";
static char sInstDebugName_G_MUOO[8] = "G_MUOO";
static char sInstDebugName_SINE2_9[8] = "SINE2";
static char sInstDebugName_G_OTOKO[8] = "G_OTOKO";
static char sInstDebugName_G_IKUDE[8] = "G_IKUDE";
static char sInstDebugName_CHILD[8] = "CHILD\t";
static char sInstDebugName_PFLY[8] = "PFLY\t";
static char sInstDebugName_SP2[8] = "SP2\t";

// Bank number for each libaudio instrument used by the SFX sequences
u8 gSfxBankIds[] = {
    SFX_BANK_PRIMARY, SFX_BANK_PRIMARY, SFX_BANK_PRIMARY, SFX_BANK_PRIMARY, SFX_BANK_PRIMARY, SFX_BANK_PRIMARY, SFX_BANK_PRIMARY, SFX_BANK_PRIMARY, SFX_BANK_PRIMARY, SFX_BANK_PRIMARY, SFX_BANK_PRIMARY, SFX_BANK_PRIMARY, SFX_BANK_PRIMARY, SFX_BANK_PRIMARY, SFX_BANK_PRIMARY, SFX_BANK_PRIMARY,
    SFX_BANK_PRIMARY, SFX_BANK_PRIMARY, SFX_BANK_PRIMARY, SFX_BANK_PRIMARY, SFX_BANK_PRIMARY, SFX_BANK_PRIMARY, SFX_BANK_PRIMARY, SFX_BANK_PRIMARY, SFX_BANK_PRIMARY, SFX_BANK_PRIMARY, SFX_BANK_PRIMARY, SFX_BANK_PRIMARY, SFX_BANK_PRIMARY, SFX_BANK_PRIMARY, SFX_BANK_PRIMARY, SFX_BANK_PRIMARY,
    SFX_BANK_PRIMARY, SFX_BANK_PRIMARY, SFX_BANK_PRIMARY, SFX_BANK_PRIMARY, SFX_BANK_PRIMARY, SFX_BANK_PRIMARY, SFX_BANK_PRIMARY, SFX_BANK_PRIMARY, SFX_BANK_PRIMARY, SFX_BANK_PRIMARY, SFX_BANK_PRIMARY, SFX_BANK_PRIMARY, SFX_BANK_PRIMARY, SFX_BANK_PRIMARY, SFX_BANK_PRIMARY, SFX_BANK_PRIMARY,
    SFX_BANK_PRIMARY, SFX_BANK_PRIMARY, SFX_BANK_PRIMARY, SFX_BANK_PRIMARY, SFX_BANK_PRIMARY, SFX_BANK_PRIMARY, SFX_BANK_PRIMARY, SFX_BANK_PRIMARY, SFX_BANK_PRIMARY, SFX_BANK_PRIMARY, SFX_BANK_PRIMARY, SFX_BANK_PRIMARY, SFX_BANK_PRIMARY, SFX_BANK_PRIMARY, SFX_BANK_PRIMARY, SFX_BANK_PRIMARY,
    SFX_BANK_PRIMARY, SFX_BANK_PRIMARY, SFX_BANK_PRIMARY, SFX_BANK_PRIMARY, SFX_BANK_PRIMARY, SFX_BANK_PRIMARY, SFX_BANK_PRIMARY, SFX_BANK_PRIMARY, SFX_BANK_PRIMARY, SFX_BANK_PRIMARY, SFX_BANK_PRIMARY, SFX_BANK_PRIMARY, SFX_BANK_PRIMARY, SFX_BANK_PRIMARY, SFX_BANK_PRIMARY, SFX_BANK_PRIMARY,
    SFX_BANK_PRIMARY, SFX_BANK_PRIMARY, SFX_BANK_PRIMARY, SFX_BANK_PRIMARY, SFX_BANK_PRIMARY, SFX_BANK_PRIMARY, SFX_BANK_PRIMARY, SFX_BANK_PRIMARY, SFX_BANK_PRIMARY, SFX_BANK_PRIMARY, SFX_BANK_PRIMARY, SFX_BANK_PRIMARY, SFX_BANK_PRIMARY, SFX_BANK_PRIMARY, SFX_BANK_PRIMARY, SFX_BANK_PRIMARY,
    SFX_BANK_PRIMARY, SFX_BANK_PRIMARY, SFX_BANK_PRIMARY, SFX_BANK_PRIMARY, SFX_BANK_PRIMARY, SFX_BANK_PRIMARY, SFX_BANK_PRIMARY, SFX_BANK_PRIMARY, SFX_BANK_PRIMARY, SFX_BANK_PRIMARY, SFX_BANK_PRIMARY, SFX_BANK_PRIMARY, SFX_BANK_PRIMARY, SFX_BANK_PRIMARY, SFX_BANK_PRIMARY, SFX_BANK_PRIMARY,
    SFX_BANK_PRIMARY, SFX_BANK_PRIMARY, SFX_BANK_PRIMARY, SFX_BANK_PRIMARY, SFX_BANK_PRIMARY, SFX_BANK_PRIMARY, SFX_BANK_PRIMARY, SFX_BANK_PRIMARY, SFX_BANK_PRIMARY, SFX_BANK_PRIMARY, SFX_BANK_PRIMARY, SFX_BANK_PRIMARY, SFX_BANK_PRIMARY, SFX_BANK_PRIMARY, SFX_BANK_PRIMARY, SFX_BANK_PRIMARY,
    SFX_BANK_SECONDARY, SFX_BANK_SECONDARY, SFX_BANK_SECONDARY, SFX_BANK_SECONDARY, SFX_BANK_SECONDARY, SFX_BANK_SECONDARY, SFX_BANK_SECONDARY, SFX_BANK_SECONDARY, SFX_BANK_SECONDARY, SFX_BANK_SECONDARY, SFX_BANK_SECONDARY, SFX_BANK_SECONDARY, SFX_BANK_SECONDARY, SFX_BANK_SECONDARY, SFX_BANK_SECONDARY, SFX_BANK_SECONDARY,
    SFX_BANK_SECONDARY, SFX_BANK_SECONDARY, SFX_BANK_SECONDARY, SFX_BANK_SECONDARY, SFX_BANK_SECONDARY, SFX_BANK_SECONDARY, SFX_BANK_SECONDARY, SFX_BANK_SECONDARY, SFX_BANK_SECONDARY, SFX_BANK_SECONDARY, SFX_BANK_SECONDARY, SFX_BANK_SECONDARY, SFX_BANK_SECONDARY, SFX_BANK_SECONDARY, SFX_BANK_SECONDARY, SFX_BANK_SECONDARY,
    SFX_BANK_SECONDARY, SFX_BANK_SECONDARY, SFX_BANK_SECONDARY, SFX_BANK_SECONDARY, SFX_BANK_SECONDARY, SFX_BANK_SECONDARY, SFX_BANK_SECONDARY, SFX_BANK_SECONDARY, SFX_BANK_SECONDARY, SFX_BANK_SECONDARY, SFX_BANK_SECONDARY, SFX_BANK_SECONDARY, SFX_BANK_SECONDARY, SFX_BANK_SECONDARY, SFX_BANK_SECONDARY, SFX_BANK_SECONDARY,
    SFX_BANK_SECONDARY, SFX_BANK_SECONDARY, SFX_BANK_SECONDARY, SFX_BANK_SECONDARY, SFX_BANK_SECONDARY, SFX_BANK_SECONDARY, SFX_BANK_SECONDARY, SFX_BANK_SECONDARY, SFX_BANK_SECONDARY, SFX_BANK_SECONDARY, SFX_BANK_SECONDARY, SFX_BANK_SECONDARY, SFX_BANK_SECONDARY, SFX_BANK_SECONDARY, SFX_BANK_SECONDARY, SFX_BANK_SECONDARY,
    SFX_BANK_SECONDARY, SFX_BANK_SECONDARY, SFX_BANK_SECONDARY, SFX_BANK_SECONDARY, SFX_BANK_SECONDARY, SFX_BANK_SECONDARY, SFX_BANK_SECONDARY, SFX_BANK_SECONDARY, SFX_BANK_SECONDARY, SFX_BANK_SECONDARY, SFX_BANK_SECONDARY, SFX_BANK_SECONDARY, SFX_BANK_SECONDARY, SFX_BANK_SECONDARY, SFX_BANK_SECONDARY, SFX_BANK_SECONDARY,
    SFX_BANK_SECONDARY, SFX_BANK_SECONDARY, SFX_BANK_SECONDARY, SFX_BANK_SECONDARY, SFX_BANK_SECONDARY, SFX_BANK_SECONDARY, SFX_BANK_SECONDARY, SFX_BANK_SECONDARY, SFX_BANK_SECONDARY, SFX_BANK_SECONDARY, SFX_BANK_SECONDARY, SFX_BANK_SECONDARY, SFX_BANK_SECONDARY, SFX_BANK_SECONDARY, SFX_BANK_SECONDARY, SFX_BANK_NONE,
};

const char* gSfxInstrumentNames[] = {
    sInstDebugName_DOSS2, sInstDebugName_KETTEI, sInstDebugName_PUNCH3, sInstDebugName_CHAKUCHI,
    sInstDebugName_BOM, sInstDebugName_WALK1, sInstDebugName_BOM3, sInstDebugName_SWISH_S,
    sInstDebugName_SWISH_M, sInstDebugName_PUNCH1, sInstDebugName_PUNCH4, sInstDebugName_SHOT1H,
    sInstDebugName_SHOT2, sInstDebugName_IMPACT1, sInstDebugName_TGNOISE, sInstDebugName_METAL1,
    sInstDebugName_SWORD1, sInstDebugName_SLIDING1, sInstDebugName_STONE1, sInstDebugName_DOSS1,
    sInstDebugName_BOMNOISE, sInstDebugName_POTTERYBREAK, sInstDebugName_SINE2, sInstDebugName_SWISH_L,
    sInstDebugName_NVOICE4, sInstDebugName_WALK1_2, sInstDebugName_BELL2, sInstDebugName_ELC1,
    sInstDebugName_ELC2, sInstDebugName_ELC3, sInstDebugName_ELC4, sInstDebugName_DA,
    sInstDebugName_BOM2, sInstDebugName_ELC5, sInstDebugName_DOSUN1, sInstDebugName_PINKNOISE,
    sInstDebugName_SHOT3, sInstDebugName_MONS1_2, sInstDebugName_SLIDING2, sInstDebugName_MINI_P,
    sInstDebugName_SOZ_010, sInstDebugName_SOZ_036, sInstDebugName_SOZ_039, sInstDebugName_SOZ_047,
    sInstDebugName_SOZ_049, sInstDebugName_SOZ_052ED, sInstDebugName_MARIM, sInstDebugName_KIRA2,
    sInstDebugName_SHOT2_2, sInstDebugName_SOZ_066, sInstDebugName_SOZ_076, sInstDebugName_SOZ_093,
    sInstDebugName_WALKER, sInstDebugName_TONE1, sInstDebugName_SOZ_108, sInstDebugName_TFORM,
    sInstDebugName_SOZ_115, sInstDebugName_SP1, sInstDebugName_SOZ_123, sInstDebugName_SOZ_127,
    sInstDebugName_SOZ_133, sInstDebugName_SAW, sInstDebugName_FIRE2, sInstDebugName_BOSSLR,
    sInstDebugName_OUT2, sInstDebugName_NAGE1, sInstDebugName_YOO1, sInstDebugName_VC1,
    sInstDebugName_SCI_104, sInstDebugName_METAL2, sInstDebugName_JUMP2, sInstDebugName_SAW2,
    sInstDebugName_CHAKU2, sInstDebugName_SW_SHOT1, sInstDebugName_KIRI1, sInstDebugName_T_SHOT1,
    sInstDebugName_T_MOVE1, sInstDebugName_DAMMY1, sInstDebugName_DAMMY2, sInstDebugName_RAPPA,
    sInstDebugName_NG, sInstDebugName_NENGAYA, sInstDebugName_BANE, sInstDebugName_T_MOVE2,
    sInstDebugName_SCI_053, sInstDebugName_W_SHOT1, sInstDebugName_T_JP, sInstDebugName_DAMMY6,
    sInstDebugName_DAMMY7, sInstDebugName_KETTEI2, sInstDebugName_PFLY2_1, sInstDebugName_SAWC6,
    sInstDebugName_BEE, sInstDebugName_KAKEGOE, sInstDebugName_BRS, sInstDebugName_PCHAKU,
    sInstDebugName_KYAA, sInstDebugName_PFLY2, sInstDebugName_PUNCH2, sInstDebugName_LEAD2SAW,
    sInstDebugName_PIYO, sInstDebugName_GACHA, sInstDebugName_W_MOVE, sInstDebugName_SAWTOOTH,
    sInstDebugName_NPAKO1, sInstDebugName_KIRA3, sInstDebugName_LAUGH1, sInstDebugName_HELP,
    sInstDebugName_HELPUP, sInstDebugName_CLAPS, sInstDebugName_DE, sInstDebugName_BA,
    sInstDebugName_NA, sInstDebugName_KA, sInstDebugName_RA, sInstDebugName_NOUT1,
    sInstDebugName_NVOICE3, sInstDebugName_BOMNOISE2, sInstDebugName_AITAA, sInstDebugName_FURI,
    sInstDebugName_HA, sInstDebugName_ITE, sInstDebugName_IYAA, sInstDebugName_SOKOMA,
    sInstDebugName_G_HAHA, sInstDebugName_TORYA, sInstDebugName_SINE2_2, sInstDebugName_SINE2_3,
    sInstDebugName_M_MARIN, sInstDebugName_M_SYOORI, sInstDebugName_TROUBLE, sInstDebugName_M_GOGO,
    sInstDebugName_M_GAME, sInstDebugName_M_OVER, sInstDebugName_M_YAHH, sInstDebugName_M_YA,
    sInstDebugName_M_ATA, sInstDebugName_M_A, sInstDebugName_M_CHAA, sInstDebugName_M_KYAHHO,
    sInstDebugName_GN_IFUKA, sInstDebugName_GN_JIKEN, sInstDebugName_GN_CONT, sInstDebugName_GN_GANBA,
    sInstDebugName_GN_SARA, sInstDebugName_GN_HII, sInstDebugName_GN_MARIN, sInstDebugName_GN_OO,
    sInstDebugName_GN_FU1, sInstDebugName_GN_FU2, sInstDebugName_GN_FU3, sInstDebugName_GN_FU4,
    sInstDebugName_GN_FU5, sInstDebugName_GN_FU6, sInstDebugName_GN_FU7, sInstDebugName_GN_FU8,
    sInstDebugName_GN_FU9, sInstDebugName_M_MEIROU, sInstDebugName_M_MARIN2, sInstDebugName_M_SARAWA,
    sInstDebugName_M_JOUBU, sInstDebugName_M_OKOTTA, sInstDebugName_M_MU, sInstDebugName_M_KAA,
    sInstDebugName_M_I, sInstDebugName_M_TAI, sInstDebugName_M_FUNFUN, sInstDebugName_M_HOI,
    sInstDebugName_M_SUKIRI, sInstDebugName_GN_MCHAN, sInstDebugName_GN_WASYA, sInstDebugName_GN_A,
    sInstDebugName_GN_HAN, sInstDebugName_GN_DAIJI, sInstDebugName_GN_ROUJU, sInstDebugName_GN_GUWA,
    sInstDebugName_PRUN, sInstDebugName_BIRI, sInstDebugName_S_SUISAN, sInstDebugName_S_MOEAGA,
    sInstDebugName_S_ROAD, sInstDebugName_S_HYAHA, sInstDebugName_S_MORATA, sInstDebugName_S_HA,
    sInstDebugName_S_GUO, sInstDebugName_S_MITOME, sInstDebugName_SINE2_4, sInstDebugName_S_HACHI,
    sInstDebugName_S_MAMAGO, sInstDebugName_S_IKIGAI, sInstDebugName_S_TRANS, sInstDebugName_B_KENZAN,
    sInstDebugName_B_YOROI, sInstDebugName_SINE2_5, sInstDebugName_B_SKY, sInstDebugName_B_TRANS,
    sInstDebugName_B_WARAI, sInstDebugName_B_HAA, sInstDebugName_B_AMAI, sInstDebugName_B_MAIRU,
    sInstDebugName_B_U, sInstDebugName_B_LADY, sInstDebugName_B_ORENO, sInstDebugName_SINE2_6,
    sInstDebugName_G_SANJOU, sInstDebugName_G_DAREGA, sInstDebugName_G_WAIWO, sInstDebugName_G_GRAND,
    sInstDebugName_G_TRANS, sInstDebugName_SINE2_7, sInstDebugName_G_ONDORY, sInstDebugName_G_DOUJAI,
    sInstDebugName_G_UHOO, sInstDebugName_G_NGA, sInstDebugName_G_HORETA, sInstDebugName_SINE2_8,
    sInstDebugName_G_MUOO, sInstDebugName_SINE2_9, sInstDebugName_G_OTOKO, sInstDebugName_G_IKUDE,
    sInstDebugName_CHILD, sInstDebugName_PFLY, sInstDebugName_SP2,
};

u16 gSfxSoundIds[326] = {
    0x0082, 0x001B, 0x0001, 0x0046, 0x005F, 0x0004, 0x0020, 0x0048, 0x0062, 0x0005, 0x0007, 0x0008,
    0x0009, 0x000A, 0x000B, 0x000B, 0x000D, 0x000E, 0x000F, 0x0010, 0x0011, 0x0012, 0x0013, 0x0063,
    0x0045, 0x0015, 0x0017, 0x0018, 0x005E, 0x000B, 0x000D, 0x001A, 0x001A, 0x0039, 0x005B, 0x0004,
    0x0020, 0x001F, 0x0020, 0x0060, 0x0022, 0x0024, 0x0025, 0x0026, 0x00DC, 0x0028, 0x0020, 0x002A,
    0x0022, 0x0040, 0x002D, 0x002E, 0x0069, 0x0030, 0x00B0, 0x0032, 0x0020, 0x0034, 0x002E, 0x0036,
    0x0037, 0x0038, 0x0039, 0x003A, 0x0020, 0x003C, 0x003D, 0x003E, 0x000E, 0x003F, 0x0040, 0x001E,
    0x00B1, 0x0042, 0x0043, 0x0044, 0x0045, 0x0002, 0x0047, 0x0048, 0x0049, 0x004A, 0x004B, 0x0048,
    0x004C, 0x0037, 0x0039, 0x0004, 0x001B, 0x003E, 0x006F, 0x0027, 0x006C, 0x0039, 0x001B, 0x0023,
    0x00DA, 0x00DB, 0x006C, 0x0004, 0x00DD, 0x0052, 0x0053, 0x0054, 0x0055, 0x0056, 0x0048, 0x000D,
    0x001D, 0x0024, 0x0065, 0x0065, 0x0066, 0x0024, 0x0023, 0x0027, 0x0016, 0x0067, 0x0068, 0x0023,
    0x0006, 0x0000, 0x0069, 0x0007, 0x0008, 0x0017, 0x00DE, 0x0036, 0x001B, 0x006A, 0x006B, 0x006C,
    0x006C, 0x006C, 0x0073, 0x0074, 0x0016, 0x0043, 0x003A, 0x0066, 0x006B, 0x006C, 0x0017, 0x0042,
    0x000E, 0x0013, 0x0066, 0x0023, 0x0014, 0x0075, 0x0066, 0x000B, 0x004B, 0x0076, 0x0077, 0x0078,
    0x0079, 0x0037, 0x007B, 0x007C, 0x002E, 0x007D, 0x0053, 0x0062, 0x0033, 0x0054, 0x004C, 0x0066,
    0x0053, 0x0006, 0x0053, 0x0017, 0x0005, 0x0068, 0x0042, 0x0073, 0x0038, 0x0080, 0x0081, 0x0035,
    0x0083, 0x0084, 0x0085, 0x0086, 0x0087, 0x0088, 0x0089, 0x008A, 0x008B, 0x0065, 0x00A7, 0x00A6,
    0x0040, 0x007A, 0x00A2, 0x00A3, 0x00A8, 0x001B, 0x00DE, 0x0091, 0x009E, 0x0093, 0x008D, 0x008E,
    0x008F, 0x0090, 0x0091, 0x0092, 0x0093, 0x0094, 0x00A9, 0x00AA, 0x0053, 0x0006, 0x001E, 0x005E,
    0x00AF, 0x00B2, 0x00B3, 0x00B4, 0x00BE, 0x00B5, 0x00B6, 0x00B7, 0x00B8, 0x00B9, 0x0019, 0x00BB,
    0x00BC, 0x00BD, 0x00BF, 0x00C0, 0x0091, 0x00C2, 0x00C3, 0x00C4, 0x00C5, 0x00C6, 0x00C7, 0x00C8,
    0x0054, 0x0004, 0x00DE, 0x00CC, 0x00CD, 0x003A, 0x00CF, 0x00D0, 0x007C, 0x00D2, 0x0067, 0x00D4,
    0x00D5, 0x00D6, 0x0094, 0x00D8, 0x00D5, 0x004C, 0x004C, 0x0080, 0x0081, 0x008C, 0x008D, 0x009D,
    0x0041, 0x001E, 0x0008, 0x0033, 0x001B, 0x0067, 0x005D, 0x0053, 0x0022, 0x000E, 0x005C, 0x001E,
    0x0054, 0x005B, 0x000E, 0x000B, 0x004B, 0x000C, 0x001C, 0x0069, 0x005A, 0x005A, 0x0034, 0x0034,
    0x005B, 0x0023, 0x0076, 0x0051, 0x0051, 0x002E, 0x005D, 0x005D, 0x0050, 0x004F, 0x005E, 0x004C,
    0x002F, 0x0050, 0x0005, 0x0059, 0x004C, 0x0054, 0x00C8, 0x0085, 0x0074, 0x0025, 0x0066, 0x004B,
    0x001E, 0x001B, 0x001E, 0x001B, 0x00B7, 0x00C5, 0x00D4, 0x00B8, 0x00C8, 0x00D5, 0x0039, 0x001E,
    0x0038,
    0x0000, // alignment padding
};

SfxPlaybackParams D_800C2968[] = {
    { 0x78, 0x46 }, { 0x7D, 0x32 }, { 0x5E, 0x32 }, { 0x72, 0x32 }, { 0x5E, 0x0A }, { 0x78, 0x41 }, { 0x6C, 0x32 },
    { 0x7F, 0x32 }, { 0x74, 0x32 }, { 0x73, 0x28 }, { 0x6E, 0x32 }, { 0x71, 0x32 }, { 0x73, 0x37 }, { 0x69, 0x32 }, { 0x5F, 0x32 },
    { 0x6B, 0x32 }, { 0x49, 0x50 }, { 0x7F, 0x32 }, { 0x7F, 0x32 }, { 0x7D, 0x32 }, { 0x75, 0x32 }, { 0x6C, 0x32 }, { 0x62, 0x3C },
    { 0x64, 0x37 }, { 0x7F, 0x32 }, { 0x64, 0x32 }, { 0x76, 0x46 }, { 0x62, 0x32 }, { 0x5D, 0x32 }, { 0x4B, 0x37 }, { 0x6E, 0x37 },
    { 0x3C, 0x32 }, { 0x5F, 0x41 }, { 0x50, 0x32 }, { 0x71, 0x41 }, { 0x4C, 0x32 }, { 0x7F, 0x32 }, { 0x78, 0x32 }, { 0x7F, 0x32 },
    { 0x76, 0x32 }, { 0x66, 0x32 }, { 0x7B, 0x32 }, { 0x7F, 0x32 }, { 0x5D, 0x50 }, { 0x73, 0x32 }, { 0x6B, 0x32 }, { 0x71, 0x32 },
    { 0x50, 0x01 }, { 0x6C, 0x32 }, { 0x6E, 0x32 }, { 0x55, 0x01 }, { 0x79, 0x32 }, { 0x65, 0x32 }, { 0x75, 0x32 }, { 0x4E, 0x41 },
    { 0x7F, 0x32 }, { 0x69, 0x32 }, { 0x7F, 0x32 }, { 0x64, 0x37 }, { 0x79, 0x32 }, { 0x65, 0x37 }, { 0x5A, 0x50 }, { 0x5A, 0x32 },
    { 0x7F, 0x32 }, { 0x5D, 0x50 }, { 0x7D, 0x32 }, { 0x7F, 0x32 }, { 0x5A, 0x32 }, { 0x6E, 0x37 }, { 0x60, 0x32 }, { 0x64, 0x32 },
    { 0x7E, 0x32 }, { 0x7B, 0x32 }, { 0x79, 0x32 }, { 0x64, 0x50 }, { 0x7D, 0x32 }, { 0x69, 0x32 }, { 0x6E, 0x32 }, { 0x7F, 0x32 },
    { 0x7F, 0x32 }, { 0x6C, 0x50 }, { 0x7F, 0x32 }, { 0x64, 0x37 }, { 0x5D, 0x32 }, { 0x7D, 0x28 }, { 0x71, 0x32 }, { 0x40, 0x28 },
    { 0x5E, 0x28 }, { 0x2A, 0x28 }, { 0x6E, 0x37 }, { 0x7F, 0x37 }, { 0x6E, 0x32 }, { 0x70, 0x46 }, { 0x75, 0x46 }, { 0x3D, 0x32 },
    { 0x7F, 0x3C }, { 0x55, 0x32 }, { 0x62, 0x32 }, { 0x7F, 0x50 }, { 0x7F, 0x32 }, { 0x73, 0x32 }, { 0x7D, 0x32 }, { 0x50, 0x32 },
    { 0x6E, 0x32 }, { 0x64, 0x32 }, { 0x5D, 0x32 }, { 0x65, 0x32 }, { 0x76, 0x32 }, { 0x7F, 0x32 }, { 0x64, 0x32 }, { 0x5A, 0x32 },
    { 0x46, 0x32 }, { 0x64, 0x32 }, { 0x64, 0x32 }, { 0x76, 0x41 }, { 0x78, 0x32 }, { 0x62, 0x37 }, { 0x75, 0x32 }, { 0x6E, 0x32 },
    { 0x6E, 0x32 }, { 0x7A, 0x37 }, { 0x7F, 0x32 }, { 0x7F, 0x32 }, { 0x62, 0x32 }, { 0x55, 0x32 }, { 0x56, 0x32 }, { 0x46, 0x32 },
    { 0x3C, 0x32 }, { 0x6B, 0x32 }, { 0x62, 0x32 }, { 0x41, 0x32 }, { 0x73, 0x32 }, { 0x5A, 0x1E }, { 0x7F, 0x37 }, { 0x4B, 0x32 },
    { 0x41, 0x32 }, { 0x4C, 0x32 }, { 0x76, 0x32 }, { 0x7F, 0x32 }, { 0x6C, 0x01 }, { 0x6C, 0x32 }, { 0x6C, 0x32 }, { 0x73, 0x37 },
    { 0x74, 0x32 }, { 0x5F, 0x32 }, { 0x7B, 0x46 }, { 0x54, 0x46 }, { 0x7B, 0x46 }, { 0x7B, 0x46 }, { 0x4B, 0x30 }, { 0x7B, 0x46 },
    { 0x6A, 0x32 }, { 0x7B, 0x46 }, { 0x3A, 0x50 }, { 0x4B, 0x32 }, { 0x50, 0x32 }, { 0x78, 0x32 }, { 0x7F, 0x32 }, { 0x43, 0x7F },
    { 0x7F, 0x7F }, { 0x4D, 0x32 }, { 0x5A, 0x32 }, { 0x5A, 0x32 }, { 0x6E, 0x32 }, { 0x69, 0x32 }, { 0x6B, 0x46 }, { 0x3A, 0x32 },
    { 0x7B, 0x46 }, { 0x64, 0x46 }, { 0x7B, 0x46 }, { 0x79, 0x46 }, { 0x7B, 0x46 }, { 0x7B, 0x46 }, { 0x7B, 0x46 }, { 0x6B, 0x32 },
    { 0x7B, 0x46 }, { 0x60, 0x46 }, { 0x6E, 0x3C }, { 0x7B, 0x46 }, { 0x7B, 0x46 }, { 0x69, 0x2D }, { 0x52, 0x32 }, { 0x7F, 0x46 },
    { 0x7B, 0x46 }, { 0x7B, 0x46 }, { 0x7B, 0x46 }, { 0x7B, 0x46 }, { 0x7B, 0x46 }, { 0x7B, 0x46 }, { 0x7B, 0x46 }, { 0x7B, 0x46 },
    { 0x7B, 0x46 }, { 0x74, 0x32 }, { 0x73, 0x32 }, { 0x64, 0x37 }, { 0x7F, 0x46 }, { 0x7F, 0x46 }, { 0x7F, 0x46 }, { 0x7F, 0x46 },
    { 0x7F, 0x46 }, { 0x7F, 0x46 }, { 0x7F, 0x46 }, { 0x7F, 0x46 }, { 0x7F, 0x46 }, { 0x7F, 0x46 }, { 0x69, 0x50 }, { 0x7F, 0x46 },
    { 0x7F, 0x46 }, { 0x7F, 0x46 }, { 0x7F, 0x46 }, { 0x7F, 0x46 }, { 0x71, 0x46 }, { 0x7F, 0x46 }, { 0x6E, 0x46 }, { 0x7F, 0x46 },
    { 0x7F, 0x46 }, { 0x7F, 0x46 }, { 0x7F, 0x46 }, { 0x7F, 0x46 }, { 0x64, 0x50 }, { 0x6E, 0x32 }, { 0x5C, 0x32 }, { 0x7F, 0x46 },
    { 0x7F, 0x46 }, { 0x55, 0x32 }, { 0x7F, 0x46 }, { 0x73, 0x46 }, { 0x7F, 0x46 }, { 0x7F, 0x46 }, { 0x49, 0x35 }, { 0x7F, 0x46 },
    { 0x7F, 0x46 }, { 0x7F, 0x46 }, { 0x6E, 0x32 }, { 0x7F, 0x46 }, { 0x69, 0x32 }, { 0x49, 0x28 }, { 0x49, 0x28 }, { 0x30, 0x28 },
    { 0x4B, 0x28 }, { 0x69, 0x28 }, { 0x5A, 0x28 }, { 0x4E, 0x28 }, { 0x63, 0x28 }, { 0x57, 0x32 }, { 0x57, 0x32 }, { 0x38, 0x2D },
    { 0x44, 0x32 }, { 0x30, 0x1E }, { 0x6B, 0x37 }, { 0x61, 0x32 }, { 0x7D, 0x32 }, { 0x7F, 0x50 }, { 0x46, 0x50 }, { 0x57, 0x32 },
    { 0x71, 0x28 }, { 0x4C, 0x28 }, { 0x67, 0x50 }, { 0x60, 0x4E }, { 0x5F, 0x50 }, { 0x44, 0x3C }, { 0x64, 0x50 },
};

u16 D_800C2B74[] = {
    0x6450, 0x5A28, 0x5028, 0x5F28, 0x4B32, 0x281E, 0x3C50, 0x6B50, 0x7A37, 0x523C, 0x6E50, 0x7850,
    0x5A3C, 0x5F3C, 0x7D28, 0x7F50, 0x6050, 0x7F3C, 0x5F32, 0x6C32, 0x6E32, 0x5D46, 0x5D46, 0x5D46,
    0x5D46, 0x5032, 0x6B3C, 0x7F46, 0x7346, 0x6937, 0x7F46, 0x0000,
};

// Cumulative sound offsets for SFX sequence IDs beginning at SFX_MARINA_TITLE
u16 gSfxSequenceSoundOffsets[] = {
    0x0000, 0x0001, 0x0002, 0x0003, 0x0004, 0x0005, 0x0007, 0x0008, 0x0009, 0x000A, 0x000B, 0x000C,
    0x000D, 0x000E, 0x000F, 0x0010, 0x0011, 0x0012, 0x0013, 0x0014, 0x0015, 0x0016, 0x0018, 0x0019,
    0x001A, 0x001B, 0x001C, 0x001E, 0x001F, 0x0020, 0x0021, 0x0022, 0x0023, 0x0025, 0x0026, 0x0027,
    0x0028, 0x0029, 0x002A, 0x002B, 0x002C, 0x002D, 0x002E, 0x002F, 0x0030, 0x0031, 0x0032, 0x0033,
    0x0034, 0x0035, 0x0036, 0x0037, 0x0038, 0x0039, 0x003A, 0x003B, 0x003C, 0x003D, 0x003E, 0x003F,
    0x0040, 0x0041, 0x0042, 0x0043, 0x0044, 0x0045, 0x0046, 0x0047, 0x0048, 0x0049, 0x004A, 0x004B,
    0x004C, 0x004D, 0x004E, 0x004F, 0x0050, 0x0051, 0x0052, 0x0053, 0x0054, 0x0055, 0x0056, 0x0057,
    0x0058, 0x0059, 0x005A, 0x005B, 0x005C, 0x005D, 0x005E, 0x005F, 0x0060, 0x0061, 0x0062, 0x0063,
    0x0064, 0x0065, 0x0066, 0x0068, 0x0069, 0x006A, 0x006B, 0x006C, 0x006D, 0x006E, 0x006F, 0x0070,
    0x0071, 0x0073, 0x0074, 0x0075, 0x0076, 0x0077, 0x0078, 0x0079, 0x007A, 0x007B, 0x007C, 0x007D,
    0x007E, 0x007F, 0x0080, 0x0081, 0x0082, 0x0083, 0x0084, 0x0085, 0x0086, 0x0087, 0x0088, 0x0089,
    0x008A, 0x008B, 0x008C, 0x008D, 0x008E, 0x008F, 0x0090, 0x0091, 0x0092, 0x0093, 0x0094, 0x0096,
    0x0097, 0x0099, 0x009A, 0x009B, 0x009C, 0x009D, 0x009E, 0x009F, 0x00A1, 0x00A2, 0x00A3, 0x00A4,
    0x00A5, 0x00A8, 0x00AA, 0x00AB, 0x00AC, 0x00AD, 0x00AE, 0x00AF, 0x00B0, 0x00B1, 0x00B3, 0x00B4,
    0x00B5, 0x00B7, 0x00B8, 0x00B9, 0x00BA, 0x00BC, 0x00BD, 0x00BE, 0x00BF, 0x00C0, 0x00C2, 0x00C4,
    0x00C5, 0x00C6, 0x00C7, 0x00C9, 0x00CB, 0x00CC, 0x00CD, 0x00CE, 0x00CF, 0x00D0, 0x00D1, 0x00D2,
    0x00D4, 0x00D6, 0x00D7, 0x00D8, 0x00D9, 0x00DA, 0x00DB, 0x00DC, 0x00DD, 0x00DE, 0x00DF, 0x00E0,
    0x00E1, 0x00E2, 0x00E3, 0x00E4, 0x00E5, 0x00E6, 0x00E7, 0x00E8, 0x00E9, 0x00EA, 0x00EB, 0x00EC,
    0x00ED, 0x00EE, 0x00EF, 0x00F0, 0x00F1, 0x00F2, 0x00F3, 0x00F4, 0x00F5, 0x00F6, 0x00F7, 0x00F8,
    0x00F9, 0x00FA, 0x00FB, 0x00FC, 0x00FD, 0x00FE, 0x00FF, 0x0100, 0x0101, 0x0102, 0x0103, 0x0104,
    0x0105, 0x0106, 0x0107, 0x0108, 0x0109, 0x010A, 0x010B, 0x010C, 0x010D, 0x010E, 0x010F, 0x0110,
    0x0111, 0x0112, 0x0113, 0x0114, 0x0115, 0x0116, 0x0117, 0x011A, 0x011B, 0x011C, 0x011D, 0x011E,
    0x011F, 0x0120, 0x0121, 0x0122, 0x0123, 0x0124, 0x0127, 0x0129, 0x012A, 0x012B, 0x012C, 0x012D,
    0x012E, 0x012F, 0x0131, 0x0132, 0x0133, 0x0134, 0x0135, 0x0136, 0x0137, 0x0138, 0x0139, 0x013A,
    0x013B, 0x013C, 0x013F, 0x0142, 0x0144, 0x0145,
};

// overrides copied into ALSound/ALKeyMap/ALEnvelope
u8 gSfxSampleParams[] = {
    0x7F, 0x40, 0x42, 0x00, 0x7F, 0x01, 0x7F, 0x01, 0x7F, 0x40, 0x30, 0x02, 0x7F, 0x11, 0x1B, 0x01,
    0x7F, 0x40, 0x3C, 0x00, 0x7F, 0x7F, 0x0A, 0x01, 0x7F, 0x40, 0x48, 0x00, 0x7F, 0x01, 0x7F, 0x01,
    0x7F, 0x40, 0x49, 0x00, 0x7F, 0x01, 0x7F, 0x01, 0x7F, 0x40, 0x5A, 0x00, 0x7F, 0x01, 0x7F, 0x01,
    0x7F, 0x40, 0x49, 0x00, 0x7F, 0x01, 0x7F, 0x01, 0x7F, 0x40, 0x49, 0x03, 0x7F, 0x37, 0x01, 0x01,
    0x7F, 0x40, 0x48, 0x00, 0x7F, 0x01, 0x7F, 0x01, 0x7F, 0x40, 0x50, 0x00, 0x7F, 0x32, 0x32, 0x01,
    0x7F, 0x40, 0x45, 0x00, 0x7F, 0x01, 0x7F, 0x01, 0x7F, 0x40, 0x4D, 0x00, 0x7F, 0x01, 0x7F, 0x01,
    0x7F, 0x40, 0x48, 0x00, 0x7F, 0x32, 0x64, 0x01, 0x7F, 0x40, 0x59, 0x00, 0x7F, 0x01, 0x7F, 0x01,
    0x7F, 0x40, 0x48, 0x00, 0x7F, 0x01, 0x7F, 0x01, 0x7F, 0x40, 0x48, 0x03, 0x7F, 0x01, 0x7F, 0x01,
    0x7F, 0x40, 0x4C, 0x00, 0x7F, 0x32, 0x64, 0x01, 0x7F, 0x40, 0x4B, 0x00, 0x7F, 0x01, 0x7F, 0x02,
    0x7F, 0x40, 0x42, 0x00, 0x7F, 0x32, 0x64, 0x01, 0x7F, 0x40, 0x48, 0x00, 0x7F, 0x01, 0x7F, 0x01,
    0x7F, 0x40, 0x4C, 0x00, 0x7F, 0x32, 0x64, 0x01, 0x7F, 0x40, 0x48, 0x02, 0x7F, 0x73, 0x14, 0x01,
    0x7F, 0x40, 0x4C, 0x00, 0x7F, 0x01, 0x7F, 0x01, 0x7F, 0x40, 0x3C, 0x00, 0x7F, 0x01, 0x7F, 0x01,
    0x7F, 0x40, 0x4B, 0x00, 0x7F, 0x01, 0x7F, 0x01, 0x7F, 0x40, 0x43, 0x00, 0x7F, 0x01, 0x7F, 0x01,
    0x7F, 0x40, 0x4E, 0x00, 0x7F, 0x01, 0x7F, 0x01, 0x7F, 0x40, 0x4E, 0x00, 0x7F, 0x01, 0x7F, 0x01,
    0x7F, 0x40, 0x47, 0x00, 0x7F, 0x01, 0x7F, 0x07, 0x7F, 0x40, 0x52, 0x00, 0x7F, 0x01, 0x7F, 0x01,
    0x7F, 0x40, 0x4C, 0x00, 0x7F, 0x01, 0x7F, 0x01, 0x7F, 0x40, 0x35, 0x00, 0x7F, 0x32, 0x64, 0x01,
    0x7F, 0x40, 0x3C, 0x23, 0x7F, 0x01, 0x7F, 0x01, 0x7F, 0x40, 0x48, 0x00, 0x7F, 0x01, 0x7F, 0x01,
    0x7F, 0x40, 0x3C, 0x00, 0x7F, 0x01, 0x7F, 0x01, 0x7F, 0x40, 0x56, 0x00, 0x7F, 0x01, 0x7F, 0x01,
    0x7F, 0x40, 0x42, 0x00, 0x7F, 0x01, 0x7F, 0x01, 0x7F, 0x40, 0x4A, 0x02, 0x7F, 0x01, 0x7F, 0x01,
    0x7F, 0x40, 0x4D, 0x00, 0x7F, 0x32, 0x64, 0x01, 0x7F, 0x40, 0x4E, 0x02, 0x7F, 0x01, 0x7F, 0x01,
    0x7F, 0x40, 0x48, 0x00, 0x7F, 0x01, 0x7F, 0x01, 0x7F, 0x40, 0x48, 0x00, 0x7F, 0x01, 0x7F, 0x01,
    0x7F, 0x40, 0x57, 0x00, 0x7F, 0x01, 0x7F, 0x01, 0x7F, 0x40, 0x48, 0x00, 0x7F, 0x01, 0x7F, 0x01,
    0x7F, 0x40, 0x4C, 0x00, 0x7F, 0x01, 0x7F, 0x01, 0x7F, 0x40, 0x50, 0x00, 0x7F, 0x7F, 0x14, 0x01,
    0x7F, 0x40, 0x5A, 0x05, 0x7F, 0x01, 0x7F, 0x01, 0x7F, 0x40, 0x55, 0x00, 0x7F, 0x01, 0x7F, 0x02,
    0x7F, 0x40, 0x46, 0x00, 0x7F, 0x01, 0x7F, 0x01, 0x7F, 0x40, 0x32, 0x00, 0x7F, 0x01, 0x7F, 0x01,
    0x7F, 0x40, 0x48, 0x00, 0x7F, 0x01, 0x7F, 0x01, 0x7F, 0x40, 0x3C, 0x00, 0x7F, 0x1E, 0x00, 0x01,
    0x7F, 0x40, 0x48, 0x00, 0x7F, 0x7F, 0x32, 0x01, 0x7F, 0x40, 0x48, 0x00, 0x7F, 0x01, 0x7F, 0x01,
    0x7F, 0x40, 0x48, 0x01, 0x7F, 0x01, 0x7F, 0x01, 0x7F, 0x40, 0x48, 0x00, 0x7F, 0x01, 0x7F, 0x01,
    0x7F, 0x40, 0x4D, 0x00, 0x7F, 0x2E, 0x33, 0x01, 0x7F, 0x40, 0x48, 0x00, 0x7F, 0x01, 0x7F, 0x01,
    0x7F, 0x40, 0x3C, 0x01, 0x7F, 0x19, 0x00, 0x01, 0x7F, 0x40, 0x54, 0x00, 0x7F, 0x01, 0x7F, 0x1E,
    0x7F, 0x40, 0x48, 0x00, 0x7F, 0x01, 0x7F, 0x01, 0x7F, 0x40, 0x4E, 0x00, 0x7F, 0x01, 0x7F, 0x01,
    0x7F, 0x40, 0x48, 0x00, 0x7F, 0x01, 0x7F, 0x01, 0x7F, 0x40, 0x43, 0x00, 0x7F, 0x01, 0x7F, 0x01,
    0x7F, 0x40, 0x4D, 0x00, 0x7F, 0x2E, 0x33, 0x01, 0x7F, 0x40, 0x78, 0x00, 0x7F, 0x01, 0x7F, 0x01,
    0x7F, 0x40, 0x35, 0x00, 0x7F, 0x01, 0x7F, 0x06, 0x7F, 0x40, 0x5A, 0x00, 0x7F, 0x01, 0x7F, 0x06,
    0x7F, 0x40, 0x49, 0x00, 0x7F, 0x01, 0x7F, 0x01, 0x7F, 0x40, 0x4E, 0x00, 0x7F, 0x01, 0x7F, 0x01,
    0x7F, 0x40, 0x48, 0x00, 0x7F, 0x01, 0x7F, 0x01, 0x7F, 0x40, 0x35, 0x00, 0x7F, 0x3D, 0x0C, 0x01,
    0x7F, 0x40, 0x53, 0x00, 0x7F, 0x01, 0x7F, 0x01, 0x7F, 0x40, 0x5F, 0x00, 0x7F, 0x01, 0x7F, 0x01,
    0x7F, 0x40, 0x50, 0x00, 0x7F, 0x01, 0x7F, 0x01, 0x7F, 0x40, 0x48, 0x00, 0x7F, 0x01, 0x7F, 0x01,
    0x7F, 0x40, 0x4B, 0x00, 0x7F, 0x01, 0x7F, 0x01, 0x7F, 0x40, 0x48, 0x00, 0x7F, 0x01, 0x7F, 0x01,
    0x7F, 0x40, 0x5A, 0x00, 0x7F, 0x01, 0x7F, 0x01, 0x7F, 0x40, 0x4E, 0x00, 0x7F, 0x01, 0x7F, 0x05,
    0x7F, 0x40, 0x48, 0x00, 0x7F, 0x01, 0x7F, 0x01, 0x7F, 0x40, 0x48, 0x00, 0x7F, 0x01, 0x7F, 0x01,
    0x7F, 0x40, 0x4E, 0x00, 0x7F, 0x01, 0x7F, 0x01, 0x7F, 0x40, 0x50, 0x00, 0x7F, 0x32, 0x00, 0x01,
    0x7F, 0x40, 0x4E, 0x00, 0x7F, 0x01, 0x7F, 0x09, 0x7F, 0x40, 0x4E, 0x00, 0x7F, 0x01, 0x7F, 0x01,
    0x7F, 0x40, 0x48, 0x00, 0x7F, 0x01, 0x7F, 0x01, 0x7F, 0x40, 0x4E, 0x08, 0x7F, 0x7F, 0x58, 0x01,
    0x7F, 0x40, 0x48, 0x00, 0x7F, 0x01, 0x7F, 0x01, 0x7F, 0x40, 0x5A, 0x00, 0x7F, 0x01, 0x7F, 0x01,
    0x7F, 0x40, 0x50, 0x03, 0x7F, 0x01, 0x7F, 0x01, 0x7F, 0x40, 0x5E, 0x00, 0x7F, 0x01, 0x7F, 0x01,
    0x7F, 0x40, 0x31, 0x02, 0x7F, 0x01, 0x7F, 0x01, 0x7F, 0x40, 0x48, 0x00, 0x7F, 0x01, 0x7F, 0x01,
    0x7F, 0x40, 0x48, 0x00, 0x7F, 0x32, 0x00, 0x01, 0x7F, 0x40, 0x4B, 0x01, 0x7F, 0x05, 0x55, 0x01,
    0x7F, 0x40, 0x48, 0x00, 0x7F, 0x01, 0x7F, 0x01, 0x7F, 0x40, 0x48, 0x00, 0x7F, 0x01, 0x7F, 0x01,
    0x7F, 0x40, 0x3C, 0x04, 0x7F, 0x01, 0x7F, 0x01, 0x7F, 0x40, 0x53, 0x00, 0x7F, 0x01, 0x7F, 0x01,
    0x7F, 0x40, 0x4D, 0x01, 0x7F, 0x01, 0x7F, 0x01, 0x7F, 0x40, 0x5A, 0x00, 0x7F, 0x01, 0x7F, 0x01,
    0x7F, 0x40, 0x64, 0x00, 0x7F, 0x7F, 0x64, 0x01, 0x7F, 0x40, 0x57, 0x00, 0x7F, 0x01, 0x7F, 0x01,
    0x7F, 0x40, 0x4C, 0x00, 0x7F, 0x7F, 0x50, 0x01, 0x7F, 0x40, 0x48, 0x08, 0x7F, 0x01, 0x7F, 0x01,
    0x7F, 0x40, 0x4E, 0x00, 0x7F, 0x01, 0x7F, 0x05, 0x7F, 0x40, 0x4E, 0x09, 0x7F, 0x7F, 0x46, 0x01,
    0x7F, 0x40, 0x58, 0x00, 0x7F, 0x01, 0x7F, 0x01, 0x7F, 0x40, 0x33, 0x00, 0x7F, 0x01, 0x7F, 0x01,
    0x7F, 0x40, 0x48, 0x00, 0x7F, 0x01, 0x7F, 0x01, 0x7F, 0x40, 0x41, 0x00, 0x7F, 0x3C, 0x01, 0x01,
    0x7F, 0x40, 0x50, 0x00, 0x7F, 0x01, 0x7F, 0x01, 0x7F, 0x40, 0x48, 0x00, 0x7F, 0x01, 0x7F, 0x01,
    0x7F, 0x40, 0x48, 0x00, 0x7F, 0x01, 0x7F, 0x01, 0x7F, 0x40, 0x46, 0x00, 0x7F, 0x01, 0x7F, 0x01,
    0x7F, 0x40, 0x3C, 0x01, 0x7F, 0x01, 0x7F, 0x01, 0x7F, 0x40, 0x4E, 0x00, 0x7F, 0x01, 0x7F, 0x01,
    0x7F, 0x40, 0x55, 0x01, 0x7F, 0x01, 0x7F, 0x01, 0x7F, 0x40, 0x45, 0x0A, 0x7F, 0x59, 0x23, 0x01,
    0x7F, 0x40, 0x61, 0x00, 0x7F, 0x7F, 0x55, 0x01, 0x7F, 0x40, 0x46, 0x00, 0x7F, 0x01, 0x7F, 0x01,
    0x7F, 0x40, 0x48, 0x00, 0x7F, 0x7F, 0x32, 0x01, 0x7F, 0x40, 0x58, 0x00, 0x7F, 0x01, 0x7F, 0x01,
    0x7F, 0x40, 0x4D, 0x00, 0x7F, 0x01, 0x7F, 0x01, 0x7F, 0x40, 0x4E, 0x00, 0x7F, 0x01, 0x7F, 0x01,
    0x7F, 0x40, 0x4E, 0x00, 0x7F, 0x01, 0x7F, 0x01, 0x7F, 0x40, 0x41, 0x00, 0x7F, 0x01, 0x7F, 0x01,
    0x7F, 0x40, 0x4C, 0x00, 0x7F, 0x01, 0x7F, 0x01, 0x7F, 0x40, 0x48, 0x00, 0x7F, 0x01, 0x7F, 0x01,
    0x7F, 0x40, 0x49, 0x06, 0x7F, 0x01, 0x7F, 0x01, 0x7F, 0x40, 0x3C, 0x04, 0x7F, 0x01, 0x7F, 0x01,
    0x7F, 0x40, 0x3C, 0x04, 0x7F, 0x01, 0x7F, 0x01, 0x7F, 0x40, 0x3C, 0x04, 0x7F, 0x01, 0x7F, 0x01,
    0x7F, 0x40, 0x4C, 0x0F, 0x7F, 0x01, 0x7F, 0x01, 0x7F, 0x40, 0x4F, 0x01, 0x7F, 0x01, 0x7F, 0x01,
    0x7F, 0x40, 0x3C, 0x01, 0x7F, 0x01, 0x7F, 0x01, 0x7F, 0x40, 0x4C, 0x00, 0x7F, 0x01, 0x7F, 0x01,
    0x7F, 0x40, 0x3E, 0x00, 0x7F, 0x01, 0x7F, 0x01, 0x7F, 0x40, 0x54, 0x00, 0x7F, 0x01, 0x7F, 0x01,
    0x7F, 0x40, 0x4C, 0x06, 0x7F, 0x01, 0x7F, 0x01, 0x7F, 0x40, 0x3C, 0x04, 0x7F, 0x01, 0x7F, 0x01,
    0x7F, 0x40, 0x47, 0x00, 0x7F, 0x01, 0x7F, 0x01, 0x7F, 0x40, 0x5A, 0x00, 0x7F, 0x01, 0x7F, 0x01,
    0x7F, 0x40, 0x4C, 0x00, 0x7F, 0x01, 0x7F, 0x01, 0x7F, 0x40, 0x4D, 0x00, 0x7F, 0x50, 0x00, 0x01,
    0x7F, 0x40, 0x53, 0x00, 0x7F, 0x01, 0x7F, 0x01, 0x7F, 0x40, 0x4E, 0x00, 0x7F, 0x01, 0x7F, 0x01,
    0x7F, 0x40, 0x69, 0x06, 0x7F, 0x01, 0x7F, 0x01, 0x7F, 0x40, 0x6E, 0x06, 0x7F, 0x01, 0x7F, 0x01,
    0x7F, 0x40, 0x62, 0x00, 0x7F, 0x01, 0x7F, 0x01, 0x7F, 0x40, 0x4E, 0x00, 0x7F, 0x01, 0x7F, 0x01,
    0x7F, 0x40, 0x4E, 0x01, 0x7F, 0x01, 0x7F, 0x01, 0x7F, 0x40, 0x42, 0x00, 0x7F, 0x01, 0x7F, 0x01,
    0x7F, 0x40, 0x42, 0x00, 0x7F, 0x01, 0x7F, 0x01, 0x7F, 0x40, 0x42, 0x00, 0x7F, 0x01, 0x7F, 0x01,
    0x7F, 0x40, 0x42, 0x00, 0x7F, 0x01, 0x7F, 0x01, 0x7F, 0x40, 0x55, 0x00, 0x7F, 0x01, 0x7F, 0x01,
    0x7F, 0x40, 0x42, 0x00, 0x7F, 0x01, 0x7F, 0x01, 0x7F, 0x40, 0x3C, 0x18, 0x7F, 0x01, 0x7F, 0x01,
    0x7F, 0x40, 0x3C, 0x07, 0x7F, 0x01, 0x7F, 0x01, 0x7F, 0x40, 0x42, 0x00, 0x7F, 0x01, 0x7F, 0x01,
    0x7F, 0x40, 0x5A, 0x00, 0x7F, 0x01, 0x7F, 0x01, 0x7F, 0x40, 0x46, 0x00, 0x7F, 0x01, 0x7F, 0x01,
    0x7F, 0x40, 0x43, 0x00, 0x7F, 0x01, 0x7F, 0x01, 0x7F, 0x40, 0x4B, 0x0E, 0x7F, 0x01, 0x7F, 0x01,
    0x78, 0x40, 0x55, 0x0F, 0x7F, 0x01, 0x7F, 0x01, 0x7F, 0x40, 0x62, 0x00, 0x7F, 0x01, 0x7F, 0x01,
    0x7F, 0x40, 0x5A, 0x00, 0x7F, 0x7F, 0x64, 0x01, 0x73, 0x40, 0x5C, 0x00, 0x7F, 0x7F, 0x55, 0x01,
    0x7F, 0x40, 0x5A, 0x00, 0x7F, 0x01, 0x7F, 0x01, 0x7F, 0x40, 0x4E, 0x00, 0x7F, 0x01, 0x7F, 0x01,
    0x7F, 0x40, 0x50, 0x00, 0x7F, 0x01, 0x7F, 0x01, 0x7F, 0x40, 0x55, 0x00, 0x7F, 0x01, 0x7F, 0x01,
    0x7F, 0x40, 0x44, 0x00, 0x7F, 0x50, 0x46, 0x01, 0x7F, 0x40, 0x4B, 0x00, 0x7F, 0x01, 0x7F, 0x01,
    0x7F, 0x40, 0x4E, 0x00, 0x7F, 0x01, 0x7F, 0x01, 0x7F, 0x40, 0x42, 0x00, 0x7F, 0x01, 0x7F, 0x01,
    0x7F, 0x40, 0x42, 0x00, 0x7F, 0x01, 0x7F, 0x01, 0x7F, 0x40, 0x3F, 0x00, 0x7F, 0x01, 0x7F, 0x01,
    0x7F, 0x40, 0x42, 0x00, 0x7F, 0x01, 0x7F, 0x01, 0x7F, 0x40, 0x42, 0x00, 0x7F, 0x01, 0x7F, 0x01,
    0x7F, 0x40, 0x42, 0x00, 0x7F, 0x01, 0x7F, 0x01, 0x7F, 0x40, 0x42, 0x00, 0x7F, 0x01, 0x7F, 0x01,
    0x7F, 0x40, 0x42, 0x00, 0x7F, 0x01, 0x7F, 0x01, 0x7F, 0x40, 0x42, 0x00, 0x7F, 0x01, 0x7F, 0x01,
    0x7F, 0x40, 0x42, 0x00, 0x7F, 0x01, 0x7F, 0x01, 0x7F, 0x40, 0x42, 0x00, 0x7F, 0x01, 0x7F, 0x01,
    0x7F, 0x40, 0x42, 0x00, 0x7F, 0x01, 0x7F, 0x01, 0x7F, 0x40, 0x48, 0x00, 0x7F, 0x01, 0x7F, 0x01,
    0x7F, 0x40, 0x42, 0x00, 0x7F, 0x01, 0x7F, 0x01, 0x7F, 0x40, 0x42, 0x00, 0x7F, 0x01, 0x7F, 0x01,
    0x7F, 0x40, 0x4D, 0x07, 0x7F, 0x01, 0x7F, 0x01, 0x7F, 0x40, 0x42, 0x00, 0x7F, 0x01, 0x7F, 0x01,
    0x7F, 0x40, 0x42, 0x00, 0x7F, 0x01, 0x7F, 0x01, 0x7F, 0x40, 0x42, 0x00, 0x7F, 0x01, 0x7F, 0x01,
    0x7F, 0x40, 0x42, 0x00, 0x7F, 0x01, 0x7F, 0x01, 0x7F, 0x40, 0x4D, 0x00, 0x7F, 0x01, 0x7F, 0x01,
    0x7F, 0x40, 0x4C, 0x01, 0x7F, 0x01, 0x7F, 0x01, 0x7F, 0x40, 0x5C, 0x00, 0x7F, 0x01, 0x7F, 0x01,
    0x7F, 0x40, 0x42, 0x00, 0x7F, 0x01, 0x7F, 0x01, 0x7F, 0x40, 0x4C, 0x00, 0x7F, 0x01, 0x7F, 0x01,
    0x7F, 0x40, 0x48, 0x00, 0x7F, 0x01, 0x7F, 0x01, 0x7F, 0x40, 0x48, 0x00, 0x7F, 0x01, 0x7F, 0x01,
    0x7F, 0x40, 0x48, 0x00, 0x7F, 0x01, 0x7F, 0x01, 0x7F, 0x40, 0x48, 0x00, 0x7F, 0x01, 0x7F, 0x01,
    0x7F, 0x40, 0x48, 0x00, 0x7F, 0x01, 0x7F, 0x01, 0x7F, 0x40, 0x48, 0x00, 0x7F, 0x01, 0x7F, 0x01,
    0x7F, 0x40, 0x48, 0x00, 0x7F, 0x01, 0x7F, 0x01, 0x7F, 0x40, 0x48, 0x00, 0x7F, 0x01, 0x7F, 0x01,
    0x7F, 0x40, 0x48, 0x00, 0x7F, 0x01, 0x7F, 0x01, 0x7F, 0x40, 0x48, 0x00, 0x7F, 0x01, 0x7F, 0x01,
    0x7F, 0x40, 0x50, 0x00, 0x7F, 0x01, 0x7F, 0x01, 0x73, 0x40, 0x5C, 0x00, 0x7F, 0x01, 0x7F, 0x01,
    0x7F, 0x40, 0x46, 0x00, 0x7F, 0x3D, 0x0C, 0x01, 0x7F, 0x40, 0x48, 0x01, 0x7F, 0x01, 0x7F, 0x01,
    0x7F, 0x40, 0x48, 0x00, 0x7F, 0x01, 0x7F, 0x01, 0x7F, 0x40, 0x48, 0x00, 0x7F, 0x01, 0x7F, 0x01,
    0x7F, 0x40, 0x48, 0x00, 0x7F, 0x01, 0x7F, 0x01, 0x7F, 0x40, 0x48, 0x00, 0x7F, 0x01, 0x7F, 0x01,
    0x7F, 0x40, 0x3C, 0x00, 0x7F, 0x01, 0x7F, 0x01, 0x7F, 0x40, 0x48, 0x00, 0x7F, 0x01, 0x7F, 0x01,
    0x7F, 0x40, 0x48, 0x00, 0x7F, 0x01, 0x7F, 0x01, 0x7F, 0x40, 0x48, 0x00, 0x7F, 0x01, 0x7F, 0x01,
    0x7F, 0x40, 0x48, 0x00, 0x7F, 0x01, 0x7F, 0x01, 0x7F, 0x40, 0x48, 0x00, 0x7F, 0x01, 0x7F, 0x01,
    0x7F, 0x40, 0x32, 0x0A, 0x7F, 0x0A, 0x00, 0x01, 0x7F, 0x40, 0x48, 0x00, 0x7F, 0x01, 0x7F, 0x01,
    0x7F, 0x40, 0x48, 0x00, 0x7F, 0x01, 0x7F, 0x01, 0x7F, 0x40, 0x48, 0x00, 0x7F, 0x01, 0x7F, 0x01,
    0x7F, 0x40, 0x48, 0x00, 0x7F, 0x01, 0x7F, 0x01, 0x7F, 0x40, 0x48, 0x00, 0x7F, 0x01, 0x7F, 0x01,
    0x7F, 0x40, 0x50, 0x23, 0x7F, 0x01, 0x7F, 0x01, 0x7F, 0x40, 0x48, 0x00, 0x7F, 0x01, 0x7F, 0x01,
    0x7F, 0x40, 0x3C, 0x00, 0x7F, 0x01, 0x7F, 0x01, 0x7F, 0x40, 0x48, 0x00, 0x7F, 0x01, 0x7F, 0x01,
    0x7F, 0x40, 0x48, 0x00, 0x7F, 0x01, 0x7F, 0x01, 0x7F, 0x40, 0x48, 0x00, 0x7F, 0x01, 0x7F, 0x01,
    0x7F, 0x40, 0x48, 0x00, 0x7F, 0x01, 0x7F, 0x01, 0x7F, 0x40, 0x48, 0x00, 0x7F, 0x01, 0x7F, 0x01,
    0x7F, 0x40, 0x48, 0x00, 0x7F, 0x01, 0x7F, 0x01, 0x7F, 0x40, 0x5A, 0x0A, 0x46, 0x19, 0x7F, 0x01,
    0x7F, 0x40, 0x5A, 0x16, 0x7F, 0x01, 0x7F, 0x01, 0x7F, 0x40, 0x48, 0x00, 0x7F, 0x01, 0x7F, 0x01,
    0x7F, 0x40, 0x48, 0x00, 0x7F, 0x01, 0x7F, 0x01, 0x7F, 0x40, 0x32, 0x00, 0x7F, 0x01, 0x7F, 0x01,
    0x7F, 0x40, 0x48, 0x00, 0x7F, 0x01, 0x7F, 0x01, 0x7F, 0x40, 0x3C, 0x00, 0x7F, 0x01, 0x7F, 0x01,
    0x7F, 0x40, 0x48, 0x00, 0x7F, 0x01, 0x7F, 0x01, 0x7F, 0x40, 0x48, 0x00, 0x7F, 0x01, 0x7F, 0x01,
    0x7F, 0x40, 0x2D, 0x00, 0x7F, 0x01, 0x7F, 0x01, 0x7F, 0x40, 0x48, 0x00, 0x7F, 0x01, 0x7F, 0x01,
    0x7F, 0x40, 0x48, 0x00, 0x7F, 0x01, 0x7F, 0x01, 0x7F, 0x40, 0x48, 0x00, 0x7F, 0x01, 0x7F, 0x01,
    0x7F, 0x40, 0x35, 0x02, 0x7F, 0x01, 0x7F, 0x01, 0x7F, 0x40, 0x48, 0x00, 0x7F, 0x01, 0x7F, 0x01,
    0x7F, 0x40, 0x39, 0x02, 0x7F, 0x01, 0x7F, 0x01, 0x7F, 0x40, 0x4E, 0x05, 0x7F, 0x01, 0x7F, 0x01,
    0x7F, 0x40, 0x4E, 0x05, 0x7F, 0x01, 0x7F, 0x01, 0x7F, 0x40, 0x41, 0x03, 0x7F, 0x01, 0x7F, 0x01,
    0x7F, 0x40, 0x50, 0x00, 0x7F, 0x01, 0x7F, 0x01, 0x7F, 0x40, 0x48, 0x00, 0x7F, 0x01, 0x7F, 0x01,
    0x7F, 0x40, 0x47, 0x00, 0x7F, 0x01, 0x7F, 0x01, 0x7F, 0x40, 0x4E, 0x02, 0x7F, 0x01, 0x7F, 0x01,
    0x7F, 0x40, 0x52, 0x00, 0x7F, 0x01, 0x7F, 0x01, 0x7F, 0x40, 0x58, 0x00, 0x7F, 0x01, 0x7F, 0x01,
    0x7F, 0x40, 0x4D, 0x00, 0x7F, 0x01, 0x7F, 0x01, 0x7F, 0x40, 0x43, 0x00, 0x7F, 0x01, 0x7F, 0x01,
    0x7F, 0x40, 0x47, 0x01, 0x7F, 0x01, 0x7F, 0x01, 0x7F, 0x40, 0x55, 0x01, 0x7F, 0x01, 0x7F, 0x01,
    0x7F, 0x40, 0x4E, 0x00, 0x7F, 0x01, 0x7F, 0x01, 0x7F, 0x40, 0x50, 0x00, 0x7F, 0x01, 0x7F, 0x02,
    0x7F, 0x40, 0x4F, 0x00, 0x7F, 0x01, 0x7F, 0x1E, 0x7F, 0x40, 0x55, 0x00, 0x7F, 0x01, 0x7F, 0x14,
    0x7F, 0x40, 0x58, 0x00, 0x7F, 0x01, 0x7F, 0x02, 0x7F, 0x40, 0x47, 0x00, 0x7F, 0x01, 0x7F, 0x01,
    0x7F, 0x40, 0x5A, 0x00, 0x7F, 0x01, 0x7F, 0x01, 0x7F, 0x40, 0x3C, 0x00, 0x7F, 0x01, 0x7F, 0x01,
    0x7F, 0x40, 0x50, 0x00, 0x7F, 0x01, 0x7F, 0x01, 0x7F, 0x40, 0x4E, 0x00, 0x7F, 0x01, 0x7F, 0x01,
    0x7F, 0x40, 0x4E, 0x01, 0x7F, 0x01, 0x7F, 0x01, 0x7F, 0x40, 0x48, 0x00, 0x7F, 0x01, 0x7F, 0x01,
    0x7F, 0x40, 0x53, 0x01, 0x7F, 0x01, 0x7F, 0x01, 0x7F, 0x40, 0x3C, 0x00, 0x7F, 0x01, 0x7F, 0x01,
    0x7F, 0x40, 0x51, 0x00, 0x7F, 0x01, 0x7F, 0x01, 0x7F, 0x40, 0x51, 0x00, 0x7F, 0x01, 0x7F, 0x01,
    0x7F, 0x40, 0x48, 0x00, 0x7F, 0x01, 0x7F, 0x01, 0x7F, 0x40, 0x3B, 0x02, 0x7F, 0x01, 0x7F, 0x01,
    0x7F, 0x40, 0x58, 0x00, 0x7F, 0x01, 0x7F, 0x01, 0x7F, 0x40, 0x48, 0x01, 0x7F, 0x01, 0x7F, 0x01,
    0x7F, 0x40, 0x42, 0x01, 0x7F, 0x01, 0x7F, 0x01, 0x7F, 0x40, 0x52, 0x01, 0x7F, 0x01, 0x7F, 0x01,
    0x78, 0x40, 0x52, 0x01, 0x7F, 0x01, 0x7F, 0x01, 0x3A, 0x40, 0x3C, 0x03, 0x7F, 0x01, 0x7F, 0x01,
    0x7F, 0x40, 0x4E, 0x00, 0x7F, 0x01, 0x7F, 0x01, 0x7F, 0x40, 0x4E, 0x00, 0x7F, 0x01, 0x7F, 0x01,
    0x7F, 0x40, 0x5A, 0x00, 0x7F, 0x01, 0x7F, 0x01, 0x7F, 0x40, 0x48, 0x00, 0x7F, 0x01, 0x7F, 0x01,
    0x7F, 0x40, 0x47, 0x05, 0x7F, 0x01, 0x7F, 0x01, 0x7F, 0x40, 0x4E, 0x0E, 0x7F, 0x01, 0x7F, 0x01,
    0x7F, 0x40, 0x47, 0x00, 0x7F, 0x01, 0x7F, 0x01, 0x7F, 0x40, 0x5A, 0x00, 0x7F, 0x01, 0x7F, 0x01,
    0x7F, 0x40, 0x50, 0x00, 0x7F, 0x01, 0x7F, 0x01, 0x46, 0x40, 0x3A, 0x01, 0x7F, 0x7F, 0x1E, 0x01,
    0x7F, 0x40, 0x3C, 0x01, 0x7F, 0x01, 0x7F, 0x01, 0x7F, 0x40, 0x48, 0x00, 0x7F, 0x01, 0x7F, 0x01,
    0x7F, 0x40, 0x48, 0x00, 0x7F, 0x01, 0x7F, 0x01, 0x7F, 0x40, 0x42, 0x00, 0x7F, 0x01, 0x7F, 0x01,
    0x7F, 0x40, 0x4D, 0x01, 0x7F, 0x01, 0x7F, 0x01, 0x7F, 0x40, 0x4B, 0x00, 0x7F, 0x01, 0x7F, 0x01,
    0x7F, 0x40, 0x56, 0x04, 0x7F, 0x01, 0x7F, 0x01, 0x7F, 0x40, 0x55, 0x02, 0x7F, 0x01, 0x7F, 0x01,
    0x7F, 0x40, 0x48, 0x03, 0x7F, 0x01, 0x7F, 0x20, 0x7F, 0x40, 0x47, 0x00, 0x7F, 0x01, 0x7F, 0x01,
    0x7F, 0x40, 0x46, 0x05, 0x7F, 0x01, 0x7F, 0x19, 0x7F, 0x40, 0x48, 0x00, 0x7F, 0x01, 0x7F, 0x01,
    0x7F, 0x00, 0x48, 0x00, 0x7F, 0x01, 0x7F, 0x01, 0x6C, 0x40, 0x48, 0x00, 0x7F, 0x01, 0x7F, 0x01,
    0x64, 0x7F, 0x48, 0x00, 0x7F, 0x01, 0x7F, 0x01, 0x71, 0x00, 0x48, 0x00, 0x7F, 0x01, 0x7F, 0x01,
    0x7F, 0x40, 0x48, 0x00, 0x7F, 0x01, 0x7F, 0x01, 0x70, 0x7F, 0x48, 0x00, 0x7F, 0x01, 0x7F, 0x01,
    0x7F, 0x40, 0x5A, 0x00, 0x7F, 0x01, 0x7F, 0x01, 0x7F, 0x40, 0x40, 0x00, 0x7F, 0x01, 0x7F, 0x01,
    0x7F, 0x40, 0x48, 0x00, 0x7F, 0x01, 0x7F, 0x01, 0x00, 0x00, 0x00, 0x00,
};

s32 gAudioSamplesLeft = 0x00000000;
s32 gAudioNextDma = 0x00000000;
s32 gAudioListIndex = 0x00000000;
s32 gAudioBufferCounter = 0x00000001;

AudioBufferSampleCounts gAudioBufferSampleCounts = {
    { 0x0000, 0x0000, 0x0000 },
    { 0x0000, 0x0000, 0x0000, 0xB800, 0x0000, 0x0000, 0x0000, 0xB800, 0x0000, 0x0000, 0x0000 }, // unused?
};

// derived from playseq.c
AudioCustomFxParams gAudioCustomFxParams = {
    5,
    0x1900,
    {
        { 0x0000, 0x0000, 0x10B4, -0x10B4, 0x3126, 0x0000, 0x0000, 0x0FA0 },
        { 0x0000, 0x0630, 0x3D56,  0x0000, 0x5012, 0x0000, 0x0000, 0x0000 },
        { 0x0010, 0x0260, 0x0C38, -0x0C38, 0x4028, 0x0000, 0x0000, 0x0000 },
        { 0x0000, 0x0360, 0x0000, -0x1538, 0x1F36, 0x0000, 0x0000, 0x1FC0 },
        { 0x0020, 0x0F00, 0x2666, -0x2666, 0x7016, 0x0000, 0x0000, 0x6012 },
    },
};
