#include <PR/ultratypes.h>

#include "linker.h"

u32 D_800D82D0[] = { 0x0022D801, 0x0026D001, (u32)Segment_01_DATA_START };

u16 D_800D82DC[] = { 0x0001, 0x0001, 0x0000, 0x0000, 0x0001, 0x0000 };

u16 D_800D82E8[] = {
    0x0000, 0xF7BF, 0xEF7B, 0xDEFB, 0xC639, 0xB5B7, 0x8C73, 0x6B6D,
    0x5261, 0x399B, 0x2915, 0x188F, 0x1049, 0x0805, 0x0803, 0x0803,
    0x0000, 0xFFFB, 0xF7AD, 0xFF19, 0xFD8B, 0xFC07, 0xFB43, 0xFA01,
    0xF941, 0xF8C1, 0xE801, 0xC801, 0xA001, 0x8001, 0x6801, 0x2803,
    0x0000, 0xEFBF, 0xD73B, 0xC6B7, 0xBE75, 0x9D6F, 0x84A9, 0x63A1,
    0x4299, 0x3A57, 0x194F, 0x110D, 0x08CB, 0x0089, 0x0047, 0x0005,
    0x0000, 0xFFF1, 0xFFED, 0xFFE3, 0xFED3, 0xFE81, 0xEDC1, 0xD501,
    0xA341, 0x9281, 0x61C1, 0x4941, 0x28C3, 0x2081, 0x1841, 0x1001,
    0x0000, 0xF7F7, 0xFFF3, 0xEFE9, 0xDFDF, 0xBFD7, 0xA791, 0x7FC1,
    0x3FC1, 0x0681, 0x0641, 0x2DC7, 0x0401, 0x0301, 0x01C1, 0x0081,
    0x0000, 0xE7BF, 0xD7BF, 0xB77F, 0x8EFF, 0x4E7F, 0x2CFF, 0x23BF,
    0x0A3F, 0x10FF, 0x003F, 0x0035, 0x00AB, 0x009F, 0x004D, 0x0007,
    0x0000, 0xF77D, 0xEF3B, 0xE679, 0xE5B9, 0xEC3B, 0xD277, 0xB9F1,
    0xB16F, 0xA0E9, 0x9025, 0x781F, 0x5819, 0x380D, 0x1805, 0x1003,
    0x0000, 0x0000, 0x0000, 0x0000, 0x0000, 0x0000, 0x0000, 0x0000,
    0x0000, 0x0000, 0x0000, 0x0000, 0x0000, 0x0000, 0x0000, 0x0000,
    0x0000, 0x0000, 0x0000, 0x0000, 0x0000, 0x0000, 0x0000, 0x0000,
    0x0000, 0x0000, 0x0000, 0x0000, 0x0000, 0x0000, 0x0000, 0x0000,
    0x0000, 0x0000, 0x0000, 0x0000, 0x0000, 0x0000, 0x0000, 0x0000,
    0x0000, 0x0000, 0x0000, 0x0000, 0x0000, 0x0000, 0x0000, 0x0000,
    0x0000, 0x0000, 0x0000, 0x0000, 0x0000, 0x0000, 0x0000, 0x0000,
    0x0000, 0x0000, 0x0000, 0x0000, 0x0000, 0x0000, 0x0000, 0x0000,
    0x0000, 0x0000, 0x0000, 0x0000, 0x0000, 0x0000, 0x0000, 0x0000,
    0x0000, 0x0000, 0x0000, 0x0000, 0x0000, 0x0000, 0x0000, 0x0000,
};

u16 D_800D8468[] = {
    0x0000, 0x0000, 0x0000, 0x0000, 0x0000, 0x0000, 0x0000, 0x0000,
    0x0000, 0x0000, 0x0000, 0x0000, 0x0000, 0x0000, 0x0000, 0x0000,
};

u16 D_800D8488[] = {
    0x0000, 0x0000, 0x0000, 0x0000, 0x0000, 0x0000, 0x0000, 0x0000,
    0x0000, 0x0000, 0x0000, 0x0000, 0x0000, 0x0000, 0x0000, 0x0000,
};

u16 D_800D84A8[] = {
    0x0000, 0x0000, 0x0000, 0x0000, 0x0000, 0x0000, 0x0000, 0x0000,
    0x0000, 0x0000, 0x0000, 0x0000, 0x0000, 0x0000, 0x0000, 0x0000,
};

u16 D_800D84C8[] = {
    0x0000, 0x0000, 0x0000, 0x0000, 0x0000, 0x0000, 0x0000, 0x0000,
    0x0000, 0x0000, 0x0000, 0x0000, 0x0000, 0x0000, 0x0000, 0x0000,
};

u16 D_800D84E8[] = {
    0x0000, 0xFFFF, 0xFFFB, 0xFFF5, 0xFFE5, 0xFF91, 0xFF05, 0xE581,
    0xD501, 0xCC01, 0xC341, 0x1085, 0xB241, 0xB081, 0xB081, 0xB081,
};

u16 D_800D8508[] = {
    0x0000, 0xFFFF, 0xF7FD, 0xE7F9, 0xC7F1, 0xA7E9, 0x87E1, 0x57D5,
    0x3FCF, 0x27C9, 0x0F83, 0x0581, 0x0581, 0x0581, 0x0581, 0x0581,
};

u16 D_800D8528[] = {
    0x0000, 0xDF3F, 0xCEBF, 0xB5FF, 0x8CFF, 0x7C7F, 0x4B3F, 0x2A3F,
    0x197F, 0x10FF, 0x08BF, 0x0075, 0x0023, 0x0013, 0x0013, 0x0001,
};

u16 D_800D8548[] = {
    0x0000, 0xFEF7, 0xFE73, 0xFDAB, 0xFCA3, 0xFC1D, 0xFA91, 0xF98B,
    0xF907, 0xF883, 0xF841, 0xF001, 0xA001, 0x5001, 0x5001, 0x0001,
};

u16 D_800D8568[] = {
    0x0000, 0xFEFF, 0xFE7F, 0xFDBF, 0xFCBF, 0xFC3F, 0xFABF, 0xF9BF,
    0xF93F, 0xF8BF, 0xF87F, 0xF83F, 0xF83F, 0xC031, 0xC031, 0x0001,
};

u16 D_800D8588[] = {
    0x0000, 0xFFFF, 0xFFFF, 0xFFFF, 0xFFFF, 0xFFFF, 0xFFFF, 0xFFFF,
    0xFFFF, 0xFFFF, 0xFFFF, 0xFFFF, 0xFFFF, 0xFFFF, 0xFFFF, 0xFFFF,
};

u16 D_800D85A8[] = {
    0x0000, 0x0001, 0x0001, 0x0001, 0x0001, 0x0001, 0x0001, 0x0001,
    0x0001, 0x0001, 0x0001, 0x0001, 0x0001, 0x0001, 0x0001, 0x0001,
};

u16 D_800D85C8[] = {
    0x0000, 0xFFFF, 0xFFFF, 0xFFFF, 0xFFFF, 0xFFFF, 0xFFFF, 0x0000,
    0x0000, 0x0000, 0x0000, 0x0000, 0x0000, 0x0000, 0x0000, 0x0000,
};

u16 D_800D85E8[] = {
    0x0000, 0xFFFF, 0xFFFF, 0xFFFF, 0xFFBD, 0xFF7B, 0xFE73, 0xFD29,
    0xFC63, 0xFB19, 0x0000, 0x0000, 0x0000, 0x0000, 0x0000, 0x0000,
};

u16 D_800D8608[] = {
    0x0000, 0xBFFF, 0x0000, 0x8F7F, 0x0000, 0x5E7F, 0x3D7F, 0x2CFF,
    0x247F, 0x1C3F, 0x1BFF, 0x1BFF, 0x13BF, 0x01F9, 0x01F9, 0x0001,
};

u16 D_800D8628[] = {
    0x0000, 0x0000, 0x0000, 0x0000, 0x0000, 0x0000, 0x0000, 0x0000,
    0x0000, 0x0000, 0x0000, 0x0000, 0x2A3F, 0xCEBF, 0x2A3F, 0x0000,
};

u16 D_800D8648[] = {
    0x0000, 0x0000, 0x0000, 0x0000, 0x2A3F, 0xCEBF, 0x2A3F, 0x0000,
    0x0000, 0x0000, 0x0000, 0x0000, 0x0000, 0x0000, 0x0000, 0x0000,
};

u16 D_800D8668[] = {
    0x0000, 0xF7BD, 0xEF7B, 0xDEF7, 0xC631, 0xB5AD, 0x8C63, 0x6B5B,
    0x5295, 0x39CF, 0x294B, 0x18C7, 0x1085, 0x0843, 0x0843, 0x0001,
};

u16 D_800D8688[] = {
    0xFFFF, 0xFFFF, 0xF7BD, 0xFFFF, 0xFFFF, 0xFFFF, 0xFFFF, 0xFFFF,
    0xFFFF, 0xFFFF, 0xEF7B, 0xEF7B,
};

u16 D_800D86A0[] = { 0x0000, 0x0000, 0x0000, 0x0000 };

u16 D_800D86A8[] = {
    0x0000, 0x0000, 0x0000, 0x0000, 0x0000, 0x0000, 0x0000, 0x0000,
    0x0000, 0x0000, 0x0000, 0x0000, 0x0000, 0x0000, 0x0000, 0x0000,
};

u16 D_800D86C8[] = { 0x0000, 0x0000, 0x0000, 0x0000, 0x0000, 0x0000, 0x0000, 0xC801 };

u16 gPaletteGemBlue[] = {
    0x0000, 0x7BC5, 0x9483, 0xB58B, 0xC60D, 0x5283, 0xA505, 0xEF4B,
    0x6B47, 0x318B, 0x528B, 0xC60B, 0x2109, 0x5295, 0x739D, 0x3189,
    0x528F, 0x841B, 0xAD65, 0x5285, 0x7BC7, 0xA509, 0xBDCB, 0xCE4D,
    0x5AC5, 0x8409, 0xB58B, 0xBDCD, 0xE713, 0x7387, 0x9489, 0xD68F,
    0xFFDB, 0xFFE5, 0xFFE7, 0x2121, 0x7BFF, 0x2123, 0x2965, 0x31AB,
    0x2969, 0x94BF, 0x73BD, 0x39EB, 0x4227, 0x39E7, 0x0851, 0x18DF,
    0x18D9, 0x2119, 0x319B, 0x18D5, 0x295B, 0x2117, 0x1093, 0x31A7,
    0x31A5, 0x18D7, 0x2959, 0x18D7,
};

u16 D_800D8750[] = {
    0x109D, 0x1093, 0x4A69, 0x1091, 0x2961, 0x52B9, 0x31A3, 0x31A1,
    0x52BB, 0x5AFF, 0x52BF, 0x39EF, 0x633F, 0x39F1, 0x4235, 0x422F,
    0x4233, 0x1099, 0x1097, 0x2115, 0x39E1, 0x4223, 0x4A6B, 0x4A73,
    0x4237, 0x4A75, 0x4A7B, 0x73B3, 0x73B9, 0x2971, 0x7BFD, 0x843F,
    0x295F, 0x18D5, 0x4A63, 0xCE7F, 0xEF7F, 0x084B, 0x52A3, 0x52AB,
    0x5AEB, 0x632D, 0xFFFF, 0x39DD, 0xFFFF, 0x319D, 0x4A61, 0x422B,
    0x4A6D, 0x7BEB, 0x52AF, 0x6331, 0x6B73, 0x6B69, 0x7BF5, 0x8437,
    0xD6BF, 0xDEFF, 0xFFFF, 0x2957,
};

u16 D_800D87C8[] = {
    0x0000, 0x7BC5, 0x9483, 0xB58B, 0xC60D, 0x5283, 0xA505, 0xEF4B,
    0x6B47, 0x318B, 0x528B, 0xC60B, 0x2109, 0x5295, 0x739D, 0x3189,
    0x528F, 0x841B, 0xAD65, 0x5285, 0x7BC7, 0xA509, 0xBDCB, 0xCE4D,
    0x5AC5, 0x8409, 0xB58B, 0xBDCD, 0xE713, 0x7387, 0x9489, 0xD68F,
    0xFFDB, 0xFFE5, 0xFFE7, 0x2121, 0x7BFF, 0x2123, 0x2965, 0x31AB,
    0x2969, 0x94BF, 0x73BD, 0x39EB, 0x4227, 0x39E7, 0x0851, 0x18DF,
    0x18D9, 0x2119, 0x319B, 0x18D5, 0x295B, 0x2117, 0x1093, 0x31A7,
    0x31A5, 0x18D7, 0x2959, 0x18D7,
};

u16 D_800D8840[] = {
    0x109D, 0x1093, 0x4A69, 0x1091, 0x2961, 0x52B9, 0x31A3, 0x31A1,
    0x52BB, 0x5AFF, 0x52BF, 0x39EF, 0x633F, 0x39F1, 0x4235, 0x422F,
    0x4233, 0x1099, 0x1097, 0x2115, 0x39E1, 0x4223, 0x4A6B, 0x4A73,
    0x4237, 0x4A75, 0x4A7B, 0x73B3, 0x73B9, 0x2971, 0x7BFD, 0x843F,
    0x295F, 0x18D5, 0x4A63, 0xCE7F, 0xEF7F, 0x084B, 0x52A3, 0x52AB,
    0x5AEB, 0x632D, 0xFFFF, 0x39DD, 0xFFFF, 0x319D, 0x4A61, 0x422B,
    0x4A6D, 0x7BEB, 0x52AF, 0x6331, 0x6B73, 0x6B69, 0x7BF5, 0x8437,
    0xD6BF, 0xDEFF, 0xFFFF, 0x2957,
};

u16 gPaletteGemRed[] = {
    0x0000, 0x135B, 0x0BDF, 0x2CE7, 0x35AD, 0x0A11, 0x1421, 0x2E73,
    0x1AD7, 0x298D, 0x2A53, 0x2D29, 0x2109, 0x5295, 0x739D, 0x2109,
    0x398D, 0x6B19, 0x9421, 0x1001, 0x1801, 0x2001, 0x2801, 0x3001,
    0x1001, 0x2001, 0x2801, 0x3001, 0x48C7, 0x1801, 0x2001, 0x3843,
    0x69CF, 0x92D7, 0x9B5B, 0x8043, 0xFA95, 0x8843, 0x9043, 0xA885,
    0xA043, 0xFB5B, 0xF295, 0xA8C7, 0x994B, 0x9909, 0x4001, 0x7801,
    0x6043, 0x6085, 0x6909, 0x5001, 0x6885, 0x5885, 0x4801, 0x9885,
    0x9085, 0x5843, 0x60C7, 0x5885,
};

u16 D_800D8930[] = {
    0x7043, 0x4843, 0xA18D, 0x4001, 0x8085, 0xE14B, 0x88C7, 0x80C7,
    0xE94B, 0xF94B, 0xF909, 0xB8C7, 0xF9CF, 0xC0C7, 0xD109, 0xB909,
    0xC909, 0x6001, 0x5801, 0x5085, 0x8109, 0x894B, 0xA94B, 0xC94B,
    0xD8C7, 0xD14B, 0xE8C7, 0xCAD7, 0xE2D7, 0xC085, 0xF2D7, 0xFAD7,
    0x7885, 0x5085, 0x898D, 0xFD29, 0xFE31, 0x2801, 0x8A53, 0xA9CF,
    0xAA11, 0xB295, 0xFEF7, 0x714B, 0xFFFF, 0x70C7, 0x81CF, 0xA94B,
    0xB18D, 0xAB5B, 0xB9CF, 0xC253, 0xCA95, 0xA319, 0xD319, 0xDB9D,
    0xFDAD, 0xFD6B, 0xFEB5, 0x58C7,
};

u16 D_800D89A8[] = {
    0x0000, 0x135B, 0x0BDF, 0x2CE7, 0x35AD, 0x0A11, 0x1421, 0x2E73,
    0x1AD7, 0x298D, 0x2A53, 0x2D29, 0x2109, 0x5295, 0x739D, 0x2109,
    0x398D, 0x6B19, 0x9421, 0x1001, 0x1801, 0x2001, 0x2801, 0x3001,
    0x1001, 0x2001, 0x2801, 0x3001, 0x48C7, 0x1801, 0x2001, 0x3843,
    0x69CF, 0x92D7, 0x9B5B, 0x8043, 0xFA95, 0x8843, 0x9043, 0xA885,
    0xA043, 0xFB5B, 0xF295, 0xA8C7, 0x994B, 0x9909, 0x4001, 0x7801,
    0x6043, 0x6085, 0x6909, 0x5001, 0x6885, 0x5885, 0x4801, 0x9885,
    0x9085, 0x5843, 0x60C7, 0x5885,
};

u16 D_800D8A20[] = {
    0x7043, 0x4843, 0xA18D, 0x4001, 0x8085, 0xE14B, 0x88C7, 0x80C7,
    0xE94B, 0xF94B, 0xF909, 0xB8C7, 0xF9CF, 0xC0C7, 0xD109, 0xB909,
    0xC909, 0x6001, 0x5801, 0x5085, 0x8109, 0x894B, 0xA94B, 0xC94B,
    0xD8C7, 0xD14B, 0xE8C7, 0xCAD7, 0xE2D7, 0xC085, 0xF2D7, 0xFAD7,
    0x7885, 0x5085, 0x898D, 0xFD29, 0xFE31, 0x2801, 0x8A53, 0xA9CF,
    0xAA11, 0xB295, 0xFEF7, 0x714B, 0xFFFF, 0x70C7, 0x81CF, 0xA94B,
    0xB18D, 0xAB5B, 0xB9CF, 0xC253, 0xCA95, 0xA319, 0xD319, 0xDB9D,
    0xFDAD, 0xFD6B, 0xFEB5, 0x58C7,
};

u16 gPaletteGemGreen[] = {
    0x0000, 0x789B, 0x905F, 0xB167, 0xC1AD, 0x5051, 0xA0A1, 0xE973,
    0x68D7, 0x314D, 0x5153, 0xC169, 0x2109, 0x5295, 0x739D, 0x3109,
    0x51CD, 0x8359, 0xACA1, 0x5081, 0x78C1, 0xA101, 0xB941, 0xC981,
    0x5881, 0x8101, 0xB141, 0xB981, 0xE247, 0x70C1, 0x9101, 0xD1C3,
    0xFB4F, 0xFC97, 0xFCDB, 0x2403, 0x7FD5, 0x2443, 0x2C83, 0x3545,
    0x2D03, 0x97DB, 0x7795, 0x3D47, 0x44CB, 0x3CC9, 0x0A01, 0x1BC1,
    0x1B03, 0x2305, 0x3349, 0x1A81, 0x2B45, 0x22C5, 0x1241, 0x34C5,
    0x3485, 0x1AC3, 0x2B07, 0x1AC5,
};

u16 D_800D8B10[] = {
    0x1383, 0x1243, 0x4D0D, 0x1201, 0x2C05, 0x570B, 0x3447, 0x3407,
    0x574B, 0x5FCB, 0x57C9, 0x3DC7, 0x67CF, 0x3E07, 0x4689, 0x45C9,
    0x4649, 0x1301, 0x12C1, 0x2285, 0x3C09, 0x444B, 0x4D4B, 0x4E4B,
    0x46C7, 0x4E8B, 0x4F47, 0x7657, 0x7717, 0x2E05, 0x7F97, 0x87D7,
    0x2BC5, 0x1A85, 0x4C4D, 0xCFE9, 0xEFF1, 0x0941, 0x5453, 0x554F,
    0x5D51, 0x6595, 0xFFF7, 0x3B8B, 0xFFFF, 0x3387, 0x4C0F, 0x454B,
    0x4D8D, 0x7D5B, 0x55CF, 0x6613, 0x6E55, 0x6D19, 0x7E99, 0x86DD,
    0xD7ED, 0xDFEB, 0xFFF5, 0x2AC7,
};

u16 D_800D8B88[] = {
    0x0000, 0x789B, 0x905F, 0xB167, 0xC1AD, 0x5051, 0xA0A1, 0xE973,
    0x68D7, 0x314D, 0x5153, 0xC169, 0x2109, 0x5295, 0x739D, 0x3109,
    0x51CD, 0x8359, 0xACA1, 0x5081, 0x78C1, 0xA101, 0xB941, 0xC981,
    0x5881, 0x8101, 0xB141, 0xB981, 0xE247, 0x70C1, 0x9101, 0xD1C3,
    0xFB4F, 0xFC97, 0xFCDB, 0x2403, 0x7FD5, 0x2443, 0x2C83, 0x3545,
    0x2D03, 0x97DB, 0x7795, 0x3D47, 0x44CB, 0x3CC9, 0x0A01, 0x1BC1,
    0x1B03, 0x2305, 0x3349, 0x1A81, 0x2B45, 0x22C5, 0x1241, 0x34C5,
    0x3485, 0x1AC3, 0x2B07, 0x1AC5,
};

u16 D_800D8C00[] = {
    0x1383, 0x1243, 0x4D0D, 0x1201, 0x2C05, 0x570B, 0x3447, 0x3407,
    0x574B, 0x5FCB, 0x57C9, 0x3DC7, 0x67CF, 0x3E07, 0x4689, 0x45C9,
    0x4649, 0x1301, 0x12C1, 0x2285, 0x3C09, 0x444B, 0x4D4B, 0x4E4B,
    0x46C7, 0x4E8B, 0x4F47, 0x7657, 0x7717, 0x2E05, 0x7F97, 0x87D7,
    0x2BC5, 0x1A85, 0x4C4D, 0xCFE9, 0xEFF1, 0x0941, 0x5453, 0x554F,
    0x5D51, 0x6595, 0xFFF7, 0x3B8B, 0xFFFF, 0x3387, 0x4C0F, 0x454B,
    0x4D8D, 0x7D5B, 0x55CF, 0x6613, 0x6E55, 0x6D19, 0x7E99, 0x86DD,
    0xD7ED, 0xDFEB, 0xFFF5, 0x2AC7,
};

u16 gPaletteGemYellow[] = {
    0x0000, 0x109B, 0x085F, 0x2967, 0x31AD, 0x0851, 0x10A1, 0x2973,
    0x18D7, 0x294D, 0x2953, 0x2969, 0x2109, 0x5295, 0x739D, 0x2109,
    0x39CD, 0x6B59, 0x94A1, 0x1081, 0x18C1, 0x2101, 0x2941, 0x3181,
    0x1081, 0x2101, 0x2941, 0x3181, 0x4A47, 0x18C1, 0x2101, 0x39C3,
    0x6B4F, 0x9497, 0x9CDB, 0x8403, 0xFFD5, 0x8C43, 0x9483, 0xAD45,
    0xA503, 0xFFDB, 0xF795, 0xAD47, 0x9CCB, 0x9CC9, 0x4201, 0x7BC1,
    0x6303, 0x6305, 0x6B49, 0x5281, 0x6B45, 0x5AC5, 0x4A41, 0x9CC5,
    0x9485, 0x5AC3, 0x6307, 0x5AC5,
};

u16 D_800D8CF0[] = {
    0x7383, 0x4A43, 0xA50D, 0x4201, 0x8405, 0xE70B, 0x8C47, 0x8407,
    0xEF4B, 0xFFCB, 0xFFC9, 0xBDC7, 0xFFCF, 0xC607, 0xD689, 0xBDC9,
    0xCE49, 0x6301, 0x5AC1, 0x5285, 0x8409, 0x8C4B, 0xAD4B, 0xCE4B,
    0xDEC7, 0xD68B, 0xEF47, 0xCE57, 0xE717, 0xC605, 0xF797, 0xFFD7,
    0x7BC5, 0x5285, 0x8C4D, 0xFFE9, 0xFFF1, 0x2941, 0x8C53, 0xAD4F,
    0xAD51, 0xB595, 0xFFF7, 0x738B, 0xFFFF, 0x7387, 0x840F, 0xAD4B,
    0xB58D, 0xAD5B, 0xBDCF, 0xC613, 0xCE55, 0xA519, 0xD699, 0xDEDD,
    0xFFED, 0xFFEB, 0xFFF5, 0x5AC7,
};

u16 D_800D8D68[] = {
    0x0000, 0x109B, 0x085F, 0x2967, 0x31AD, 0x0851, 0x10A1, 0x2973,
    0x18D7, 0x294D, 0x2953, 0x2969, 0x2109, 0x5295, 0x739D, 0x2109,
    0x39CD, 0x6B59, 0x94A1, 0x1081, 0x18C1, 0x2101, 0x2941, 0x3181,
    0x1081, 0x2101, 0x2941, 0x3181, 0x4A47, 0x18C1, 0x2101, 0x39C3,
    0x6B4F, 0x9497, 0x9CDB, 0x8403, 0xFFD5, 0x8C43, 0x9483, 0xAD45,
    0xA503, 0xFFDB, 0xF795, 0xAD47, 0x9CCB, 0x9CC9, 0x4201, 0x7BC1,
    0x6303, 0x6305, 0x6B49, 0x5281, 0x6B45, 0x5AC5, 0x4A41, 0x9CC5,
    0x9485, 0x5AC3, 0x6307, 0x5AC5,
};

u16 D_800D8DE0[] = {
    0x7383, 0x4A43, 0xA50D, 0x4201, 0x8405, 0xE70B, 0x8C47, 0x8407,
    0xEF4B, 0xFFCB, 0xFFC9, 0xBDC7, 0xFFCF, 0xC607, 0xD689, 0xBDC9,
    0xCE49, 0x6301, 0x5AC1, 0x5285, 0x8409, 0x8C4B, 0xAD4B, 0xCE4B,
    0xDEC7, 0xD68B, 0xEF47, 0xCE57, 0xE717, 0xC605, 0xF797, 0xFFD7,
    0x7BC5, 0x5285, 0x8C4D, 0xFFE9, 0xFFF1, 0x2941, 0x8C53, 0xAD4F,
    0xAD51, 0xB595, 0xFFF7, 0x738B, 0xFFFF, 0x7387, 0x840F, 0xAD4B,
    0xB58D, 0xAD5B, 0xBDCF, 0xC613, 0xCE55, 0xA519, 0xD699, 0xDEDD,
    0xFFED, 0xFFEB, 0xFFF5, 0x5AC7, 0x0000, 0x0000, 0x0000, 0x0000,
    0x0000, 0x0000,
};

u16 D_800D8E64[] = {
    0x0000, 0x0201, 0x03C1, 0x04C1, 0x0601, 0x06C1, 0x0741, 0x07C1,
    0x0741, 0x0081, 0x02C1, 0x0541, 0x1745, 0x4FD3, 0x77DD, 0x9FE7,
    0xC7F1, 0xDFF7, 0xF7FD, 0xFFFF, 0x0481, 0x1F07, 0x67D9, 0xAFEB,
    0xDFB7, 0xCE73, 0xA529, 0x8421, 0x6319, 0x4A53, 0x39CF, 0x318D,
    0x1F07, 0x0101, 0x378D, 0x87E1, 0xD7B5, 0xBDEF, 0x5295, 0x0381,
    0x2F0B, 0x8FE3, 0xCF33, 0x2F0B, 0x0581, 0x67D9, 0xCFB3, 0xAD6B,
    0x5AD7, 0x0181, 0x26C9, 0x97E5, 0xC671, 0x739D, 0x0341, 0x3F8F,
    0xBFEF, 0x0301, 0x4FD3, 0xC7B1, 0x94A5, 0xC771, 0x3F8F, 0xB7ED,
    0x00C1, 0x87E1, 0xDFB7, 0x0241, 0x0E83, 0x1FC7, 0x37CD, 0x4FD3,
    0x67D9, 0x77DD, 0x87E1, 0x8FE3, 0x97E5, 0xA7E9, 0xAFEB, 0xB7ED,
    0xC7F1, 0xCFF3, 0xD7F5, 0xDFF7, 0xE7F9, 0xEFFB, 0x17C5, 0x2FCB,
    0x47D1, 0x5FD7, 0x6FDB, 0x9FE7, 0xBFEF, 0x0141, 0x17C5, 0x27C9,
    0x3FCF, 0x57D5, 0xE7F9, 0x7FDF, 0xD7F5, 0xFFFF, 0x0FC3, 0x0FC3,
    0xEFFB, 0x0381, 0x0481, 0x0681, 0x07C1, 0x2FCB, 0x3FCF, 0x06C1,
    0x67D9, 0x8FE3, 0x9FE7, 0xAFEB, 0xB7ED, 0xA7E9, 0x6FDB, 0x47D1,
    0x1FC7, 0x17C5, 0x5FD7, 0x97E5, 0xC7F1, 0xD7F5, 0xDFF7, 0xE7F9,
    0xEFFB, 0xF7FD, 0x87E1, 0xBFEF, 0xCFF3, 0x37CD, 0x0701, 0x07C1,
    0x77DD, 0x7FDF, 0x57D5, 0xC7F1, 0x0681, 0x4FD3, 0x0781, 0x0000,
};

u16 D_800D8F84[] = {
    0x0000, 0x4001, 0x7801, 0x9801, 0xC001, 0xD801, 0xE801, 0xF801,
    0xE801, 0x1001, 0x5801, 0xA801, 0xE885, 0xFA53, 0xFB9D, 0xFCE7,
    0xFE31, 0xFEF7, 0xFFBD, 0xFFFF, 0x9001, 0xE0C7, 0xFB19, 0xFD6B,
    0xF6F7, 0xCE73, 0xA529, 0x8421, 0x6319, 0x4A53, 0x39CF, 0x318D,
    0xE0C7, 0x2001, 0xF18D, 0xFC21, 0xF6B5, 0xBDEF, 0x5295, 0x7001,
    0xE14B, 0xFC63, 0xE673, 0xE14B, 0xB001, 0xFB19, 0xF673, 0xAD6B,
    0x5AD7, 0x3001, 0xD909, 0xFCA5, 0xCE31, 0x739D, 0x6801, 0xF1CF,
    0xFDEF, 0x6001, 0xFA53, 0xF631, 0x94A5, 0xEE31, 0xF1CF, 0xFDAD,
    0x1801, 0xFC21, 0xF6F7, 0x4801, 0xD043, 0xF8C7, 0xF98D, 0xFA53,
    0xFB19, 0xFB9D, 0xFC21, 0xFC63, 0xFCA5, 0xFD29, 0xFD6B, 0xFDAD,
    0xFE31, 0xFE73, 0xFEB5, 0xFEF7, 0xFF39, 0xFF7B, 0xF885, 0xF94B,
    0xFA11, 0xFAD7, 0xFB5B, 0xFCE7, 0xFDEF, 0x2801, 0xF885, 0xF909,
    0xF9CF, 0xFA95, 0xFF39, 0xFBDF, 0xFEB5, 0xFFFF, 0xF843, 0xF843,
    0xFF7B, 0x7001, 0x9001, 0xD001, 0xF801, 0xF94B, 0xF9CF, 0xD801,
    0xFB19, 0xFC63, 0xFCE7, 0xFD6B, 0xFDAD, 0xFD29, 0xFB5B, 0xFA11,
    0xF8C7, 0xF885, 0xFAD7, 0xFCA5, 0xFE31, 0xFEB5, 0xFEF7, 0xFF39,
    0xFF7B, 0xFFBD, 0xFC21, 0xFDEF, 0xFE73, 0xF98D, 0xE001, 0xF801,
    0xFB9D, 0xFBDF, 0xFA95, 0xFE31, 0xD001, 0xFA53, 0xF001, 0x0000,
};

u16 D_800D90A4[] = {
    0x0000, 0x4201, 0x7BC1, 0x9CC1, 0xC601, 0xDEC1, 0xEF41, 0xFFC1,
    0xEF41, 0x1081, 0x5AC1, 0xAD41, 0xEF45, 0xFFD3, 0xFFDD, 0xFFE7,
    0xFFF1, 0xFFF7, 0xFFFD, 0xFFFF, 0x9481, 0xE707, 0xFFD9, 0xFFEB,
    0xF7B7, 0xCE73, 0xA529, 0x8421, 0x6319, 0x4A53, 0x39CF, 0x318D,
    0xE707, 0x2101, 0xF78D, 0xFFE1, 0xF7B5, 0xBDEF, 0x5295, 0x7381,
    0xE70B, 0xFFE3, 0xE733, 0xE70B, 0xB581, 0xFFD9, 0xF7B3, 0xAD6B,
    0x5AD7, 0x3181, 0xDEC9, 0xFFE5, 0xCE71, 0x739D, 0x6B41, 0xF78F,
    0xFFEF, 0x6301, 0xFFD3, 0xF7B1, 0x94A5, 0xEF71, 0xF78F, 0xFFED,
    0x18C1, 0xFFE1, 0xF7B7, 0x4A41, 0xD683, 0xFFC7, 0xFFCD, 0xFFD3,
    0xFFD9, 0xFFDD, 0xFFE1, 0xFFE3, 0xFFE5, 0xFFE9, 0xFFEB, 0xFFED,
    0xFFF1, 0xFFF3, 0xFFF5, 0xFFF7, 0xFFF9, 0xFFFB, 0xFFC5, 0xFFCB,
    0xFFD1, 0xFFD7, 0xFFDB, 0xFFE7, 0xFFEF, 0x2941, 0xFFC5, 0xFFC9,
    0xFFCF, 0xFFD5, 0xFFF9, 0xFFDF, 0xFFF5, 0xFFFF, 0xFFC3, 0xFFC3,
    0xFFFB, 0x7381, 0x9481, 0xD681, 0xFFC1, 0xFFCB, 0xFFCF, 0xDEC1,
    0xFFD9, 0xFFE3, 0xFFE7, 0xFFEB, 0xFFED, 0xFFE9, 0xFFDB, 0xFFD1,
    0xFFC7, 0xFFC5, 0xFFD7, 0xFFE5, 0xFFF1, 0xFFF5, 0xFFF7, 0xFFF9,
    0xFFFB, 0xFFFD, 0xFFE1, 0xFFEF, 0xFFF3, 0xFFCD, 0xE701, 0xFFC1,
    0xFFDD, 0xFFDF, 0xFFD5, 0xFFF1, 0xD681, 0xFFD3, 0xF781, 0x0000,
};

u16 D_800D91C4[] = {
    0x0000, 0xEFB5, 0x7797, 0xFF7F, 0x893F, 0x687F, 0x403F, 0xB17F,
    0xE3FD, 0xBFA9, 0xD7AF, 0x0009, 0x1837, 0x0031, 0x283F, 0xF67D,
    0x0029, 0xA7A3, 0x0023, 0x8F9D, 0x5F91, 0x478B, 0x2F83, 0x001D,
    0x16C1, 0x0017, 0x0000, 0x0000, 0x0000, 0x0000, 0x0000, 0x0000,
};

u16 D_800D9204[] = {
    0x0000, 0xEEBD, 0x72FD, 0xFFFB, 0x8FC9, 0x6FC3, 0x47C1, 0xB7CB,
    0xE79F, 0xBD3D, 0xD5FD, 0x0101, 0x1EC1, 0x0601, 0x2FC1, 0xF7B3,
    0x0501, 0xA47D, 0x0441, 0x8BBD, 0x5A3D, 0x417D, 0x287D, 0x0381,
    0x1037, 0x02C1, 0x0000, 0x0000, 0x0000, 0x0000, 0x0000, 0x0000,
    0x0000, 0xD6BD, 0x5AFD, 0xFFFB, 0xFFC9, 0xFFC3, 0xFFC1, 0xFFCB,
    0xF79F, 0xA53D, 0xBDFD, 0x2101, 0xDEC1, 0xC601, 0xFFC1, 0xF7B3,
    0xA501, 0x8C7D, 0x8C41, 0x73BD, 0x423D, 0x297D, 0x087D, 0x7381,
    0x0037, 0x5AC1, 0x0000, 0x0000, 0x0000, 0x0000, 0x0000, 0x0000,
};

u16 D_800D9284[] = {
    0x0000, 0x0FC1, 0x17C1, 0x27C1, 0x6FC1, 0x47C1, 0x57C1, 0x4FC1,
    0x2FC1, 0x1FC1, 0x7FC1, 0xFFC1, 0xEFC1, 0xBFC1, 0x3FC1, 0x37C1,
    0x9FC1, 0x97C1, 0xB7C1, 0x8FC1, 0xFFC3, 0xD7C1, 0xA7C1, 0x87C1,
    0xDFC1, 0xCFC1, 0x67C1, 0xAFC1, 0xE7C1, 0xF7C1, 0xC7C1, 0xFFC5,
    0x77C1, 0x5FC1, 0xFFCB, 0xFFC9, 0xFFCF, 0xFFC7, 0x0000, 0x03C1,
    0x0501, 0x0E81, 0x0381, 0x0441, 0x0F01, 0x17C3, 0x1FC3, 0x27C5,
    0x2FC5, 0x37C5, 0x27C3, 0x0F41, 0x0EC1, 0x47C7, 0x57C9, 0x5FC9,
    0x67C9, 0x0481, 0x4FC7, 0x77CB, 0x87CD, 0x97CF, 0x9FCF, 0x9FD1,
    0x8FCD, 0x7FCD, 0x04C1, 0xB7D3, 0xC7D5, 0xDFD5, 0xE7D7, 0xD7D5,
    0xCFD5, 0x67CB, 0x6FCB, 0xF7D9, 0xFFDB, 0xFFDD, 0xFFDF, 0xFFE3,
    0xFFE5, 0xFFD9, 0xFFE7, 0xFFE9, 0xFFEB, 0xFFED, 0xC7D3, 0xFFF1,
    0xFFF5, 0xFFF9, 0xFFFB, 0xFFF7, 0xFFF3, 0xFFEF, 0xFFFF, 0x4FC9,
    0xFFFD, 0x77CD, 0x8FCF, 0x7FCB, 0x0FC3, 0x0341, 0x0581, 0x0E41,
    0x0F81, 0x05C1, 0x0541, 0x3FC7, 0x0E01, 0x0DC1, 0xA7CF, 0xB7D1,
    0x3FC5, 0xA7D1, 0xBFD3, 0xCFD3, 0xDFD7, 0xAFD1, 0xEFD7, 0xFFE1,
    0x0D81, 0x0601, 0xF7D7, 0x0401, 0x57C7, 0x2FC3, 0xEFD9, 0x0D41,
    0xAFD3, 0x87CF, 0xD7D7, 0x5FCB, 0xBFD5, 0xA7D3, 0x97D1, 0x7FCF,
    0xE7D9, 0x37C7, 0xF7DB, 0x6FCD, 0xCFD7, 0xDFD9, 0x47C9, 0x1783,
    0x1743, 0x0F03, 0x0D01, 0x0F43, 0xB7D5, 0xEFDB, 0x57CB, 0x0CC1,
    0x9FD3, 0x1741, 0x87D1, 0x67CD, 0xBFD7, 0xAFD5, 0x1781, 0xD7D9,
    0x0EC3, 0xCFD9, 0x8FD1, 0xE7DB, 0xC7D7, 0xF7DD, 0x1701, 0x2FC7,
    0xEFDD, 0xDFDB, 0x77CF, 0x0F83, 0x16C3, 0x0DC3, 0x1683, 0x0E03,
    0x1FC5, 0x1703, 0x0C81, 0x0E43, 0x1603, 0x3FC9, 0x1641, 0x1643,
    0x0C41, 0xB7D7, 0xA7D5, 0x6FCF, 0x97D3, 0xC7D9, 0xE7DD, 0xD7DB,
    0xF7DF, 0x5FCD, 0x1601, 0x4FCB, 0x0D03, 0x1F43, 0x15C3, 0x1583,
    0x0D43, 0x1EC3, 0x0D83, 0x0C01, 0x1F83, 0x1F03, 0x7FD1, 0x1543,
    0x8FD3, 0xEFDF, 0xBFD9, 0xAFD7, 0x9FD5, 0xCFDB, 0xDFDD, 0x1541,
    0x1501, 0x0CC3, 0x1F45, 0x1E83, 0x1F05, 0x2785, 0x1F85, 0x1503,
    0x0BC1, 0x2745, 0x1E43, 0x1E03, 0x36C7, 0x2645, 0x1EC5, 0x24C5,
    0x1CC3, 0x1E85, 0x2743, 0x3707, 0x2E85, 0x3787, 0x2705, 0x2783,
    0x26C5, 0x1483, 0x1D83, 0x0000, 0x0000, 0x0000, 0x0000, 0x0000,
};

u16 D_800D9474[] = {
    0x0000, 0x083F, 0x103F, 0x203F, 0x683F, 0x403F, 0x503F, 0x483F,
    0x283F, 0x183F, 0x783F, 0xF83F, 0xE83F, 0xB83F, 0x383F, 0x303F,
    0x983F, 0x903F, 0xB03F, 0x883F, 0xF87F, 0xD03F, 0xA03F, 0x803F,
    0xD83F, 0xC83F, 0x603F, 0xA83F, 0xE03F, 0xF03F, 0xC03F, 0xF8BF,
    0x703F, 0x583F, 0xF97F, 0xF93F, 0xF9FF, 0xF8FF, 0x0000, 0x001F,
    0x0029, 0x0835, 0x001D, 0x0023, 0x0839, 0x107F, 0x187F, 0x20BF,
    0x28BF, 0x30BF, 0x207F, 0x083B, 0x0837, 0x40FF, 0x513F, 0x593F,
    0x613F, 0x0025, 0x48FF, 0x717F, 0x81BF, 0x91FF, 0x99FF, 0x9A3F,
    0x89BF, 0x79BF, 0x0027, 0xB27F, 0xC2BF, 0xDABF, 0xE2FF, 0xD2BF,
    0xCABF, 0x617F, 0x697F, 0xF33F, 0xFB7F, 0xFBBF, 0xFBFF, 0xFC7F,
    0xFCBF, 0xFB3F, 0xFCFF, 0xFD3F, 0xFD7F, 0xFDBF, 0xC27F, 0xFE3F,
    0xFEBF, 0xFF3F, 0xFF7F, 0xFEFF, 0xFE7F, 0xFDFF, 0xFFFF, 0x493F,
    0xFFBF, 0x71BF, 0x89FF, 0x797F, 0x087F, 0x001B, 0x002D, 0x0833,
    0x083D, 0x002F, 0x002B, 0x38FF, 0x0831, 0x082F, 0xA1FF, 0xB23F,
    0x38BF, 0xA23F, 0xBA7F, 0xCA7F, 0xDAFF, 0xAA3F, 0xEAFF, 0xFC3F,
    0x082D, 0x0031, 0xF2FF, 0x0021, 0x50FF, 0x287F, 0xEB3F, 0x082B,
    0xAA7F, 0x81FF, 0xD2FF, 0x597F, 0xBABF, 0xA27F, 0x923F, 0x79FF,
    0xE33F, 0x30FF, 0xF37F, 0x69BF, 0xCAFF, 0xDB3F, 0x413F, 0x107D,
    0x107B, 0x0879, 0x0829, 0x087B, 0xB2BF, 0xEB7F, 0x517F, 0x0827,
    0x9A7F, 0x103B, 0x823F, 0x61BF, 0xBAFF, 0xAABF, 0x103D, 0xD33F,
    0x0877, 0xCB3F, 0x8A3F, 0xE37F, 0xC2FF, 0xF3BF, 0x1039, 0x28FF,
    0xEBBF, 0xDB7F, 0x71FF, 0x087D, 0x1077, 0x086F, 0x1075, 0x0871,
    0x18BF, 0x1079, 0x0825, 0x0873, 0x1071, 0x393F, 0x1033, 0x1073,
    0x0823, 0xB2FF, 0xA2BF, 0x69FF, 0x927F, 0xC33F, 0xE3BF, 0xD37F,
    0xF3FF, 0x59BF, 0x1031, 0x497F, 0x0869, 0x187B, 0x106F, 0x106D,
    0x086B, 0x1877, 0x086D, 0x0821, 0x187D, 0x1879, 0x7A3F, 0x106B,
    0x8A7F, 0xEBFF, 0xBB3F, 0xAAFF, 0x9ABF, 0xCB7F, 0xDBBF, 0x102B,
    0x1029, 0x0867, 0x18BB, 0x1875, 0x18B9, 0x20BD, 0x18BD, 0x1069,
    0x081F, 0x20BB, 0x1873, 0x1871, 0x30F7, 0x20B3, 0x18B7, 0x20A7,
    0x1867, 0x18B5, 0x207B, 0x30F9, 0x28B5, 0x30FD, 0x20B9, 0x207D,
    0x20B7, 0x1065, 0x186D, 0x0000, 0x0000, 0x0000, 0x0000, 0x0000,
};

u16 D_800D9664[] = {
    0x0000, 0x6BC5, 0x7C83, 0x9D8B, 0xB60D, 0x4283, 0x8505, 0xCF4B,
    0x5B47, 0x318B, 0x4A8B, 0xA60B, 0x2109, 0x5295, 0x739D, 0x2189,
    0x328F, 0x641B, 0x8565, 0x0285, 0x03C7, 0x0509, 0x05CB, 0x064D,
    0x02C5, 0x0409, 0x058B, 0x05CD, 0x1F13, 0x0387, 0x0489, 0x0E8F,
    0x3FDB, 0x5FE5, 0x6FE7, 0x0921, 0x53FF, 0x0923, 0x0965, 0x11AB,
    0x0969, 0x6CBF, 0x53BD, 0x19EB, 0x2A27, 0x21E7, 0x0051, 0x00DF,
    0x08D9, 0x1119, 0x219B, 0x00D5, 0x115B, 0x1117, 0x0093, 0x11A7,
    0x11A5, 0x08D7, 0x1959, 0x10D7, 0x089D, 0x0893, 0x3269, 0x0091,
    0x1161, 0x2AB9, 0x19A3, 0x19A1, 0x2ABB, 0x2AFF, 0x22BF, 0x19EF,
    0x3B3F, 0x19F1, 0x2235, 0x222F, 0x2233, 0x0099, 0x0097, 0x1115,
    0x21E1, 0x2A23, 0x2A6B, 0x2A73, 0x1A37, 0x2A75, 0x1A7B, 0x5BB3,
    0x5BB9, 0x1171, 0x5BFD, 0x5C3F, 0x115F, 0x10D5, 0x3263, 0xA67F,
    0xC77F, 0x004B, 0x4AA3, 0x3AAB, 0x42EB, 0x532D, 0xDFFF, 0x29DD,
    0xFFFF, 0x199D, 0x3A61, 0x2A2B, 0x326D, 0x6BEB, 0x3AAF, 0x4B31,
    0x5373, 0x6369, 0x63F5, 0x7437, 0xB6BF, 0xAEFF, 0xD7FF, 0x1957,
};

u16 D_800D9754[] = {
    0x0000, 0x135F, 0x0BE5, 0x2CED, 0x35B1, 0x0A15, 0x1429, 0x2E7B,
    0x1ADB, 0x298D, 0x2A55, 0x2D31, 0x2109, 0x5295, 0x739D, 0x210D,
    0x3995, 0x6B21, 0x942B, 0x1015, 0x181F, 0x2029, 0x282F, 0x3033,
    0x1017, 0x2021, 0x282D, 0x302F, 0x48F9, 0x181D, 0x2025, 0x3875,
    0x69FF, 0x92FF, 0x9B7F, 0x8049, 0xFA9F, 0x8849, 0x904B, 0xA88D,
    0xA04B, 0xFB65, 0xF29D, 0xA8CF, 0x9951, 0x990F, 0x4003, 0x7807,
    0x6047, 0x6089, 0x690D, 0x5007, 0x688B, 0x5889, 0x4805, 0x988D,
    0x908D, 0x5847, 0x60CB, 0x5887, 0x7045, 0x4845, 0xA193, 0x4005,
    0x808B, 0xE155, 0x88CD, 0x80CD, 0xE955, 0xF957, 0xF915, 0xB8CF,
    0xF9D9, 0xC0CF, 0xD111, 0xB911, 0xC911, 0x6005, 0x5805, 0x5089,
    0x810F, 0x8951, 0xA953, 0xC953, 0xD8D1, 0xD153, 0xE8D3, 0xCADD,
    0xE2DD, 0xC08B, 0xF2DF, 0xFAE1, 0x788B, 0x5087, 0x8993, 0xFD33,
    0xFE3B, 0x2803, 0x8A55, 0xA9D5, 0xAA17, 0xB299, 0xFEFF, 0x714F,
    0xFFFF, 0x70CD, 0x81D3, 0xA951, 0xB193, 0xAB5F, 0xB9D5, 0xC259,
    0xCA9B, 0xA31B, 0xD31F, 0xDBA1, 0xFDB5, 0xFD77, 0xFEBF, 0x58CB,
};

u16 D_800D9844[] = {
    0x0000, 0xD681, 0xEF41, 0x7BC7, 0xC601, 0x18C5, 0x2107, 0x5AC5,
    0x9481, 0xB581, 0xA505, 0x2109, 0x2949, 0x4209, 0x420F, 0x6317,
    0xAD43, 0x4A51, 0x94A3, 0xE737, 0x9CE7, 0x5281, 0x318B, 0x5293,
    0x739D, 0x1083, 0xCE43, 0x6B43, 0xDEC1, 0xF781, 0x0843, 0x8401,
    0xBDC1, 0xA501, 0x39C3, 0x2101, 0x2943, 0x4A41, 0x5AC1, 0x5AC1,
    0x18C5, 0x39C1, 0x6B41, 0x2941, 0x0005, 0x2971, 0x423F, 0x5AFF,
    0x52BF, 0x109D, 0x73BF, 0xE73F, 0xFFFF, 0xFFFF, 0x0851, 0x8C7F,
    0xFFFF, 0xFFFF, 0xFFFF, 0xFFFF, 0xFFFF, 0x0003, 0x0849, 0x94BF,
    0xFFFF, 0x0851, 0x084B, 0x1097, 0x18E3, 0x2969, 0x212D, 0x2121,
    0x633F, 0x2975, 0xA53F, 0xC63F, 0xF7BF, 0xB5BF, 0xDEFF, 0xFFFF,
    0xFFFF, 0x0000, 0x0000, 0x0000, 0x0000, 0x0000, 0x0000, 0x0000,
};

u16 D_800D98F4[] = {
    0x0000, 0xD007, 0xE809, 0x78C5, 0xC007, 0x1889, 0x20CB, 0x5889,
    0x9005, 0xB007, 0xA08B, 0x210D, 0x290F, 0x410F, 0x41D5, 0x62DD,
    0xA849, 0x4A17, 0x9469, 0xE6FB, 0x9CEB, 0x5005, 0x3151, 0x5259,
    0x73A1, 0x1047, 0xC849, 0x6849, 0xD807, 0xF009, 0x0845, 0x8005,
    0xB807, 0xA005, 0x3847, 0x2007, 0x2845, 0x4803, 0x5803, 0x5805,
    0x1887, 0x3803, 0x6803, 0x2801, 0x0081, 0x2E05, 0x47C9, 0x5FCB,
    0x57C9, 0x1383, 0x77CF, 0xE7DD, 0xFFE7, 0xFFE9, 0x0A01, 0x8FD1,
    0xFFE5, 0xFFFB, 0xFFFF, 0xFFDF, 0xFFEF, 0x0041, 0x0903, 0x97D1,
    0xFFF1, 0x0A03, 0x0941, 0x12C1, 0x1C41, 0x2D03, 0x2585, 0x2403,
    0x67CF, 0x2E85, 0xA7D3, 0xC7D9, 0xF7DD, 0xB7D5, 0xDFDB, 0xFFF7,
    0xFFF5, 0x0000, 0x0000, 0x0000, 0x0000, 0x0000, 0x0000, 0x0000,
};

u16 D_800D99A4[] = {
    0x0000, 0x0687, 0x0749, 0x1BC5, 0x0607, 0x10C9, 0x190B, 0x12C9,
    0x0485, 0x0587, 0x150B, 0x210D, 0x214F, 0x220F, 0x3A15, 0x5B1D,
    0x0D49, 0x4257, 0x8CA9, 0xDF3B, 0x9CEB, 0x0285, 0x2991, 0x4A99,
    0x73A1, 0x0887, 0x0E49, 0x0B49, 0x06C7, 0x0789, 0x0845, 0x0405,
    0x05C7, 0x0505, 0x09C7, 0x0107, 0x0945, 0x0243, 0x02C3, 0x02C5,
    0x10C7, 0x01C3, 0x0343, 0x0141, 0x1001, 0xC145, 0xFA09, 0xFACB,
    0xFA89, 0x7083, 0xFB8F, 0xFF1D, 0xFFE7, 0xFFE9, 0x4041, 0xFC51,
    0xFFE5, 0xFFFB, 0xFFFF, 0xFFDF, 0xFFEF, 0x0801, 0x2043, 0xFC91,
    0xFFF1, 0x4043, 0x2841, 0x5881, 0x88C1, 0xA143, 0xB105, 0x8103,
    0xFB0F, 0xD145, 0xFD13, 0xFE19, 0xFF9D, 0xFD95, 0xFEDB, 0xFFF7,
    0xFFF5, 0x0000, 0x0000, 0x0000, 0x0000, 0x0000, 0x0000, 0x0000,
};

u16 D_800D9A54[] = {
    0x0000, 0x8421, 0x8421, 0x1085, 0x0000, 0x8421, 0x8421, 0x1085,
    0x0000, 0x8211, 0x8211, 0x1041, 0x0000, 0xFD91, 0xFFE1, 0x4903,
    0x0000, 0x5FC1, 0x97CD, 0x21C1, 0x0000, 0x09FF, 0x43BF, 0x0013,
    0x0000, 0x6BBF, 0xA57F, 0x52EF, 0x0000, 0xFC01, 0xFE4D, 0x68C1,
    0x0000, 0x0E7F, 0x3FFF, 0x012D, 0x0000, 0xFFFF, 0xFFFF, 0x1085,
    0x0000, 0xF9C1, 0xF001, 0x3805, 0x0000, 0xFFE1, 0xFD91, 0x4903,
    0x0000, 0x97CD, 0x5FC1, 0x21C1, 0x0000, 0x43BF, 0x09FF, 0x0013,
    0x0000, 0xA57F, 0x6BBF, 0x52EF, 0x0000, 0xFE4D, 0xFC01, 0x68C1,
    0x0000, 0x3FFF, 0x0E7F, 0x012D,
};

u16 D_800D9ADC[] = { 0x0000, 0x1085, 0x5295, 0x0843 };

u16 D_800D9AE4[] = { 0x0000, 0x8421, 0xF7BD, 0x1085, 0x0000, 0x4211, 0x7BDF, 0x1085 };

u16 D_800D9AF4[] = { 0x0000, 0x0C83, 0x2FCB, 0x0081, 0x0000, 0x0283, 0x0405, 0x0041 };

u16 D_800D9B04[] = { 0x0000, 0x9183, 0xFA8B, 0x1081, 0x0000, 0x50C1, 0x81C1, 0x0841 };

u16 D_800D9B14[] = { 0x0000, 0x09A5, 0x2ABF, 0x0085, 0x0000, 0x00D5, 0x0161, 0x0043 };

u16 D_800D9B24[] = { 0x0000, 0x9303, 0xFD8B, 0x1081, 0x0000, 0x51C3, 0x8285, 0x1081 };

u16 D_800D9B34[] = { 0x0000, 0x9061, 0xF979, 0x1005, 0x0000, 0x51D3, 0x809F, 0x1005 };

u16 D_800D9B44[] = { 0x0000, 0x0B25, 0x2DBF, 0x0085, 0x0000, 0x09D5, 0x12A5, 0x0085 };

u16 D_800D9B54[] = { 0x0000, 0x1085, 0x2109, 0x0843, 0x0000, 0x0843, 0x1085, 0x0001 };

u16 D_800D9B64[] = {
    0x0000, 0x6319, 0x2109, 0x0000, 0x0000, 0x8421, 0x8421, 0x1085,
    0x0000, 0x4211, 0x4211, 0x1085,
};

u16 D_800D9B7C[] = {
    0x0000, 0x05C1, 0x0601, 0x0641, 0x06C1, 0x0741, 0x0781, 0x07C1,
    0x1E87, 0x0501, 0x0681, 0x0701, 0x0481, 0x0541, 0x0FC3, 0x0C43,
    0x0C03, 0x0C83, 0x11C5, 0x1085, 0x0843, 0x0883, 0x37CD, 0x3FCF,
    0x2489, 0x0803, 0x1B47, 0x2789, 0x1FC7, 0x17C5, 0x0341, 0x0441,
    0x1445, 0x294B, 0x1887, 0x1005,
};

u16 D_800D9BC4[] = {
    0x4813, 0x4011, 0x22C9, 0x67D9, 0x7FDF, 0x324D, 0x380F, 0x2009,
    0x4DD3, 0x57D5, 0x0301, 0x0401, 0x04C1, 0x39CF, 0x6019, 0xA029,
    0x5817, 0x1947, 0x6FDB, 0x87E1, 0x5A57, 0x8823, 0x781F, 0x1807,
    0x2149, 0x5F17, 0x4FD3, 0x2FCB, 0x0241, 0x0281, 0x0381, 0x13C5,
    0x4A53, 0x2109, 0x280B, 0x8021, 0x2C8B, 0x5415, 0xC031, 0x5015,
    0x22C9, 0x0201, 0x1345, 0x5295, 0x29CB, 0x0DC3, 0x1745, 0x27C9,
    0x47D1, 0x4F93, 0x28CB, 0x300D, 0x1045, 0x1D47, 0x0F43, 0x3ACF,
    0x0A03, 0x0581, 0x0B83, 0x1D07, 0x2F4B, 0x2E8B, 0x1145, 0x1585,
    0x0181, 0x01C1, 0x0B03, 0x2309, 0x0141, 0x1645, 0x1EC7, 0x2409,
    0x1B07, 0x02C1, 0x0B43, 0x2B0B, 0x2A0B, 0x03C1, 0x18C7, 0x1947,
    0x12C5, 0x4251, 0x3A0F, 0x21C9, 0x09C3, 0x0001, 0x0000, 0x0000,
    0x0000, 0x0000, 0x0000, 0x0000,
};

u16 D_800D9C7C[] = {
    0x0000, 0xB801, 0xC001, 0xC801, 0xD801, 0xE801, 0xF001, 0xF801,
    0xD0C7, 0xA001, 0xD001, 0xE001, 0x9001, 0xA801, 0xF843, 0x8843,
    0x8043, 0x9043, 0x3885, 0x1085, 0x0843, 0x1043, 0xF98D, 0xF9CF,
    0x9109, 0x0043, 0x68C7, 0xF109, 0xF8C7, 0xF885, 0x6801, 0x8801,
    0x8885, 0x294B, 0x10C7, 0x0085,
};

u16 D_800D9CC4[] = {
    0x0253, 0x0211, 0x5909, 0xFB19, 0xFBDF, 0x498D, 0x01CF, 0x0109,
    0xBA53, 0xFA95, 0x6001, 0x8001, 0x9801, 0x39CF, 0x0319, 0x0529,
    0x02D7, 0x28C7, 0xFB5B, 0xFC21, 0x4AD7, 0x0463, 0x03DF, 0x00C7,
    0x2909, 0xE2D7, 0xFA53, 0xF94B, 0x4801, 0x5001, 0x7001, 0x7885,
    0x4A53, 0x2109, 0x014B, 0x0421, 0x914B, 0x8295, 0x0631, 0x0295,
    0x5909, 0x4001, 0x6885, 0x5295, 0x394B, 0xB843, 0xE885, 0xF909,
    0xFA11, 0xF253, 0x194B, 0x018D, 0x0885, 0xA8C7, 0xE843, 0x59CF,
    0x4043, 0xB001, 0x7043, 0xA0C7, 0xE94B, 0xD14B, 0x2885, 0xB085,
    0x3001, 0x3801, 0x6043, 0x6109, 0x2801, 0xC885, 0xD8C7, 0x8109,
    0x60C7, 0x5801, 0x6843, 0x614B, 0x414B, 0x7801, 0x18C7, 0x28C7,
    0x5885, 0x4A11, 0x41CF, 0x3909, 0x3843, 0x0001, 0x0000, 0x0000,
    0x0000, 0x0000, 0x0000, 0x0000,
};

u16 D_800D9D7C[] = {
    0x0000, 0xBDC1, 0xC601, 0xCE41, 0xDEC1, 0xEF41, 0xF781, 0xFFC1,
    0xD687, 0xA501, 0xD681, 0xE701, 0x9481, 0xAD41, 0xFFC3, 0x8C43,
    0x8403, 0x9483, 0x39C5, 0x1085, 0x0843, 0x1083, 0xFFCD, 0xFFCF,
    0x9489, 0x0003, 0x6B47, 0xF789, 0xFFC7, 0xFFC5, 0x6B41, 0x8C41,
    0x8C45, 0x294B, 0x1087, 0x0005,
};

u16 D_800D9DC4[] = {
    0x0013, 0x0011, 0x5AC9, 0xFFD9, 0xFFDF, 0x4A4D, 0x000F, 0x0009,
    0xBDD3, 0xFFD5, 0x6301, 0x8401, 0x9CC1, 0x39CF, 0x0019, 0x0029,
    0x0017, 0x2947, 0xFFDB, 0xFFE1, 0x4A57, 0x0023, 0x001F, 0x0007,
    0x2949, 0xE717, 0xFFD3, 0xFFCB, 0x4A41, 0x5281, 0x7381, 0x7BC5,
    0x4A53, 0x2109, 0x000B, 0x0021, 0x948B, 0x8415, 0x0031, 0x0015,
    0x5AC9, 0x4201, 0x6B45, 0x5295, 0x39CB, 0xBDC3, 0xEF45, 0xFFC9,
    0xFFD1, 0xF793, 0x18CB, 0x000D, 0x0845, 0xAD47, 0xEF43, 0x5ACF,
    0x4203, 0xB581, 0x7383, 0xA507, 0xEF4B, 0xD68B, 0x2945, 0xB585,
    0x3181, 0x39C1, 0x6303, 0x6309, 0x2941, 0xCE45, 0xDEC7, 0x8409,
    0x6307, 0x5AC1, 0x6B43, 0x630B, 0x420B, 0x7BC1, 0x18C7, 0x2947,
    0x5AC5, 0x4A51, 0x420F, 0x39C9, 0x39C3, 0x0001, 0x0000, 0x0000,
    0x0000, 0x0000, 0x0000, 0x0000,
};

u16 D_800D9E7C[] = {
    0x0000, 0x05EF, 0x0631, 0x0673, 0x06F7, 0x077B, 0x07BD, 0x07FF,
    0x1EB5, 0x0529, 0x06B5, 0x0739, 0x04A5, 0x056B, 0x0FFF, 0x0C63,
    0x0C21, 0x0CA5, 0x11CF, 0x1085, 0x0843, 0x0885, 0x37FF, 0x3FFF,
    0x24A5, 0x0801, 0x1B5B, 0x27BD, 0x1FFF, 0x17FF, 0x035B, 0x0463,
    0x1463, 0x294B, 0x1885, 0x1001,
};

u16 D_800D9EC4[] = {
    0x4801, 0x4001, 0x22D7, 0x67FF, 0x7FFF, 0x3253, 0x3801, 0x2001,
    0x4DEF, 0x57FF, 0x0319, 0x0421, 0x04E7, 0x39CF, 0x6001, 0xA001,
    0x5801, 0x194B, 0x6FFF, 0x87FF, 0x5A53, 0x8801, 0x7801, 0x1801,
    0x214B, 0x5F39, 0x4FFF, 0x2FFF, 0x0253, 0x0295, 0x039D, 0x13DF,
    0x4A53, 0x2109, 0x2801, 0x8001, 0x2CA5, 0x5421, 0xC001, 0x5001,
    0x22D7, 0x0211, 0x135B, 0x5295, 0x29CF, 0x0DEF, 0x177B, 0x27FF,
    0x47FF, 0x4FBD, 0x28C7, 0x3001, 0x1043, 0x1D6B, 0x0F7B, 0x3AD7,
    0x0A11, 0x05AD, 0x0B9D, 0x1D29, 0x2F7B, 0x2EB5, 0x114B, 0x15AD,
    0x018D, 0x01CF, 0x0B19, 0x2319, 0x014B, 0x1673, 0x1EF7, 0x2421,
    0x1B19, 0x02D7, 0x0B5B, 0x2B19, 0x2A11, 0x03DF, 0x18C7, 0x194B,
    0x12D7, 0x4253, 0x3A11, 0x21CF, 0x09CF, 0x0001, 0x0000, 0x0000,
    0x0000, 0x0000, 0x0000, 0x0000,
};

u16 D_800D9F7C[] = {
    0x0000, 0xB82F, 0xC031, 0xC833, 0xD837, 0xE83B, 0xF03D, 0xF83F,
    0xD0F5, 0xA029, 0xD035, 0xE039, 0x9025, 0xA82B, 0xF87F, 0x8863,
    0x8061, 0x9065, 0x388F, 0x1085, 0x0843, 0x1045, 0xF9BF, 0xF9FF,
    0x9125, 0x0041, 0x68DB, 0xF13D, 0xF8FF, 0xF8BF, 0x681B, 0x8823,
    0x88A3, 0x294B, 0x10C5, 0x0081,
};

u16 D_800D9FC4[] = {
    0x0241, 0x0201, 0x5917, 0xFB3F, 0xFBFF, 0x4993, 0x01C1, 0x0101,
    0xBA6F, 0xFABF, 0x6019, 0x8021, 0x9827, 0x39CF, 0x0301, 0x0501,
    0x02C1, 0x28CB, 0xFB7F, 0xFC3F, 0x4AD3, 0x0441, 0x03C1, 0x00C1,
    0x290B, 0xE2F9, 0xFA7F, 0xF97F, 0x4813, 0x5015, 0x701D, 0x789F,
    0x4A53, 0x2109, 0x0141, 0x0401, 0x9165, 0x82A1, 0x0601, 0x0281,
    0x5917, 0x4011, 0x689B, 0x5295, 0x394F, 0xB86F, 0xE8BB, 0xF93F,
    0xFA3F, 0xF27D, 0x1947, 0x0181, 0x0883, 0xA8EB, 0xE87B, 0x59D7,
    0x4051, 0xB02D, 0x705D, 0xA0E9, 0xE97B, 0xD175, 0x288B, 0xB0AD,
    0x300D, 0x380F, 0x6059, 0x6119, 0x280B, 0xC8B3, 0xD8F7, 0x8121,
    0x60D9, 0x5817, 0x685B, 0x6159, 0x4151, 0x781F, 0x18C7, 0x28CB,
    0x5897, 0x4A13, 0x41D1, 0x390F, 0x384F, 0x0001, 0x0000, 0x0000,
    0x0000, 0x0000, 0x0000, 0x0000,
};

u16 D_800DA07C[] = {
    0x0000, 0x2109, 0x0001, 0x5AD7, 0x4211, 0x294B, 0x5295, 0x4A53,
    0x94A5, 0xC631, 0x6B1B, 0x013F, 0xF801, 0x9CE7, 0x857F, 0xCF7F,
    0x5C3F, 0xF885, 0xBDEF, 0x00ED, 0xB801, 0x6319, 0x000D, 0x004F,
    0x4841, 0x7001, 0x2801, 0x00F5, 0x9D29, 0x00F3, 0x009F, 0x318D,
    0x00F1, 0xA5F1, 0xA5EF, 0x005B, 0xC801, 0x0843, 0x18C7, 0x39CF,
    0xA631, 0x1085, 0xF7BD, 0x7421, 0xFFFF, 0x6B5D, 0xA52B, 0xFFD9,
    0x0179, 0xFCE7, 0xFFC3, 0x00A9, 0xFFE1, 0x0009, 0xFFD3, 0xFFED,
    0x1801, 0xFFCB, 0x00A5, 0x00ED, 0xEF7B, 0xE739, 0x8421, 0xFFC7,
    0x7801, 0xFFF7, 0xFFDD, 0x00F7, 0x84E7, 0xA001, 0x0053, 0xFEC1,
    0xFF41, 0xFF81, 0xB4C1, 0xB481, 0xA401, 0x9C01, 0xCD41, 0x6AC1,
    0xF7FF, 0xE7BF, 0xCEFD, 0x000B, 0x433F, 0x956B, 0xB001, 0x94AB,
    0xADB3, 0xCEBD, 0xDF3F, 0x4255, 0x6BA1, 0x9D2F, 0xEFBF, 0xD6FF,
    0x6B9F, 0x73E3, 0xC67B, 0xE77F, 0x315B, 0x395D, 0x3A13, 0xC679,
    0xB5F5, 0xCEFD, 0x41A1, 0x41A3, 0x395F, 0x20D3, 0x3119, 0x315D,
    0xCEBB, 0x188F, 0x28D5, 0xE7FF, 0x1043, 0x39A1, 0x0847, 0x2917,
    0x1885, 0x0803, 0x108B, 0x20D1, 0x2915, 0x20C5, 0x1083, 0x1049,
    0x188D, 0x3107, 0x2907, 0x18D1, 0x2919, 0x3149, 0x3147, 0xBE39,
    0x0003, 0x7BE5, 0x94ED, 0x3949, 0x7BAD, 0xACFD, 0xC5BF, 0xB53F,
    0xE401, 0xFCC1, 0x0845, 0x4A97, 0x635D, 0xB5F7, 0x94EB, 0xBD7F,
    0xAD3F, 0x6B27, 0x9435, 0x9CB9, 0xA4FD, 0xAB01, 0xFD41, 0x318F,
    0x9475, 0xA571, 0x7C25, 0x4217, 0x5181, 0x9AC1, 0xCB81, 0xF441,
    0x9C77, 0x525F, 0x529F, 0x62E3, 0x8C33, 0xA4B9, 0x83F1, 0x3151,
    0xD6B5, 0x39D5, 0x8C35, 0x3901, 0x69C1, 0xD3C1, 0x7BAF, 0xA4FB,
    0x210D, 0x3995, 0x3193, 0x3195, 0x83EF, 0x6325, 0x4A1B, 0x736B,
    0x1041, 0x41D7, 0x4A5B, 0x9CB7, 0x294F, 0x5AA1, 0x0801, 0x30C1,
    0x1089, 0x18CB, 0x1087, 0x20CB, 0x2081, 0x18C9, 0x5B1D, 0x1047,
    0x3989, 0xF001, 0x7A41, 0x0841, 0x62E5, 0x7369, 0x8A41, 0xB341,
    0x1881, 0x4141, 0x2901, 0x013B, 0x5A9F, 0x32FF, 0x6C21, 0x6BE1,
    0x0139, 0x311B, 0x6BDF, 0x5B5B, 0x5B1B, 0x8CA9, 0x8C65, 0x1883,
    0x6B29, 0x8C31, 0x1889, 0xFD81, 0x2881, 0x7423, 0x108F, 0xACFF,
    0x5297, 0x18C5, 0x0000, 0x0000, 0x0000, 0x0000, 0x0000, 0x0000,
    0x0000, 0x0000, 0x0000, 0x0000, 0x0000, 0x0000, 0x0000, 0x0000,
};

u16 D_800DA27C[] = {
    0x0000, 0x2109, 0x0001, 0x5AD7, 0x4211, 0x294B, 0x5295, 0x4A53,
    0x94A5, 0xC631, 0x6B1B, 0x013F, 0xF801, 0x9CE7, 0x857F, 0xCF7F,
    0x5C3F, 0xF885, 0xBDEF, 0x00ED, 0xB801, 0x6319, 0x000D, 0x004F,
    0x4841, 0x7001, 0x2801, 0x00F5, 0x9D29, 0x00F3, 0x009F, 0x318D,
    0x00F1, 0xA5F1, 0xA5EF, 0x005B, 0xC801, 0x0843, 0x18C7, 0x39CF,
    0xA631, 0x1085, 0xF7BD, 0x7421, 0xFFFF, 0x6B5D, 0xA52B, 0xFFD9,
    0x0179, 0xFCE7, 0xFFC3, 0x00A9, 0xFFE1, 0x0101, 0xFFD3, 0xFFED,
    0x1801, 0xFFCB, 0x00A5, 0x00ED, 0xEF7B, 0xE739, 0x8421, 0xFFC7,
    0x7801, 0xFFF7, 0xFFDD, 0x00F7, 0x84E7, 0xA001, 0x0053, 0xFEC1,
    0xFF41, 0xFF81, 0xB4C1, 0xB481, 0xA401, 0x9C01, 0xCD41, 0x6AC1,
    0xF7FF, 0xE7FD, 0xCFB7, 0x0141, 0x47D9, 0x956B, 0xB001, 0x9565,
    0xAE6D, 0xCFB5, 0xDFF9, 0x4293, 0x6C1D, 0x9DE9, 0xEFFD, 0xD7F7,
    0x6BDD, 0x745F, 0xC773, 0xE7FB, 0x334B, 0x3B8B, 0x3A51, 0xC733,
    0xB6AF, 0xCFB7, 0x440D, 0x444D, 0x3BCB, 0x2247, 0x3309, 0x338B,
    0xCF75, 0x19C5, 0x2A87, 0xE7FF, 0x1043, 0x3C0D, 0x08C3, 0x2AC9,
    0x1885, 0x0841, 0x1145, 0x2207, 0x2A89, 0x2087, 0x1045, 0x1103,
    0x1985, 0x30C9, 0x28C9, 0x1A07, 0x2B09, 0x310B, 0x30CB, 0xBF31,
    0x0041, 0x7C9F, 0x95A7, 0x390B, 0x7D9D, 0xAFA7, 0xC7ED, 0xB7E9,
    0xE401, 0xFCC1, 0x0883, 0x4AD5, 0x639B, 0xB6EF, 0x9567, 0xBFEB,
    0xAFE9, 0x6CD9, 0x96A1, 0x9F25, 0xA7A7, 0xAB01, 0xFD41, 0x31CD,
    0x96A3, 0xA62B, 0x7CA1, 0x42D1, 0x5181, 0x9AC1, 0xCB81, 0xF441,
    0x9EE3, 0x53D3, 0x53D5, 0x6457, 0x8E61, 0xA725, 0x861F, 0x320B,
    0xD6B5, 0x3A8F, 0x8EA1, 0x3901, 0x69C1, 0xD3C1, 0x7DDD, 0xA767,
    0x2189, 0x3A8D, 0x324D, 0x328D, 0x85DF, 0x6499, 0x4B51, 0x755B,
    0x1041, 0x42CF, 0x4B53, 0x9EE5, 0x29CB, 0x5C15, 0x0801, 0x30C1,
    0x1105, 0x1947, 0x10C5, 0x2147, 0x2081, 0x1907, 0x5B99, 0x10C3,
    0x390D, 0xF001, 0x7A41, 0x0803, 0x6497, 0x751B, 0x8A41, 0xB341,
    0x1881, 0x4141, 0x2901, 0x013B, 0x5BD5, 0x32FF, 0x6C21, 0x6BE1,
    0x0139, 0x3349, 0x6BDF, 0x5B5B, 0x5B59, 0x8D25, 0x8CA3, 0x1883,
    0x6D19, 0x8E21, 0x1905, 0xFD81, 0x2881, 0x7461, 0x11C5, 0xAFE7,
    0x52D5, 0x1887, 0x0000, 0x0000, 0x0000, 0x0000, 0x0000, 0x0000,
    0x0000, 0x0000, 0x0000, 0x0000, 0x0000, 0x0000, 0x0000, 0x0000,
};

u16 D_800DA47C[] = {
    0x0000, 0x2109, 0x0001, 0x5AD7, 0x4211, 0x294B, 0x5295, 0x4A53,
    0x94A5, 0xC631, 0x6B1B, 0x013F, 0xF801, 0x9CE7, 0x857F, 0xCF7F,
    0x5C3F, 0xF885, 0xBDEF, 0x00ED, 0xB801, 0x6319, 0x000D, 0x004F,
    0x4841, 0x7001, 0x2801, 0x00F5, 0x9D29, 0x00F3, 0x009F, 0x318D,
    0x00F1, 0xA5F1, 0xA5EF, 0x005B, 0xC801, 0x0843, 0x18C7, 0x39CF,
    0xA631, 0x1085, 0xF7BD, 0x7421, 0xFFFF, 0x6B5D, 0xA52B, 0xFFD9,
    0x0179, 0xFCE7, 0xFFC3, 0x00A9, 0xFFE1, 0x2001, 0xFFD3, 0xFFED,
    0x1801, 0xFFCB, 0x00A5, 0x00ED, 0xEF7B, 0xE739, 0x8421, 0xFFC7,
    0x7801, 0xFFF7, 0xFFDD, 0x00F7, 0x84E7, 0xA001, 0x0053, 0xFEC1,
    0xFF41, 0xFF81, 0xB4C1, 0xB481, 0xA401, 0x9C01, 0xCD41, 0x6AC1,
    0xFFBF, 0xFF3D, 0xF677, 0x2801, 0xFA19, 0xACAB, 0x0581, 0xACA5,
    0xCD6D, 0xF675, 0xFEF9, 0x5213, 0x835D, 0xBCE9, 0xFF7D, 0xFEB7,
    0x7B5D, 0x8B9F, 0xEE33, 0xFF3B, 0x698B, 0x71CB, 0x49D1, 0xE633,
    0xD5AF, 0xF677, 0x820D, 0x8A0D, 0x79CB, 0x4907, 0x6189, 0x718B,
    0xEE75, 0x38C5, 0x5147, 0xFF3F, 0x0883, 0x81CD, 0x1843, 0x5949,
    0x10C5, 0x0841, 0x2885, 0x4107, 0x5149, 0x1107, 0x0885, 0x2083,
    0x30C5, 0x1989, 0x1949, 0x40C7, 0x6149, 0x218B, 0x198B, 0xE5F1,
    0x0801, 0x93DF, 0xB4A7, 0x21CB, 0xB3DD, 0xF567, 0xFE2D, 0xFDA9,
    0xE401, 0xFCC1, 0x1043, 0x5A55, 0x731B, 0xDDAF, 0xACA7, 0xFDEB,
    0xFD69, 0x9B59, 0xD4A1, 0xE4E5, 0xF527, 0xAB01, 0xFD41, 0x398D,
    0xD4A3, 0xC52B, 0x93E1, 0x5A11, 0x5181, 0x9AC1, 0xCB81, 0xF441,
    0xDCE3, 0x7A93, 0x7A95, 0x8B17, 0xCC61, 0xE525, 0xC41F, 0x418B,
    0xD6B5, 0x51CF, 0xD461, 0x3901, 0x69C1, 0xD3C1, 0xBBDD, 0xED27,
    0x3109, 0x51CD, 0x498D, 0x518D, 0xBC1F, 0x9319, 0x6A51, 0xAB9B,
    0x1041, 0x5A0F, 0x6A53, 0xDCE5, 0x394B, 0x82D5, 0x0801, 0x30C1,
    0x2085, 0x28C7, 0x1885, 0x2907, 0x2081, 0x20C7, 0x72D9, 0x1883,
    0x21CD, 0xF001, 0x7A41, 0x0043, 0x9317, 0xA39B, 0x8A41, 0xB341,
    0x1881, 0x4141, 0x2901, 0x013B, 0x7AD5, 0x32FF, 0x6C21, 0x6BE1,
    0x0139, 0x6989, 0x7B5F, 0x6ADB, 0x6AD9, 0xA465, 0x9463, 0x1883,
    0xA359, 0xC461, 0x20C5, 0xFD81, 0x2881, 0x8BA1, 0x3885, 0xFD67,
    0x5A95, 0x10C7, 0x0000, 0x0000, 0x0000, 0x0000, 0x0000, 0x0000,
    0x0000, 0x0000, 0x0000, 0x0000, 0x0000, 0x0000, 0x0000, 0x0000,
};

u16 D_800DA67C[] = {
    0x0000, 0x2109, 0x0001, 0x5AD7, 0x4211, 0x294B, 0x5295, 0x4A53,
    0x94A5, 0xC631, 0x6B1B, 0x013F, 0xF801, 0x9CE7, 0x857F, 0xCF7F,
    0x5C3F, 0xF885, 0xBDEF, 0x00ED, 0xB801, 0x6319, 0x000D, 0x004F,
    0x4841, 0x7001, 0x2801, 0x00F5, 0x9D29, 0x00F3, 0x009F, 0x318D,
    0x00F1, 0xA5F1, 0xA5EF, 0x005B, 0xC801, 0x0843, 0x18C7, 0x39CF,
    0xA631, 0x1085, 0xF7BD, 0x7421, 0xFFFF, 0x6B5D, 0xA52B, 0xFFD9,
    0x0179, 0xFCE7, 0xFFC3, 0x00A9, 0xFFE1, 0x2109, 0xFFD3, 0xFFED,
    0x1801, 0xFFCB, 0x00A5, 0x00ED, 0xEF7B, 0xE739, 0x8421, 0xFFC7,
    0x7801, 0xFFF7, 0xFFDD, 0x00F7, 0x84E7, 0xA001, 0x0053, 0xFEC1,
    0xFF41, 0xFF81, 0xB4C1, 0xB481, 0xA401, 0x9C01, 0xCD41, 0x6AC1,
    0xFFFF, 0xFFFF, 0xF7BD, 0x294B, 0xFFFF, 0xAD6B, 0x0001, 0xAD6B,
    0xCE73, 0xF7BD, 0xFFFF, 0x5295, 0x8421, 0xBDEF, 0xFFFF, 0xFFFF,
    0x7BDF, 0x8C63, 0xEF7B, 0xFFFF, 0x6B5B, 0x739D, 0x4A53, 0xE739,
    0xD6B5, 0xF7BD, 0x8421, 0x8C63, 0x7BDF, 0x4A53, 0x6319, 0x739D,
    0xEF7B, 0x39CF, 0x5295, 0xFFFF, 0x0843, 0x8421, 0x18C7, 0x5AD7,
    0x1085, 0x0843, 0x294B, 0x4211, 0x5295, 0x1085, 0x0843, 0x2109,
    0x318D, 0x18C7, 0x18C7, 0x4211, 0x6319, 0x2109, 0x18C7, 0xE739,
    0x0843, 0x94A5, 0xB5AD, 0x2109, 0xB5AD, 0xF7BD, 0xFFFF, 0xFFFF,
    0xE401, 0xFCC1, 0x1085, 0x5AD7, 0x739D, 0xDEF7, 0xAD6B, 0xFFFF,
    0xFFFF, 0x9CE7, 0xD6B5, 0xE739, 0xF7BD, 0xAB01, 0xFD41, 0x39CF,
    0xD6B5, 0xC631, 0x94A5, 0x5AD7, 0x5181, 0x9AC1, 0xCB81, 0xF441,
    0xDEF7, 0x7BDF, 0x7BDF, 0x8C63, 0xCE73, 0xE739, 0xC631, 0x4211,
    0xD6B5, 0x5295, 0xD6B5, 0x3901, 0x69C1, 0xD3C1, 0xBDEF, 0xEF7B,
    0x318D, 0x5295, 0x4A53, 0x5295, 0xBDEF, 0x94A5, 0x6B5B, 0xAD6B,
    0x1041, 0x5AD7, 0x6B5B, 0xDEF7, 0x39CF, 0x8421, 0x0801, 0x30C1,
    0x2109, 0x294B, 0x18C7, 0x294B, 0x2081, 0x2109, 0x739D, 0x18C7,
    0x2109, 0xF001, 0x7A41, 0x0001, 0x94A5, 0xA529, 0x8A41, 0xB341,
    0x1881, 0x4141, 0x2901, 0x013B, 0x7BDF, 0x32FF, 0x6C21, 0x6BE1,
    0x0139, 0x6B5B, 0x7BDF, 0x6B5B, 0x6B5B, 0xA529, 0x94A5, 0x1883,
    0xA529, 0xC631, 0x2109, 0xFD81, 0x2881, 0x8C63, 0x39CF, 0xFFFF,
    0x5AD7, 0x1085, 0x0000, 0x0000, 0x0000, 0x0000, 0x0000, 0x0000,
    0x0000, 0x0000, 0x0000, 0x0000, 0x0000, 0x0000, 0x0000, 0x0000,
};

u16 D_800DA87C[] = {
    0x0000, 0x2109, 0x0001, 0x5AD7, 0x4211, 0x294B, 0x5295, 0x4A53,
    0x94A5, 0xC631, 0x6B1B, 0x013F, 0xF801, 0x9CE7, 0x857F, 0xCF7F,
    0x5C3F, 0xF885, 0xBDEF, 0x00ED, 0xB801, 0x6319, 0x000D, 0x004F,
    0x4841, 0x7001, 0x2801, 0x00F5, 0x9D29, 0x00F3, 0x009F, 0x318D,
    0x00F1, 0xA5F1, 0xA5EF, 0x005B, 0xC801, 0x0843, 0x18C7, 0x39CF,
    0xA631, 0x1085, 0xF7BD, 0x7421, 0xFFFF, 0x6B5D, 0xA52B, 0xFFD9,
    0x0179, 0xFCE7, 0xFFC3, 0x00A9, 0xFFE1, 0x0001, 0xFFD3, 0xFFED,
    0x1801, 0xFFCB, 0x00A5, 0x00ED, 0xEF7B, 0xE739, 0x8421, 0xFFC7,
    0x7801, 0xFFF7, 0xFFDD, 0x00F7, 0x84E7, 0xA001, 0x0053, 0xFEC1,
    0xFF41, 0xFF81, 0xB4C1, 0xB481, 0xA401, 0x9C01, 0xCD41, 0x6AC1,
    0xF7BD, 0xE739, 0xCE73, 0x0001, 0x4211, 0x94A5, 0xB5AD, 0x94A5,
    0xAD6B, 0xCE73, 0xDEF7, 0x4211, 0x6B5B, 0x9CE7, 0xEF7B, 0xD6B5,
    0x6B5B, 0x739D, 0xC631, 0xE739, 0x318D, 0x39CF, 0x39CF, 0xC631,
    0xB5AD, 0xCE73, 0x4211, 0x4211, 0x39CF, 0x2109, 0x318D, 0x318D,
    0xCE73, 0x18C7, 0x294B, 0xE739, 0x1085, 0x39CF, 0x0843, 0x294B,
    0x18C7, 0x0843, 0x1085, 0x2109, 0x294B, 0x2109, 0x1085, 0x1085,
    0x18C7, 0x318D, 0x294B, 0x18C7, 0x294B, 0x318D, 0x318D, 0xBDEF,
    0x0001, 0x7BDF, 0x94A5, 0x39CF, 0x7BDF, 0xAD6B, 0xC631, 0xB5AD,
    0xE401, 0xFCC1, 0x0843, 0x4A53, 0x6319, 0xB5AD, 0x94A5, 0xBDEF,
    0xAD6B, 0x6B5B, 0x94A5, 0x9CE7, 0xA529, 0xAB01, 0xFD41, 0x318D,
    0x94A5, 0xA529, 0x7BDF, 0x4211, 0x5181, 0x9AC1, 0xCB81, 0xF441,
    0x9CE7, 0x5295, 0x5295, 0x6319, 0x8C63, 0xA529, 0x8421, 0x318D,
    0xD6B5, 0x39CF, 0x8C63, 0x3901, 0x69C1, 0xD3C1, 0x7BDF, 0xA529,
    0x2109, 0x39CF, 0x318D, 0x318D, 0x8421, 0x6319, 0x4A53, 0x739D,
    0x1041, 0x4211, 0x4A53, 0x9CE7, 0x294B, 0x5AD7, 0x0801, 0x30C1,
    0x1085, 0x18C7, 0x1085, 0x2109, 0x2081, 0x18C7, 0x5AD7, 0x1085,
    0x39CF, 0xF001, 0x7A41, 0x0843, 0x6319, 0x739D, 0x8A41, 0xB341,
    0x1881, 0x4141, 0x2901, 0x013B, 0x5AD7, 0x32FF, 0x6C21, 0x6BE1,
    0x0139, 0x318D, 0x6B5B, 0x5AD7, 0x5AD7, 0x8C63, 0x8C63, 0x1883,
    0x6B5B, 0x8C63, 0x18C7, 0xFD81, 0x2881, 0x739D, 0x1085, 0xAD6B,
    0x5295, 0x18C7, 0x0000, 0x0000, 0x0000, 0x0000, 0x0000, 0x0000,
    0x0000, 0x0000, 0x0000, 0x0000, 0x0000, 0x0000, 0x0000, 0x0000,
};

u16 D_800DAA7C[] = {
    0x0000, 0x2109, 0x0001, 0x5AD7, 0x4211, 0x294B, 0x5295, 0x4A53,
    0x94A5, 0xC631, 0x6B1B, 0x013F, 0xF801, 0x9CE7, 0x857F, 0xCF7F,
    0x5C3F, 0xF885, 0xBDEF, 0x00ED, 0xB801, 0x6319, 0x000D, 0x004F,
    0x4841, 0x7001, 0x2801, 0x00F5, 0x9D29, 0x00F3, 0x009F, 0x318D,
    0x00F1, 0xA5F1, 0xA5EF, 0x005B, 0xC801, 0x0843, 0x18C7, 0x39CF,
    0xA631, 0x1085, 0xF7BD, 0x7421, 0xFFFF, 0x6B5D, 0xA52B, 0xFFD9,
    0x0179, 0xFCE7, 0xFFC3, 0x00A9, 0xFFE1, 0x2009, 0xFFD3, 0xFFED,
    0x1801, 0xFFCB, 0x00A5, 0x00ED, 0xEF7B, 0xE739, 0x8421, 0xFFC7,
    0x7801, 0xFFF7, 0xFFDD, 0x00F7, 0x84E7, 0xA001, 0x0053, 0xFEC1,
    0xFF41, 0xFF81, 0xB4C1, 0xB481, 0xA401, 0x9C01, 0xCD41, 0x6AC1,
    0xFFFF, 0xFFBF, 0xF6FD, 0x280B, 0xFB3F, 0xAD6B, 0x0001, 0xACAB,
    0xCDB3, 0xF6BD, 0xFF3F, 0x5255, 0x83A1, 0xBD2F, 0xFFBF, 0xFEFF,
    0x7B9F, 0x8BE3, 0xEE7B, 0xFF7F, 0x695B, 0x715D, 0x4A13, 0xE679,
    0xD5F5, 0xF6FD, 0x81A1, 0x89A3, 0x795F, 0x48D3, 0x6119, 0x715D,
    0xEEBB, 0x388F, 0x50D5, 0xFFFF, 0x0843, 0x81A1, 0x1847, 0x5917,
    0x1085, 0x0803, 0x288B, 0x40D1, 0x5115, 0x10C5, 0x0883, 0x2049,
    0x308D, 0x1907, 0x1907, 0x40D1, 0x6119, 0x2149, 0x1947, 0xE639,
    0x0803, 0x93E5, 0xB4ED, 0x2149, 0xB3AD, 0xF4FD, 0xFDBF, 0xFD3F,
    0xE401, 0xFCC1, 0x1045, 0x5A97, 0x735D, 0xDDF7, 0xACEB, 0xFD7F,
    0xFD3F, 0x9B27, 0xD435, 0xE4B9, 0xF4FD, 0xAB01, 0xFD41, 0x398F,
    0xD475, 0xC571, 0x9425, 0x5A17, 0x5181, 0x9AC1, 0xCB81, 0xF441,
    0xDC77, 0x7A5F, 0x7A9F, 0x8AE3, 0xCC33, 0xE4B9, 0xC3F1, 0x4151,
    0xD6B5, 0x51D5, 0xD435, 0x3901, 0x69C1, 0xD3C1, 0xBBAF, 0xECFB,
    0x310D, 0x5195, 0x4993, 0x5195, 0xBBEF, 0x9325, 0x6A1B, 0xAB6B,
    0x1041, 0x59D7, 0x6A5B, 0xDCB7, 0x394F, 0x82A1, 0x0801, 0x30C1,
    0x2089, 0x28CB, 0x1887, 0x28CB, 0x2081, 0x20C9, 0x731D, 0x1847,
    0x2189, 0xF001, 0x7A41, 0x0041, 0x92E5, 0xA369, 0x8A41, 0xB341,
    0x1881, 0x4141, 0x2901, 0x013B, 0x7A9F, 0x32FF, 0x6C21, 0x6BE1,
    0x0139, 0x691B, 0x7BDF, 0x6B5B, 0x6B1B, 0xA4A9, 0x9465, 0x1883,
    0xA329, 0xC431, 0x2089, 0xFD81, 0x2881, 0x8C23, 0x388F, 0xFCFF,
    0x5A97, 0x10C5, 0x0000, 0x0000, 0x0000, 0x0000, 0x0000, 0x0000,
    0x0000, 0x0000, 0x0000, 0x0000, 0x0000, 0x0000, 0x0000, 0x0000,
};

u16 D_800DAC7C[] = {
    0x0000, 0x2109, 0x0001, 0x5AD7, 0x4211, 0x294B, 0x5295, 0x4A53,
    0x94A5, 0xC631, 0x6B1B, 0x013F, 0xF801, 0x9CE7, 0x857F, 0xCF7F,
    0x5C3F, 0xF885, 0xBDEF, 0x00ED, 0xB801, 0x6319, 0x000D, 0x004F,
    0x4841, 0x7001, 0x2801, 0x00F5, 0x9D29, 0x00F3, 0x009F, 0x318D,
    0x00F1, 0xA5F1, 0xA5EF, 0x005B, 0xC801, 0x0843, 0x18C7, 0x39CF,
    0xA631, 0x1085, 0xF7BD, 0x7421, 0xFFFF, 0x6B5D, 0xA52B, 0xFFD9,
    0x0179, 0xFCE7, 0xFFC3, 0x00A9, 0xFFE1, 0x0109, 0xFFD3, 0xFFED,
    0x1801, 0xFFCB, 0x00A5, 0x00ED, 0xEF7B, 0xE739, 0x8421, 0xFFC7,
    0x7801, 0xFFF7, 0xFFDD, 0x00F7, 0x84E7, 0xA001, 0x0053, 0xFEC1,
    0xFF41, 0xFF81, 0xB4C1, 0xB481, 0xA401, 0x9C01, 0xCD41, 0x6AC1,
    0xFFFF, 0xF7FF, 0xDFBD, 0x014B, 0x67FF, 0xAD6B, 0x0001, 0x956B,
    0xB673, 0xD7BD, 0xE7FF, 0x4A95, 0x7421, 0xA5EF, 0xF7FF, 0xDFFF,
    0x73DF, 0x7C63, 0xCF7B, 0xEFFF, 0x2B5B, 0x2B9D, 0x4253, 0xCF39,
    0xBEB5, 0xDFBD, 0x3421, 0x3463, 0x2BDF, 0x1A53, 0x2319, 0x2B9D,
    0xD77B, 0x11CF, 0x1A95, 0xFFFF, 0x0843, 0x3421, 0x08C7, 0x22D7,
    0x1085, 0x0043, 0x114B, 0x1A11, 0x2295, 0x1885, 0x1043, 0x0909,
    0x118D, 0x20C7, 0x20C7, 0x1A11, 0x2319, 0x2909, 0x28C7, 0xC739,
    0x0043, 0x7CA5, 0x9DAD, 0x2909, 0x75AD, 0x9FBD, 0xB7FF, 0xA7FF,
    0xE401, 0xFCC1, 0x0885, 0x52D7, 0x6B9D, 0xBEF7, 0x9D6B, 0xAFFF,
    0xA7FF, 0x64E7, 0x86B5, 0x9739, 0x9FBD, 0xAB01, 0xFD41, 0x31CF,
    0x8EB5, 0xAE31, 0x84A5, 0x42D7, 0x5181, 0x9AC1, 0xCB81, 0xF441,
    0x8EF7, 0x4BDF, 0x53DF, 0x5C63, 0x8673, 0x9739, 0x7E31, 0x2A11,
    0xD6B5, 0x3A95, 0x86B5, 0x3901, 0x69C1, 0xD3C1, 0x75EF, 0x9F7B,
    0x218D, 0x3295, 0x3253, 0x3295, 0x7DEF, 0x64A5, 0x435B, 0x6D6B,
    0x1041, 0x3AD7, 0x4B5B, 0x96F7, 0x29CF, 0x5421, 0x0801, 0x30C1,
    0x1109, 0x194B, 0x10C7, 0x194B, 0x2081, 0x1909, 0x639D, 0x08C7,
    0x3109, 0xF001, 0x7A41, 0x0801, 0x5CA5, 0x6D29, 0x8A41, 0xB341,
    0x1881, 0x4141, 0x2901, 0x013B, 0x53DF, 0x32FF, 0x6C21, 0x6BE1,
    0x0139, 0x235B, 0x7BDF, 0x6B5B, 0x635B, 0x9529, 0x8CA5, 0x1883,
    0x6529, 0x8631, 0x1109, 0xFD81, 0x2881, 0x8463, 0x11CF, 0x9FFF,
    0x52D7, 0x1885, 0x0000, 0x0000, 0x0000, 0x0000, 0x0000, 0x0000,
    0x0000, 0x0000, 0x0000, 0x0000, 0x0000, 0x0000, 0x0000, 0x0000,
};

u16 D_800DAE7C[] = {
    0x0000, 0x2109, 0x0001, 0x5AD7, 0x4211, 0x294B, 0x5295, 0x4A53,
    0x94A5, 0xC631, 0x6B1B, 0x013F, 0xF801, 0x9CE7, 0x857F, 0xCF7F,
    0x5C3F, 0xF885, 0xBDEF, 0x00ED, 0xB801, 0x6319, 0x000D, 0x004F,
    0x4841, 0x7001, 0x2801, 0x00F5, 0x9D29, 0x00F3, 0x009F, 0x318D,
    0x00F1, 0xA5F1, 0xA5EF, 0x005B, 0xC801, 0x0843, 0x18C7, 0x39CF,
    0xA631, 0x1085, 0xF7BD, 0x7421, 0xFFFF, 0x6B5D, 0xA52B, 0xFFD9,
    0x0179, 0xFCE7, 0xFFC3, 0x00A9, 0xFFE1, 0x2101, 0xFFD3, 0xFFED,
    0x1801, 0xFFCB, 0x00A5, 0x00ED, 0xEF7B, 0xE739, 0x8421, 0xFFC7,
    0x7801, 0xFFF7, 0xFFDD, 0x00F7, 0x84E7, 0xA001, 0x0053, 0xFEC1,
    0xFF41, 0xFF81, 0xB4C1, 0xB481, 0xA401, 0x9C01, 0xCD41, 0x6AC1,
    0xFFFF, 0xFFFD, 0xF7B7, 0x2941, 0xFFD9, 0xAD6B, 0x0001, 0xAD65,
    0xCE6D, 0xF7B5, 0xFFF9, 0x5293, 0x841D, 0xBDE9, 0xFFFD, 0xFFF7,
    0x7BDD, 0x8C5F, 0xEF73, 0xFFFB, 0x6B4B, 0x738B, 0x4A51, 0xE733,
    0xD6AF, 0xF7B7, 0x840D, 0x8C4D, 0x7BCB, 0x4A47, 0x6309, 0x738B,
    0xEF75, 0x39C5, 0x5287, 0xFFFF, 0x0843, 0x840D, 0x18C3, 0x5AC9,
    0x1085, 0x0841, 0x2945, 0x4207, 0x5289, 0x1087, 0x0845, 0x2103,
    0x3185, 0x18C9, 0x18C9, 0x4207, 0x6309, 0x210B, 0x18CB, 0xE731,
    0x0841, 0x949F, 0xB5A7, 0x210B, 0xB59D, 0xF7A7, 0xFFED, 0xFFE9,
    0xE401, 0xFCC1, 0x1083, 0x5AD5, 0x739B, 0xDEEF, 0xAD67, 0xFFEB,
    0xFFE9, 0x9CD9, 0xD6A1, 0xE725, 0xF7A7, 0xAB01, 0xFD41, 0x39CD,
    0xD6A3, 0xC62B, 0x94A1, 0x5AD1, 0x5181, 0x9AC1, 0xCB81, 0xF441,
    0xDEE3, 0x7BD3, 0x7BD5, 0x8C57, 0xCE61, 0xE725, 0xC61F, 0x420B,
    0xD6B5, 0x528F, 0xD6A1, 0x3901, 0x69C1, 0xD3C1, 0xBDDD, 0xEF67,
    0x3189, 0x528D, 0x4A4D, 0x528D, 0xBDDF, 0x9499, 0x6B51, 0xAD5B,
    0x1041, 0x5ACF, 0x6B53, 0xDEE5, 0x39CB, 0x8415, 0x0801, 0x30C1,
    0x2105, 0x2947, 0x18C5, 0x2947, 0x2081, 0x2107, 0x7399, 0x18C3,
    0x210D, 0xF001, 0x7A41, 0x0003, 0x9497, 0xA51B, 0x8A41, 0xB341,
    0x1881, 0x4141, 0x2901, 0x013B, 0x7BD5, 0x32FF, 0x6C21, 0x6BE1,
    0x0139, 0x6B49, 0x7BDF, 0x6B5B, 0x6B59, 0xA525, 0x94A3, 0x1883,
    0xA519, 0xC621, 0x2105, 0xFD81, 0x2881, 0x8C61, 0x39C5, 0xFFE7,
    0x5AD5, 0x1087, 0x0000, 0x0000, 0x0000, 0x0000, 0x0000, 0x0000,
    0x0000, 0x0000, 0x0000, 0x0000, 0x0000, 0x0000, 0x0000, 0x0000,
};

u16 D_800DB07C[] = {
    0x0000, 0x9CED, 0xBE37, 0xD6FF, 0xE77F, 0x41CF, 0x73E3, 0xB5F5,
    0xF7FF, 0xFFFF, 0x6B5F, 0x4A55, 0x73A1, 0xA52F, 0xCEFD, 0xADB3,
    0x8CAB, 0x315B, 0x41A3, 0x20D1, 0x2917, 0x395F, 0x39A1, 0xDF3F,
    0x94AB, 0xA571, 0x41A1, 0x108D, 0xC679, 0x0841, 0x0845, 0xD801,
    0x1083, 0x1047, 0x2951, 0x1885, 0xC801, 0x0003, 0x188F, 0x8467,
    0x2907, 0xCEBB, 0x4941, 0x7201, 0xAB01, 0xFCC1, 0x1889, 0x8CA9,
    0x3949, 0x20CD, 0x30C1, 0xE401, 0x18CB, 0x318F, 0x5299, 0x0001,
    0x2081, 0x69C1, 0x8A81, 0xBB41, 0xFC81, 0x294D, 0x4213, 0x5B1B,
    0x7C25, 0xFD41, 0x3901, 0x6A01, 0x9281, 0xC381, 0x314B, 0x631D,
    0x28C1, 0x5181, 0xDC01, 0xB57F, 0xC5BF, 0x9475, 0x3995, 0x5AA1,
    0x7369, 0x4A97, 0x18C9, 0x3193, 0x7BAF, 0xA4FB, 0x8C33, 0xBD7F,
    0x4A1B, 0x6B25, 0x8C69, 0x525D, 0x210D, 0xDBC1, 0x290F, 0xAD3F,
    0x7BAD, 0xACFD, 0x62E3, 0x41D9, 0x8427, 0x3147, 0x7BE5, 0x83F1,
    0x9AC1, 0xFDC1, 0x9CB9, 0x4141, 0x5AE3, 0xEC41, 0x8241, 0xA301,
    0x6B29, 0x5981, 0x20C1, 0x49D7, 0x49E5, 0x8C31, 0xAD71, 0xCE3F,
    0xCBC1, 0x20C5, 0x41D3, 0x4A57, 0x73A3, 0x5297, 0x4A5D, 0x8425,
    0xCDFF, 0x41CB, 0x7A81, 0x4101, 0x7BE3, 0xD6FD, 0x5ADB, 0x5AA3,
    0xBB81, 0x3107, 0x4189, 0xC001, 0x62DD, 0xB801, 0xA001, 0x49D5,
    0xE801, 0xF801, 0x9301, 0x4801, 0x3801, 0x9001, 0x9801, 0x4001,
    0xAB81, 0x7001, 0x8001, 0x5001, 0x94A5, 0xA529, 0xB5AD, 0xBDEF,
    0x3145, 0xCE73, 0xDEF5, 0xE779, 0xC631, 0x9CE5, 0x8CA3, 0x5A9B,
    0x735B, 0x8C61, 0x7C1F, 0x314F, 0x7BDF, 0x7B63, 0x4A93, 0x9C6B,
    0x6B15, 0x62D3, 0xECC1, 0x49C7, 0x83E5, 0x4A0F, 0xBD75, 0x3141,
    0x4183, 0xA4AF, 0x41C7, 0x83D9, 0x5203, 0xA49F, 0xB561, 0xBDA5,
    0xC401, 0x49C3, 0x8C1B, 0x9C9D, 0xAD1F, 0xACE1, 0x4A05, 0x7B97,
    0x5A47, 0x5A41, 0xC441, 0x5A91, 0x839B, 0xB401, 0x520D, 0x524F,
    0x6A91, 0x420D, 0x6A81, 0xA461, 0x7355, 0x49CD, 0x6285, 0x8399,
    0x941D, 0x945B, 0xB4E5, 0x8BCF, 0x9C11, 0xA381, 0x4A09, 0x730D,
    0x838F, 0x6AC3, 0x8B81, 0x7B03, 0x5201, 0x62CB, 0x5A8B, 0x7B8D,
    0x72C1, 0x8341, 0x6AC7, 0x7B49, 0x7309, 0x8B8B, 0xA48D, 0x7301,
    0x7B01, 0x9C01, 0xF7BB, 0xA4DD, 0xBDA1, 0xCE23, 0xCE25, 0x9C9B,
    0xD625, 0x6311, 0x940B, 0x9C4D, 0x8345, 0x8B87, 0x7305, 0x0000,
};

u16 D_800DB27C[] = {
    0x0000, 0x9DA7, 0xBEF1, 0xD7F7, 0xE7FB, 0x41CF, 0x745F, 0xB6AF,
    0xF7FF, 0xFFFF, 0x6BDB, 0x4A93, 0x741D, 0xA5E9, 0xCFB7, 0xAE6D,
    0x8D65, 0x334B, 0x444D, 0x2207, 0x2AC9, 0x3BCB, 0x3C0D, 0xDFF9,
    0x9565, 0xA62B, 0x440D, 0x1185, 0xC733, 0x0803, 0x0883, 0xD801,
    0x1045, 0x10C3, 0x2A0B, 0x1885, 0xC801, 0x0041, 0x19C5, 0x84E3,
    0x28C9, 0xCF75, 0x4941, 0x7201, 0xAB01, 0xFCC1, 0x1905, 0x8D25,
    0x390B, 0x2187, 0x30C1, 0xE401, 0x1947, 0x31CD, 0x5315, 0x0001,
    0x2081, 0x69C1, 0x8A81, 0xBB41, 0xFC81, 0x298B, 0x4251, 0x5B59,
    0x7CA1, 0xFD41, 0x3901, 0x6A01, 0x9281, 0xC381, 0x314B, 0x6399,
    0x28C1, 0x5181, 0xDC01, 0xB7EB, 0xC7ED, 0x96A3, 0x3A8D, 0x5C15,
    0x751B, 0x4AD5, 0x1907, 0x324D, 0x7DDD, 0xA767, 0x8E61, 0xBFEB,
    0x4B51, 0x6C99, 0x8D23, 0x5393, 0x2189, 0xDBC1, 0x29C9, 0xAFE9,
    0x7D9D, 0xAFA7, 0x6457, 0x430F, 0x84E1, 0x30CB, 0x7C9F, 0x861F,
    0x9AC1, 0xFDC1, 0x9F25, 0x4141, 0x5C57, 0xEC41, 0x8241, 0xA301,
    0x6D19, 0x5981, 0x20C1, 0x4ACF, 0x4C8F, 0x8E21, 0xAE2B, 0xCFF1,
    0xCBC1, 0x2087, 0x424F, 0x4AD3, 0x745D, 0x52D5, 0x4B93, 0x84A1,
    0xCFEF, 0x414F, 0x7A81, 0x4101, 0x7C5F, 0xD7B7, 0x5B57, 0x5C55,
    0xBB81, 0x30C9, 0x410D, 0xC001, 0x6397, 0xB801, 0xA001, 0x4A8F,
    0xE801, 0xF801, 0x9301, 0x4801, 0x3801, 0x9001, 0x9801, 0x4001,
    0xAB81, 0x7001, 0x8001, 0x5001, 0x94A5, 0xA529, 0xB5AD, 0xBDEF,
    0x308B, 0xCE73, 0xDEB7, 0xE73B, 0xC631, 0x9CA7, 0x8C65, 0x5B55,
    0x735B, 0x8C23, 0x7BE1, 0x31CB, 0x7BDF, 0x7C5B, 0x4A55, 0x9D63,
    0x6A99, 0x6257, 0xECC1, 0x48CF, 0x849F, 0x49D1, 0xBEAB, 0x300B,
    0x404D, 0xA5E5, 0x40CF, 0x831F, 0x5051, 0xA3E5, 0xB42B, 0xBCAD,
    0xC021, 0x484F, 0x8B61, 0x9BA5, 0xABE9, 0xAC27, 0x4891, 0x7ADD,
    0x58D3, 0x5813, 0xC023, 0x5A15, 0x835D, 0xB021, 0x5191, 0x51D3,
    0x6A15, 0x4191, 0x6815, 0xA423, 0x729B, 0x498F, 0x6095, 0x831D,
    0x93A1, 0x9363, 0xB4A7, 0x89DF, 0x9A21, 0xA01D, 0x4911, 0x7199,
    0x81DD, 0x6857, 0x881D, 0x7859, 0x5011, 0x6157, 0x5955, 0x799D,
    0x7017, 0x801B, 0x68D7, 0x791B, 0x7119, 0x895D, 0xA1A5, 0x7019,
    0x7819, 0x9821, 0xF77D, 0xA3A7, 0xBC2D, 0xCC71, 0xCCB1, 0x9B65,
    0xD4B1, 0x6219, 0x9161, 0x99A3, 0x809B, 0x88DD, 0x7099, 0x0000,
};

u16 D_800DB47C[] = {
    0x0000, 0x9CE7, 0xBDF1, 0xD6B7, 0xE73B, 0x420F, 0x739F, 0xB5AF,
    0xF7BF, 0xFFFF, 0x6B5B, 0x4A53, 0x739D, 0xA529, 0xCE77, 0xAD6D,
    0x8C65, 0x318B, 0x420D, 0x2107, 0x2949, 0x39CB, 0x39CD, 0xDEF9,
    0x94A5, 0xA52B, 0x420D, 0x1085, 0xC633, 0x0843, 0x0843, 0xDEC1,
    0x1085, 0x1083, 0x294B, 0x18C5, 0xCE41, 0x0001, 0x18C5, 0x8423,
    0x2949, 0xCE75, 0x4941, 0x7201, 0xAB01, 0xFCC1, 0x18C5, 0x8C65,
    0x39CB, 0x2107, 0x30C1, 0xE401, 0x18C7, 0x318D, 0x5295, 0x0001,
    0x2081, 0x69C1, 0x8A81, 0xBB41, 0xFC81, 0x294B, 0x4211, 0x5AD9,
    0x7BE1, 0xFD41, 0x3901, 0x6A01, 0x9281, 0xC381, 0x318B, 0x6319,
    0x28C1, 0x5181, 0xDC01, 0xB5AB, 0xC62D, 0x94A3, 0x39CD, 0x5AD5,
    0x739B, 0x4A55, 0x18C7, 0x318D, 0x7BDD, 0xA527, 0x8C61, 0xBDEB,
    0x4A51, 0x6B59, 0x8C63, 0x5293, 0x2109, 0xDBC1, 0x2949, 0xAD69,
    0x7BDD, 0xAD67, 0x6317, 0x420F, 0x8421, 0x318B, 0x7BDF, 0x841F,
    0x9AC1, 0xFDC1, 0x9CE5, 0x4141, 0x5AD7, 0xEC41, 0x8241, 0xA301,
    0x6B59, 0x5981, 0x20C1, 0x4A4F, 0x4A4F, 0x8C61, 0xAD6B, 0xCE71,
    0xCBC1, 0x2107, 0x420F, 0x4A53, 0x739D, 0x5295, 0x4A53, 0x8421,
    0xCE6F, 0x420F, 0x7A81, 0x4101, 0x7BDF, 0xD6B7, 0x5AD7, 0x5AD5,
    0xBB81, 0x3189, 0x420D, 0xC601, 0x6317, 0xBDC1, 0xA501, 0x4A4F,
    0xEF41, 0xFFC1, 0x9301, 0x4A41, 0x39C1, 0x9481, 0x9CC1, 0x4201,
    0xAB81, 0x7381, 0x8401, 0x5281, 0x94A5, 0xA529, 0xB5AD, 0xBDEF,
    0x318B, 0xCE73, 0xDEF7, 0xE73B, 0xC631, 0x9CE7, 0x8C65, 0x5AD5,
    0x739B, 0x8C63, 0x7BE1, 0x318B, 0x7BDF, 0x7BDB, 0x4A55, 0x9CE3,
    0x6B59, 0x6317, 0xECC1, 0x4A4F, 0x841F, 0x4A51, 0xBDEB, 0x318B,
    0x420D, 0xA525, 0x420F, 0x841F, 0x5291, 0xA525, 0xB5AB, 0xBDED,
    0xC621, 0x4A4F, 0x8C61, 0x9CE5, 0xAD69, 0xAD67, 0x4A51, 0x7BDD,
    0x5AD3, 0x5AD3, 0xC623, 0x5AD5, 0x841D, 0xB5A1, 0x5291, 0x5293,
    0x6B55, 0x4211, 0x6B55, 0xA523, 0x739B, 0x4A4F, 0x6315, 0x841D,
    0x94A1, 0x94A3, 0xB5A7, 0x8C5F, 0x9CE1, 0xA51D, 0x4A51, 0x7399,
    0x841D, 0x6B57, 0x8C5D, 0x7BD9, 0x5291, 0x6317, 0x5AD5, 0x7BDD,
    0x7397, 0x841B, 0x6B57, 0x7BDB, 0x7399, 0x8C5D, 0xA525, 0x7399,
    0x7BD9, 0x9CE1, 0xF7BD, 0xA527, 0xBDED, 0xCE71, 0xCE71, 0x9CE5,
    0xD6B1, 0x6319, 0x94A1, 0x9CE3, 0x841B, 0x8C5D, 0x7399, 0x0000,
};

u16 D_800DB67C[] = {
    0x0000, 0xB5AD, 0xDEF7, 0xFFFF, 0xFFFF, 0x39CF, 0x8C63, 0xD6B5,
    0xFFFF, 0xFFFF, 0x7BDF, 0x5295, 0x8421, 0xBDEF, 0xF7BD, 0xCE73,
    0xAD6B, 0x6B5B, 0x8C63, 0x4211, 0x5AD7, 0x7BDF, 0x8421, 0xFFFF,
    0xAD6B, 0xC631, 0x8421, 0x318D, 0xE739, 0x0001, 0x1085, 0x0001,
    0x0843, 0x18C7, 0x4211, 0x1085, 0x0001, 0x0843, 0x39CF, 0x9CE7,
    0x18C7, 0xEF7B, 0x4941, 0x7201, 0xAB01, 0xFCC1, 0x2109, 0xA529,
    0x2109, 0x318D, 0x30C1, 0xE401, 0x294B, 0x39CF, 0x6319, 0x0001,
    0x2081, 0x69C1, 0x8A81, 0xBB41, 0xFC81, 0x318D, 0x4A53, 0x6B5B,
    0x94A5, 0xFD41, 0x3901, 0x6A01, 0x9281, 0xC381, 0x294B, 0x739D,
    0x28C1, 0x5181, 0xDC01, 0xFFFF, 0xFFFF, 0xD6B5, 0x5295, 0x8421,
    0xA529, 0x5AD7, 0x2109, 0x4A53, 0xBDEF, 0xEF7B, 0xCE73, 0xFFFF,
    0x6B5B, 0x94A5, 0xA529, 0x739D, 0x318D, 0xDBC1, 0x39CF, 0xFFFF,
    0xB5AD, 0xF7BD, 0x8C63, 0x6319, 0x9CE7, 0x18C7, 0x94A5, 0xC631,
    0x9AC1, 0xFDC1, 0xE739, 0x4141, 0x8C63, 0xEC41, 0x8241, 0xA301,
    0xA529, 0x5981, 0x20C1, 0x5AD7, 0x94A5, 0xC631, 0xC631, 0xFFFF,
    0xCBC1, 0x1085, 0x4A53, 0x5AD7, 0x8C63, 0x5AD7, 0x739D, 0x94A5,
    0xFFFF, 0x294B, 0x7A81, 0x4101, 0x8C63, 0xF7BD, 0x6B5B, 0x8C63,
    0xBB81, 0x18C7, 0x2109, 0x0001, 0x739D, 0x0001, 0x0001, 0x5295,
    0x0001, 0x0001, 0x9301, 0x0001, 0x0001, 0x0001, 0x0001, 0x0001,
    0xAB81, 0x0001, 0x0001, 0x0001, 0x94A5, 0xA529, 0xB5AD, 0xBDEF,
    0x1085, 0xCE73, 0xD6B5, 0xE739, 0xC631, 0x94A5, 0x8C63, 0x6B5B,
    0x6B5B, 0x8421, 0x7BDF, 0x39CF, 0x7BDF, 0x8C63, 0x4A53, 0xAD6B,
    0x5295, 0x4A53, 0xECC1, 0x18C7, 0x94A5, 0x39CF, 0xD6B5, 0x0001,
    0x0843, 0xBDEF, 0x18C7, 0x6319, 0x0843, 0x7BDF, 0x8421, 0x94A5,
    0x0001, 0x0843, 0x6B5B, 0x739D, 0x7BDF, 0x8421, 0x1085, 0x5AD7,
    0x18C7, 0x0001, 0x0001, 0x4211, 0x6B5B, 0x0001, 0x318D, 0x39CF,
    0x4211, 0x318D, 0x0001, 0x8421, 0x5295, 0x318D, 0x1085, 0x6319,
    0x739D, 0x6B5B, 0x94A5, 0x39CF, 0x4211, 0x0001, 0x2109, 0x318D,
    0x39CF, 0x0843, 0x0001, 0x0843, 0x0001, 0x294B, 0x294B, 0x318D,
    0x0001, 0x0001, 0x18C7, 0x2109, 0x2109, 0x294B, 0x318D, 0x0001,
    0x0001, 0x0001, 0xEF7B, 0x739D, 0x8421, 0x8C63, 0x94A5, 0x6B5B,
    0x94A5, 0x4211, 0x294B, 0x318D, 0x1085, 0x18C7, 0x1085, 0x0000,
};

u16 D_800DB87C[] = {
    0x0000, 0xB4E7, 0xDDF1, 0xFEB7, 0xFF3B, 0x3A0F, 0x8B9F, 0xD5AF,
    0xFFBF, 0xFFFF, 0x7B5B, 0x5253, 0x839D, 0xBD29, 0xF677, 0xCD6D,
    0xAC65, 0x698B, 0x8A0D, 0x4107, 0x5949, 0x79CB, 0x81CD, 0xFEF9,
    0xACA5, 0xC52B, 0x820D, 0x3085, 0xE633, 0x0043, 0x1043, 0x06C1,
    0x0885, 0x1883, 0x414B, 0x10C5, 0x0641, 0x0801, 0x38C5, 0x9C23,
    0x1949, 0xEE75, 0x4941, 0x7201, 0xAB01, 0xFCC1, 0x20C5, 0xA465,
    0x21CB, 0x3107, 0x30C1, 0xE401, 0x28C7, 0x398D, 0x6295, 0x0001,
    0x2081, 0x69C1, 0x8A81, 0xBB41, 0xFC81, 0x314B, 0x4A11, 0x6AD9,
    0x93E1, 0xFD41, 0x3901, 0x6A01, 0x9281, 0xC381, 0x298B, 0x7319,
    0x28C1, 0x5181, 0xDC01, 0xFDAB, 0xFE2D, 0xD4A3, 0x51CD, 0x82D5,
    0xA39B, 0x5A55, 0x20C7, 0x498D, 0xBBDD, 0xED27, 0xCC61, 0xFDEB,
    0x6A51, 0x9359, 0xA463, 0x7293, 0x3109, 0xDBC1, 0x3949, 0xFD69,
    0xB3DD, 0xF567, 0x8B17, 0x620F, 0x9C21, 0x198B, 0x93DF, 0xC41F,
    0x9AC1, 0xFDC1, 0xE4E5, 0x4141, 0x8AD7, 0xEC41, 0x8241, 0xA301,
    0xA359, 0x5981, 0x20C1, 0x5A4F, 0x924F, 0xC461, 0xC56B, 0xFE71,
    0xCBC1, 0x1107, 0x4A0F, 0x5A53, 0x8B9D, 0x5A95, 0x7253, 0x9421,
    0xFE6F, 0x2A0F, 0x7A81, 0x4101, 0x8BDF, 0xF6B7, 0x6AD7, 0x8AD5,
    0xBB81, 0x1989, 0x220D, 0x0601, 0x7317, 0x05C1, 0x0501, 0x524F,
    0x0741, 0x07C1, 0x9301, 0x0241, 0x01C1, 0x0481, 0x04C1, 0x0201,
    0xAB81, 0x0381, 0x0401, 0x0281, 0x94A5, 0xA529, 0xB5AD, 0xBDEF,
    0x118B, 0xCE73, 0xD6F7, 0xE73B, 0xC631, 0x94E7, 0x8C65, 0x6AD5,
    0x6B9B, 0x8463, 0x7BE1, 0x398B, 0x7BDF, 0x8BDB, 0x4A55, 0xACE3,
    0x5359, 0x4B17, 0xECC1, 0x1A4F, 0x941F, 0x3A51, 0xD5EB, 0x018B,
    0x0A0D, 0xBD25, 0x1A0F, 0x641F, 0x0A91, 0x7D25, 0x85AB, 0x95ED,
    0x0621, 0x0A4F, 0x6C61, 0x74E5, 0x7D69, 0x8567, 0x1251, 0x5BDD,
    0x1AD3, 0x02D3, 0x0623, 0x42D5, 0x6C1D, 0x05A1, 0x3291, 0x3A93,
    0x4355, 0x3211, 0x0355, 0x8523, 0x539B, 0x324F, 0x1315, 0x641D,
    0x74A1, 0x6CA3, 0x95A7, 0x3C5F, 0x44E1, 0x051D, 0x2251, 0x3399,
    0x3C1D, 0x0B57, 0x045D, 0x0BD9, 0x0291, 0x2B17, 0x2AD5, 0x33DD,
    0x0397, 0x041B, 0x1B57, 0x23DB, 0x2399, 0x2C5D, 0x3525, 0x0399,
    0x03D9, 0x04E1, 0xEFBD, 0x7527, 0x85ED, 0x8E71, 0x9671, 0x6CE5,
    0x96B1, 0x4319, 0x2CA1, 0x34E3, 0x141B, 0x1C5D, 0x1399, 0x0000,
};

u16 D_800DBA7C[] = {
    0x0000, 0xB4ED, 0xDE37, 0xFEFF, 0xFF7F, 0x39CF, 0x8BE3, 0xD5F5,
    0xFFFF, 0xFFFF, 0x7B5F, 0x5255, 0x83A1, 0xBD2F, 0xF6FD, 0xCDB3,
    0xACAB, 0x695B, 0x89A3, 0x40D1, 0x5917, 0x795F, 0x81A1, 0xFF3F,
    0xACAB, 0xC571, 0x81A1, 0x308D, 0xE679, 0x0041, 0x1045, 0x0001,
    0x0883, 0x1847, 0x4151, 0x1085, 0x0001, 0x0803, 0x388F, 0x9C67,
    0x1907, 0xEEBB, 0x4941, 0x7201, 0xAB01, 0xFCC1, 0x2089, 0xA4A9,
    0x2149, 0x30CD, 0x30C1, 0xE401, 0x28CB, 0x398F, 0x6299, 0x0001,
    0x2081, 0x69C1, 0x8A81, 0xBB41, 0xFC81, 0x314D, 0x4A13, 0x6B1B,
    0x9425, 0xFD41, 0x3901, 0x6A01, 0x9281, 0xC381, 0x294B, 0x731D,
    0x28C1, 0x5181, 0xDC01, 0xFD7F, 0xFDBF, 0xD475, 0x5195, 0x82A1,
    0xA369, 0x5A97, 0x20C9, 0x4993, 0xBBAF, 0xECFB, 0xCC33, 0xFD7F,
    0x6A1B, 0x9325, 0xA469, 0x725D, 0x310D, 0xDBC1, 0x390F, 0xFD3F,
    0xB3AD, 0xF4FD, 0x8AE3, 0x61D9, 0x9C27, 0x1947, 0x93E5, 0xC3F1,
    0x9AC1, 0xFDC1, 0xE4B9, 0x4141, 0x8AE3, 0xEC41, 0x8241, 0xA301,
    0xA329, 0x5981, 0x20C1, 0x59D7, 0x91E5, 0xC431, 0xC571, 0xFE3F,
    0xCBC1, 0x10C5, 0x49D3, 0x5A57, 0x8BA3, 0x5A97, 0x725D, 0x9425,
    0xFDFF, 0x29CB, 0x7A81, 0x4101, 0x8BE3, 0xF6FD, 0x6ADB, 0x8AA3,
    0xBB81, 0x1907, 0x2189, 0x0001, 0x72DD, 0x0001, 0x0001, 0x51D5,
    0x0001, 0x0001, 0x9301, 0x0001, 0x0001, 0x0001, 0x0001, 0x0001,
    0xAB81, 0x0001, 0x0001, 0x0001, 0x94A5, 0xA529, 0xB5AD, 0xBDEF,
    0x1145, 0xCE73, 0xD6F5, 0xE779, 0xC631, 0x94E5, 0x8CA3, 0x6A9B,
    0x6B5B, 0x8461, 0x7C1F, 0x394F, 0x7BDF, 0x8B63, 0x4A93, 0xAC6B,
    0x5315, 0x4AD3, 0xECC1, 0x19C7, 0x93E5, 0x3A0F, 0xD575, 0x0141,
    0x0983, 0xBCAF, 0x19C7, 0x63D9, 0x0A03, 0x7C9F, 0x8561, 0x95A5,
    0x0401, 0x09C3, 0x6C1B, 0x749D, 0x7D1F, 0x84E1, 0x1205, 0x5B97,
    0x1A47, 0x0241, 0x0441, 0x4291, 0x6B9B, 0x0401, 0x320D, 0x3A4F,
    0x4291, 0x320D, 0x0281, 0x8461, 0x5355, 0x31CD, 0x1285, 0x6399,
    0x741D, 0x6C5B, 0x94E5, 0x3BCF, 0x4411, 0x0381, 0x2209, 0x330D,
    0x3B8F, 0x0AC3, 0x0381, 0x0B03, 0x0201, 0x2ACB, 0x2A8B, 0x338D,
    0x02C1, 0x0341, 0x1AC7, 0x2349, 0x2309, 0x2B8B, 0x348D, 0x0301,
    0x0301, 0x0401, 0xEFBB, 0x74DD, 0x85A1, 0x8E23, 0x9625, 0x6C9B,
    0x9625, 0x4311, 0x2C0B, 0x344D, 0x1345, 0x1B87, 0x1305, 0x0000,
};

u16 D_800DBC7C[] = {
    0x0000, 0x9DAD, 0xBEF7, 0xD7FF, 0xE7FF, 0x41CF, 0x7463, 0xB6B5,
    0xF7FF, 0xFFFF, 0x6BDF, 0x4A95, 0x7421, 0xA5EF, 0xCFBD, 0xAE73,
    0x8D6B, 0x335B, 0x4463, 0x2211, 0x2AD7, 0x3BDF, 0x3C21, 0xDFFF,
    0x956B, 0xA631, 0x4421, 0x118D, 0xC739, 0x0801, 0x0885, 0xD801,
    0x1043, 0x10C7, 0x2A11, 0x1885, 0xC801, 0x0043, 0x19CF, 0x84E7,
    0x28C7, 0xCF7B, 0x4941, 0x7201, 0xAB01, 0xFCC1, 0x1909, 0x8D29,
    0x3909, 0x218D, 0x30C1, 0xE401, 0x194B, 0x31CF, 0x5319, 0x0001,
    0x2081, 0x69C1, 0x8A81, 0xBB41, 0xFC81, 0x298D, 0x4253, 0x5B5B,
    0x7CA5, 0xFD41, 0x3901, 0x6A01, 0x9281, 0xC381, 0x314B, 0x639D,
    0x28C1, 0x5181, 0xDC01, 0xB7FF, 0xC7FF, 0x96B5, 0x3A95, 0x5C21,
    0x7529, 0x4AD7, 0x1909, 0x3253, 0x7DEF, 0xA77B, 0x8E73, 0xBFFF,
    0x4B5B, 0x6CA5, 0x8D29, 0x539D, 0x218D, 0xDBC1, 0x29CF, 0xAFFF,
    0x7DAD, 0xAFBD, 0x6463, 0x4319, 0x84E7, 0x30C7, 0x7CA5, 0x8631,
    0x9AC1, 0xFDC1, 0x9F39, 0x4141, 0x5C63, 0xEC41, 0x8241, 0xA301,
    0x6D29, 0x5981, 0x20C1, 0x4AD7, 0x4CA5, 0x8E31, 0xAE31, 0xCFFF,
    0xCBC1, 0x2085, 0x4253, 0x4AD7, 0x7463, 0x52D7, 0x4B9D, 0x84A5,
    0xCFFF, 0x414B, 0x7A81, 0x4101, 0x7C63, 0xD7BD, 0x5B5B, 0x5C63,
    0xBB81, 0x30C7, 0x4109, 0xC001, 0x639D, 0xB801, 0xA001, 0x4A95,
    0xE801, 0xF801, 0x9301, 0x4801, 0x3801, 0x9001, 0x9801, 0x4001,
    0xAB81, 0x7001, 0x8001, 0x5001, 0x94A5, 0xA529, 0xB5AD, 0xBDEF,
    0x3085, 0xCE73, 0xDEB5, 0xE739, 0xC631, 0x9CA5, 0x8C63, 0x5B5B,
    0x735B, 0x8C21, 0x7BDF, 0x31CF, 0x7BDF, 0x7C63, 0x4A53, 0x9D6B,
    0x6A95, 0x6253, 0xECC1, 0x48C7, 0x84A5, 0x49CF, 0xBEB5, 0x3001,
    0x4043, 0xA5EF, 0x40C7, 0x8319, 0x5043, 0xA3DF, 0xB421, 0xBCA5,
    0xC001, 0x4843, 0x8B5B, 0x9B9D, 0xABDF, 0xAC21, 0x4885, 0x7AD7,
    0x58C7, 0x5801, 0xC001, 0x5A11, 0x835B, 0xB001, 0x518D, 0x51CF,
    0x6A11, 0x418D, 0x6801, 0xA421, 0x7295, 0x498D, 0x6085, 0x8319,
    0x939D, 0x935B, 0xB4A5, 0x89CF, 0x9A11, 0xA001, 0x4909, 0x718D,
    0x81CF, 0x6843, 0x8801, 0x7843, 0x5001, 0x614B, 0x594B, 0x798D,
    0x7001, 0x8001, 0x68C7, 0x7909, 0x7109, 0x894B, 0xA18D, 0x7001,
    0x7801, 0x9801, 0xF77B, 0xA39D, 0xBC21, 0xCC63, 0xCCA5, 0x9B5B,
    0xD4A5, 0x6211, 0x914B, 0x998D, 0x8085, 0x88C7, 0x7085, 0x0000,
};

u16 D_800DBE7C[] = {
    0x0000, 0xB5A7, 0xDEEF, 0xFFF5, 0xFFF9, 0x39D1, 0x8C5D, 0xD6AD,
    0xFFFD, 0xFFFF, 0x7BDB, 0x5293, 0x841D, 0xBDE9, 0xF7B3, 0xCE6B,
    0xAD63, 0x6B4D, 0x8C51, 0x4209, 0x5ACB, 0x7BCF, 0x840F, 0xFFF7,
    0xAD65, 0xC629, 0x8411, 0x3185, 0xE731, 0x0003, 0x1083, 0x003F,
    0x0845, 0x18C5, 0x420B, 0x1087, 0x0033, 0x0841, 0x39C7, 0x9CE1,
    0x18CB, 0xEF73, 0x4941, 0x7201, 0xAB01, 0xFCC1, 0x2107, 0xA523,
    0x210F, 0x3189, 0x30C1, 0xE401, 0x2947, 0x39CD, 0x6315, 0x0001,
    0x2081, 0x69C1, 0x8A81, 0xBB41, 0xFC81, 0x318B, 0x4A51, 0x6B57,
    0x949F, 0xFD41, 0x3901, 0x6A01, 0x9281, 0xC381, 0x294D, 0x7399,
    0x28C1, 0x5181, 0xDC01, 0xFFED, 0xFFF1, 0xD6A5, 0x528F, 0x8417,
    0xA51D, 0x5AD3, 0x2107, 0x4A4D, 0xBDDF, 0xEF69, 0xCE63, 0xFFEF,
    0x6B53, 0x949B, 0xA523, 0x7395, 0x3189, 0xDBC1, 0x39CB, 0xFFEB,
    0xB59F, 0xF7AB, 0x8C59, 0x6311, 0x9CE1, 0x18CD, 0x949F, 0xC621,
    0x9AC1, 0xFDC1, 0xE727, 0x4141, 0x8C57, 0xEC41, 0x8241, 0xA301,
    0xA51B, 0x5981, 0x20C1, 0x5AD3, 0x9493, 0xC623, 0xC62B, 0xFFF3,
    0xCBC1, 0x1089, 0x4A51, 0x5AD3, 0x8C5D, 0x5AD5, 0x7393, 0x94A1,
    0xFFF3, 0x2951, 0x7A81, 0x4101, 0x8C5F, 0xF7B5, 0x6B57, 0x8C57,
    0xBB81, 0x18CD, 0x2111, 0x0031, 0x7399, 0x002F, 0x0029, 0x5293,
    0x003B, 0x003F, 0x9301, 0x0013, 0x000F, 0x0025, 0x0027, 0x0011,
    0xAB81, 0x001D, 0x0021, 0x0015, 0x94A5, 0xA529, 0xB5AD, 0xBDEF,
    0x108D, 0xCE73, 0xD6B7, 0xE739, 0xC631, 0x94A7, 0x8C63, 0x6B57,
    0x6B5D, 0x8423, 0x7BDF, 0x39CD, 0x7BDF, 0x8C5F, 0x4A53, 0xAD67,
    0x529B, 0x4A59, 0xECC1, 0x18D3, 0x94A1, 0x39D3, 0xD6AF, 0x000D,
    0x0851, 0xBDE9, 0x18D1, 0x6321, 0x0855, 0x7BE9, 0x842D, 0x94AF,
    0x0031, 0x0853, 0x6B63, 0x73A7, 0x7BEB, 0x842B, 0x1093, 0x5ADF,
    0x18D7, 0x0017, 0x0031, 0x4217, 0x6B61, 0x002D, 0x3195, 0x39D5,
    0x421B, 0x3191, 0x001B, 0x8429, 0x529D, 0x3193, 0x1099, 0x6321,
    0x73A5, 0x6B65, 0x94AD, 0x39E3, 0x4227, 0x0029, 0x2113, 0x319D,
    0x39E1, 0x085B, 0x0023, 0x085F, 0x0015, 0x2959, 0x2957, 0x319F,
    0x001D, 0x0021, 0x18DB, 0x211F, 0x211D, 0x2963, 0x31A9, 0x001D,
    0x001F, 0x0027, 0xEF7D, 0x73A9, 0x842F, 0x8C73, 0x94B3, 0x6B67,
    0x94B5, 0x4219, 0x2965, 0x31A7, 0x10A1, 0x18E3, 0x109D, 0x0000,
};

u16 D_800DC07C[] = {
    0x0000, 0xB4ED, 0x2109, 0x314D, 0x0201, 0xFFC1, 0x18C7, 0x1085,
    0x0001, 0x0843, 0xFCC1, 0xDBC1, 0xE401, 0xFC81, 0x5295, 0x5AD7,
    0x8241, 0x9AC1, 0xB341, 0x4A53, 0x40C1, 0x59C1, 0x298D, 0x39CF,
    0x4A13, 0x1841, 0xACAB, 0x7B5F, 0xD5F5, 0x795F, 0x48D3, 0x6119,
    0x89A3, 0xDE37, 0xBD2F, 0xF6BD, 0xFF7F, 0xFFFF, 0x5917, 0x695B,
    0xFF3F, 0xFFBF, 0x1847, 0x288B, 0x308D, 0x1883, 0x1885, 0x0843,
    0xE639, 0xD801, 0x20C5, 0xFD41, 0x1045, 0xCD73, 0x3147, 0xEE7B,
    0x3949, 0xFD7F, 0xD453, 0xE4D5, 0xDC93, 0xCDB3, 0x48C1, 0xCB81,
    0xDC77, 0xE4B9, 0xFCFF, 0x828B, 0x3105, 0x5187, 0x1045, 0xB4ED,
    0x5101, 0xAB01, 0xA369, 0xCC33, 0xAB8F, 0x725D, 0x4191, 0x5195,
    0xCC11, 0x4151, 0xBBEF, 0x9281, 0xF441, 0x9B0D, 0x310D, 0xFDFF,
    0x7A01, 0x9BA7, 0x4145, 0x6219, 0xB26D, 0x799F, 0x5115, 0x7289,
    0xE539, 0x3081, 0x69C1, 0x9B27, 0x6159, 0x62D9, 0x9425, 0x3901,
    0x8AE3, 0x82A1, 0x51C7, 0xFC3F, 0xFBBF, 0xCAB3, 0xDAF7, 0x38CF,
    0x40D1, 0x5957, 0x91E5, 0x9A27, 0xC2B1, 0xEB3B, 0x5281, 0x5981,
    0xA469, 0x398F, 0x5215, 0x8BA3, 0x8BE3, 0xACEB, 0x731D, 0xF001,
    0x6A09, 0x7381, 0x8A81, 0x59C9, 0x5A97, 0x6B41, 0x8ACB, 0x39C1,
    0xE001, 0x9481, 0xAD41, 0xA801, 0xEF41, 0xC801, 0xE4F9, 0x18C7,
    0x93A5, 0x00C1, 0x6887, 0xA0CB, 0xC14F, 0xE1D5, 0xFA99, 0x90C9,
    0xB14D, 0x8889, 0x3351, 0x4497, 0x559B, 0x665F, 0x66E1, 0x6661,
    0x3391, 0x661F, 0x228D, 0x3C13, 0x7765, 0x87E9, 0x77A5, 0x2B0F,
    0x4CD7, 0x555D, 0x1187, 0x7FA7, 0xAFF3, 0x8FED, 0x9AC9, 0xCB8B,
    0xE40D, 0x8247, 0xAB09, 0xB34B, 0x19C9, 0x4495, 0x4945, 0x67FF,
    0xFC8D, 0x92C9, 0xEC4D, 0x4CD9, 0xBFF9, 0x224B, 0x5DDD, 0x0081,
    0x1A09, 0x38C1, 0x1147, 0x0945, 0xD3CB, 0x6F23, 0x6941, 0x7A07,
    0x1105, 0x6101, 0x0141, 0x50C1, 0xFDFF, 0xFDC1, 0x7FE7, 0x4D59,
    0xA7F1, 0x8A87, 0x5F7F, 0x328B, 0x7A89, 0x97EF, 0xC40F, 0x0201,
    0x11C5, 0x5EFF, 0x4185, 0x4247, 0x9801, 0xA001, 0x0A85, 0xE44D,
    0x3291, 0x228B, 0x563B, 0x1943, 0x1281, 0x1AC3, 0x3AD5, 0x2A51,
    0x4573, 0x3C6B, 0xA7E9, 0x5E17, 0xECC1, 0xBC01, 0xFE81, 0xFF01,
    0x4D93, 0xCC41, 0xFE05, 0x3CCF, 0xFF47, 0xD441, 0xFF49, 0x340D,
    0x0000, 0x0000, 0x0000, 0x0000, 0x0000, 0x0000, 0x0000, 0x0000,
};

u16 D_800DC27C[] = {
    0x0000, 0xB4E3, 0x2109, 0x314B, 0x0211, 0xFFC1, 0x18C7, 0x1085,
    0x0001, 0x0843, 0xFCC1, 0xDBC1, 0xE401, 0xFC81, 0x5295, 0x5AD7,
    0x8241, 0x9AC1, 0xB341, 0x4A53, 0x40C1, 0x59C1, 0x298D, 0x39CF,
    0x4A11, 0x1841, 0xACA5, 0x7B59, 0xD5ED, 0x794F, 0x48C9, 0x610B,
    0x8991, 0xDE2F, 0xBD27, 0xF6B3, 0xFF77, 0xFFFF, 0x590B, 0x694D,
    0xFF37, 0xFFBB, 0x1843, 0x2885, 0x3087, 0x1883, 0x1885, 0x0841,
    0xE62F, 0xD801, 0x20C5, 0xFD41, 0x1043, 0xCD67, 0x3147, 0xEE71,
    0x3949, 0xFD6F, 0xD453, 0xE4D5, 0xDC93, 0xCDAB, 0x48C1, 0xCB81,
    0xDC65, 0xE4A9, 0xFCEB, 0x828B, 0x3105, 0x5187, 0x1041, 0xB4E5,
    0x5101, 0xAB01, 0xA35D, 0xCC23, 0xAB8F, 0x7253, 0x418D, 0x518F,
    0xCC11, 0x414B, 0xBBE1, 0x9281, 0xF441, 0x9B0D, 0x3109, 0xFDF1,
    0x7A01, 0x9B9F, 0x4145, 0x6211, 0xB24B, 0x7987, 0x5105, 0x7289,
    0xE519, 0x3081, 0x69C1, 0x9B1B, 0x6145, 0x62D5, 0x941F, 0x3901,
    0x8AD9, 0x8297, 0x51C7, 0xFC11, 0xFB8F, 0xCA8B, 0xDACD, 0x38C3,
    0x40C5, 0x5945, 0x91C9, 0x9A09, 0xC28B, 0xEB0D, 0x5281, 0x5981,
    0xA463, 0x398D, 0x5211, 0x8B9D, 0x8BDD, 0xACE5, 0x7317, 0xF001,
    0x6A09, 0x7381, 0x8A81, 0x59C9, 0x5A93, 0x6B41, 0x8ACB, 0x39C1,
    0xE001, 0x9481, 0xAD41, 0xA801, 0xEF41, 0xC801, 0xE4D9, 0x18C1,
    0x939D, 0x00C1, 0x6887, 0xA0CB, 0xC14F, 0xE1D5, 0xFA99, 0x90C9,
    0xB14D, 0x8889, 0x3351, 0x4497, 0x559B, 0x665F, 0x66E1, 0x6661,
    0x3391, 0x661F, 0x228D, 0x3C13, 0x7765, 0x87E9, 0x77A5, 0x2B0F,
    0x4CD7, 0x555D, 0x1187, 0x7FA7, 0xAFF3, 0x8FED, 0x9AC9, 0xCB8B,
    0xE40D, 0x8247, 0xAB09, 0xB34B, 0x19C9, 0x4495, 0x4945, 0x67FF,
    0xFC8D, 0x92C9, 0xEC4D, 0x4CD9, 0xBFF9, 0x224B, 0x5DDD, 0x0081,
    0x1A09, 0x38C1, 0x1147, 0x0945, 0xD3CB, 0x6F23, 0x6941, 0x7A07,
    0x1105, 0x6101, 0x0141, 0x50C1, 0xFDF3, 0xFDC1, 0x7FE7, 0x4D59,
    0xA7F1, 0x8A87, 0x5F7F, 0x328B, 0x7A89, 0x97EF, 0xC40F, 0x0201,
    0x11C5, 0x5EFF, 0x4185, 0x4247, 0x9801, 0xA001, 0x0A85, 0xE44D,
    0x3291, 0x228B, 0x563B, 0x1943, 0x1281, 0x1AC3, 0x3AD5, 0x2A51,
    0x4573, 0x3C6B, 0xA7E9, 0x5E17, 0xECC1, 0xBC01, 0xFE81, 0xFF01,
    0x4D93, 0xCC41, 0xFE05, 0x3CCF, 0xFF47, 0xD441, 0xFF49, 0x340D,
    0x0000, 0x0000, 0x0000, 0x0000, 0x0000, 0x0000, 0x0000, 0x0000,
};

u16 D_800DC47C[] = {
    0x0000, 0x8DAD, 0x2109, 0x298D, 0x4001, 0xFFC1, 0x18C7, 0x1085,
    0x0001, 0x0843, 0xFCC1, 0xDBC1, 0xE401, 0xFC81, 0x5295, 0x5AD7,
    0x8241, 0x9AC1, 0xB341, 0x4A53, 0x40C1, 0x59C1, 0x298D, 0x39CF,
    0x4253, 0x1841, 0x956B, 0x63DF, 0xB6B5, 0x3BDF, 0x2253, 0x2B19,
    0x4463, 0xBEF7, 0x9DEF, 0xCFBD, 0xDFFF, 0xFFFF, 0x2AD7, 0x335B,
    0xDFFF, 0xEFFF, 0x08C7, 0x114B, 0x198D, 0x1883, 0x1885, 0x0043,
    0xBF39, 0xD801, 0x20C5, 0xFD41, 0x0885, 0x9E73, 0x3147, 0xC77B,
    0x3949, 0xBFFF, 0xD453, 0xE4D5, 0xDC93, 0xAE73, 0x48C1, 0xCB81,
    0x96F7, 0xA739, 0xAFFF, 0x828B, 0x3105, 0x5187, 0x0085, 0x95AD,
    0x5101, 0xAB01, 0x7529, 0x8E73, 0xAB8F, 0x4B9D, 0x3211, 0x3A95,
    0xCC11, 0x2A11, 0x85EF, 0x9281, 0xF441, 0x9B0D, 0x218D, 0xC7FF,
    0x7A01, 0x7CE7, 0x4145, 0x4319, 0x2DAD, 0x1BDF, 0x1295, 0x7289,
    0x6739, 0x3081, 0x69C1, 0x6CE7, 0x1319, 0x5319, 0x7CA5, 0x3901,
    0x6463, 0x5C21, 0x51C7, 0x47FF, 0x3FFF, 0x2E73, 0x36F7, 0x09CF,
    0x1211, 0x12D7, 0x24A5, 0x24E7, 0x2E31, 0x377B, 0x5281, 0x5981,
    0x8D29, 0x31CF, 0x4295, 0x7463, 0x7463, 0x956B, 0x5B9D, 0xF001,
    0x6A09, 0x7381, 0x8A81, 0x59C9, 0x4AD7, 0x6B41, 0x8ACB, 0x39C1,
    0xE001, 0x9481, 0xAD41, 0xA801, 0xEF41, 0xC801, 0x6739, 0x00C7,
    0x74A5, 0x0001, 0x6887, 0xA0CB, 0xC14F, 0xE1D5, 0xFA99, 0x90C9,
    0xB14D, 0x8889, 0x3351, 0x4497, 0x559B, 0x665F, 0x66E1, 0x6661,
    0x3391, 0x661F, 0x228D, 0x3C13, 0x7765, 0x87E9, 0x77A5, 0x2B0F,
    0x4CD7, 0x555D, 0x1187, 0x7FA7, 0xAFF3, 0x8FED, 0x9AC9, 0xCB8B,
    0xE40D, 0x8247, 0xAB09, 0xB34B, 0x19C9, 0x4495, 0x4945, 0x67FF,
    0xFC8D, 0x92C9, 0xEC4D, 0x4CD9, 0xBFF9, 0x224B, 0x5DDD, 0x0081,
    0x1A09, 0x38C1, 0x1147, 0x0945, 0xD3CB, 0x6F23, 0x6941, 0x7A07,
    0x1105, 0x6101, 0x0141, 0x50C1, 0xCFFF, 0xFDC1, 0x7FE7, 0x4D59,
    0xA7F1, 0x8A87, 0x5F7F, 0x328B, 0x7A89, 0x97EF, 0xC40F, 0x0201,
    0x11C5, 0x5EFF, 0x4185, 0x4247, 0x9801, 0xA001, 0x0A85, 0xE44D,
    0x3291, 0x228B, 0x563B, 0x1943, 0x1281, 0x1AC3, 0x3AD5, 0x2A51,
    0x4573, 0x3C6B, 0xA7E9, 0x5E17, 0xECC1, 0xBC01, 0xFE81, 0xFF01,
    0x4D93, 0xCC41, 0xFE05, 0x3CCF, 0xFF47, 0xD441, 0xFF49, 0x340D,
    0x0000, 0x0000, 0x0000, 0x0000, 0x0000, 0x0000, 0x0000, 0x0000,
};

u16 D_800DC67C[] = {
    0x0000, 0x8DA7, 0x2109, 0x298B, 0x4011, 0xFFC1, 0x18C7, 0x1085,
    0x0001, 0x0843, 0xFCC1, 0xDBC1, 0xE401, 0xFC81, 0x5295, 0x5AD7,
    0x8241, 0x9AC1, 0xB341, 0x4A53, 0x40C1, 0x59C1, 0x298D, 0x39CF,
    0x4251, 0x1841, 0x9565, 0x63DB, 0xB6AF, 0x3BCB, 0x2247, 0x2B09,
    0x444D, 0xBEF1, 0x9DE9, 0xCFB5, 0xDFFB, 0xFFFF, 0x2AC9, 0x334B,
    0xDFF9, 0xEFFD, 0x08C3, 0x1145, 0x1985, 0x1883, 0x1885, 0x0043,
    0xBF31, 0xD801, 0x20C5, 0xFD41, 0x0883, 0x9E6B, 0x3147, 0xC773,
    0x3949, 0xBFEB, 0xD453, 0xE4D5, 0xDC93, 0xAE6D, 0x48C1, 0xCB81,
    0x96E3, 0xA725, 0xAFE7, 0x828B, 0x3105, 0x5187, 0x0083, 0x95A7,
    0x5101, 0xAB01, 0x751B, 0x8E61, 0xAB8F, 0x4B93, 0x320D, 0x3A8D,
    0xCC11, 0x2A0B, 0x85DF, 0x9281, 0xF441, 0x9B0D, 0x2189, 0xC7EF,
    0x7A01, 0x7CDD, 0x4145, 0x4311, 0x2D93, 0x1BCD, 0x1289, 0x7289,
    0x6729, 0x3081, 0x69C1, 0x6CD9, 0x130B, 0x5317, 0x7CA1, 0x3901,
    0x6457, 0x5C15, 0x51C7, 0x47E1, 0x3FDD, 0x2E55, 0x36D7, 0x09C7,
    0x1207, 0x12CB, 0x248F, 0x24D1, 0x2E15, 0x3759, 0x5281, 0x5981,
    0x8D23, 0x31CD, 0x4291, 0x745D, 0x745F, 0x9567, 0x5B99, 0xF001,
    0x6A09, 0x7381, 0x8A81, 0x59C9, 0x4AD5, 0x6B41, 0x8ACB, 0x39C1,
    0xE001, 0x9481, 0xAD41, 0xA801, 0xEF41, 0xC801, 0x6727, 0x00C7,
    0x749D, 0x0007, 0x6887, 0xA0CB, 0xC14F, 0xE1D5, 0xFA99, 0x90C9,
    0xB14D, 0x8889, 0x3351, 0x4497, 0x559B, 0x665F, 0x66E1, 0x6661,
    0x3391, 0x661F, 0x228D, 0x3C13, 0x7765, 0x87E9, 0x77A5, 0x2B0F,
    0x4CD7, 0x555D, 0x1187, 0x7FA7, 0xAFF3, 0x8FED, 0x9AC9, 0xCB8B,
    0xE40D, 0x8247, 0xAB09, 0xB34B, 0x19C9, 0x4495, 0x4945, 0x67FF,
    0xFC8D, 0x92C9, 0xEC4D, 0x4CD9, 0xBFF9, 0x224B, 0x5DDD, 0x0081,
    0x1A09, 0x38C1, 0x1147, 0x0945, 0xD3CB, 0x6F23, 0x6941, 0x7A07,
    0x1105, 0x6101, 0x0141, 0x50C1, 0xCFEF, 0xFDC1, 0x7FE7, 0x4D59,
    0xA7F1, 0x8A87, 0x5F7F, 0x328B, 0x7A89, 0x97EF, 0xC40F, 0x0201,
    0x11C5, 0x5EFF, 0x4185, 0x4247, 0x9801, 0xA001, 0x0A85, 0xE44D,
    0x3291, 0x228B, 0x563B, 0x1943, 0x1281, 0x1AC3, 0x3AD5, 0x2A51,
    0x4573, 0x3C6B, 0xA7E9, 0x5E17, 0xECC1, 0xBC01, 0xFE81, 0xFF01,
    0x4D93, 0xCC41, 0xFE05, 0x3CCF, 0xFF47, 0xD441, 0xFF49, 0x340D,
    0x0000, 0x0000, 0x0000, 0x0000, 0x0000, 0x0000, 0x0000, 0x0000,
};

u16 D_800DC87C[] = {
    0x0000, 0xB5AD, 0x2109, 0x318D, 0x0001, 0xFFC1, 0x18C7, 0x1085,
    0x0001, 0x0843, 0xFCC1, 0xDBC1, 0xE401, 0xFC81, 0x5295, 0x5AD7,
    0x8241, 0x9AC1, 0xB341, 0x4A53, 0x40C1, 0x59C1, 0x298D, 0x39CF,
    0x4A53, 0x1841, 0xAD6B, 0x7BDF, 0xD6B5, 0x7BDF, 0x4A53, 0x6319,
    0x8C63, 0xDEF7, 0xBDEF, 0xF7BD, 0xFFFF, 0xFFFF, 0x5AD7, 0x6B5B,
    0xFFFF, 0xFFFF, 0x18C7, 0x294B, 0x318D, 0x1883, 0x1885, 0x0843,
    0xE739, 0xD801, 0x20C5, 0xFD41, 0x1085, 0xCE73, 0x3147, 0xEF7B,
    0x3949, 0xFFFF, 0xD453, 0xE4D5, 0xDC93, 0xCE73, 0x48C1, 0xCB81,
    0xDEF7, 0xE739, 0xFFFF, 0x828B, 0x3105, 0x5187, 0x1085, 0xB5AD,
    0x5101, 0xAB01, 0xA529, 0xCE73, 0xAB8F, 0x739D, 0x4211, 0x5295,
    0xCC11, 0x4211, 0xBDEF, 0x9281, 0xF441, 0x9B0D, 0x318D, 0xFFFF,
    0x7A01, 0x9CE7, 0x4145, 0x6319, 0xB5AD, 0x7BDF, 0x5295, 0x7289,
    0xE739, 0x3081, 0x69C1, 0x9CE7, 0x6319, 0x6319, 0x94A5, 0x3901,
    0x8C63, 0x8421, 0x51C7, 0xFFFF, 0xFFFF, 0xCE73, 0xDEF7, 0x39CF,
    0x4211, 0x5AD7, 0x94A5, 0x9CE7, 0xC631, 0xEF7B, 0x5281, 0x5981,
    0xA529, 0x39CF, 0x5295, 0x8C63, 0x8C63, 0xAD6B, 0x739D, 0xF001,
    0x6A09, 0x7381, 0x8A81, 0x59C9, 0x5AD7, 0x6B41, 0x8ACB, 0x39C1,
    0xE001, 0x9481, 0xAD41, 0xA801, 0xEF41, 0xC801, 0xE739, 0x18C7,
    0x94A5, 0x0001, 0x6887, 0xA0CB, 0xC14F, 0xE1D5, 0xFA99, 0x90C9,
    0xB14D, 0x8889, 0x3351, 0x4497, 0x559B, 0x665F, 0x66E1, 0x6661,
    0x3391, 0x661F, 0x228D, 0x3C13, 0x7765, 0x87E9, 0x77A5, 0x2B0F,
    0x4CD7, 0x555D, 0x1187, 0x7FA7, 0xAFF3, 0x8FED, 0x9AC9, 0xCB8B,
    0xE40D, 0x8247, 0xAB09, 0xB34B, 0x19C9, 0x4495, 0x4945, 0x67FF,
    0xFC8D, 0x92C9, 0xEC4D, 0x4CD9, 0xBFF9, 0x224B, 0x5DDD, 0x0081,
    0x1A09, 0x38C1, 0x1147, 0x0945, 0xD3CB, 0x6F23, 0x6941, 0x7A07,
    0x1105, 0x6101, 0x0141, 0x50C1, 0xFFFF, 0xFDC1, 0x7FE7, 0x4D59,
    0xA7F1, 0x8A87, 0x5F7F, 0x328B, 0x7A89, 0x97EF, 0xC40F, 0x0201,
    0x11C5, 0x5EFF, 0x4185, 0x4247, 0x9801, 0xA001, 0x0A85, 0xE44D,
    0x3291, 0x228B, 0x563B, 0x1943, 0x1281, 0x1AC3, 0x3AD5, 0x2A51,
    0x4573, 0x3C6B, 0xA7E9, 0x5E17, 0xECC1, 0xBC01, 0xFE81, 0xFF01,
    0x4D93, 0xCC41, 0xFE05, 0x3CCF, 0xFF47, 0xD441, 0xFF49, 0x340D,
    0x0000, 0x0000, 0x0000, 0x0000, 0x0000, 0x0000, 0x0000, 0x0000,
};

u16 D_800DCA7C[] = {
    0x0000, 0x8C63, 0x2109, 0x294B, 0x4211, 0xFFC1, 0x18C7, 0x1085,
    0x0001, 0x0843, 0xFCC1, 0xDBC1, 0xE401, 0xFC81, 0x5295, 0x5AD7,
    0x8241, 0x9AC1, 0xB341, 0x4A53, 0x40C1, 0x59C1, 0x298D, 0x39CF,
    0x4211, 0x1841, 0x94A5, 0x6319, 0xB5AD, 0x39CF, 0x2109, 0x294B,
    0x4211, 0xBDEF, 0x9CE7, 0xCE73, 0xDEF7, 0xFFFF, 0x294B, 0x318D,
    0xDEF7, 0xEF7B, 0x0843, 0x1085, 0x18C7, 0x1883, 0x1885, 0x0001,
    0xBDEF, 0xD801, 0x20C5, 0xFD41, 0x0843, 0x9CE7, 0x3147, 0xC631,
    0x3949, 0xBDEF, 0xD453, 0xE4D5, 0xDC93, 0xAD6B, 0x48C1, 0xCB81,
    0x94A5, 0xA529, 0xAD6B, 0x828B, 0x3105, 0x5187, 0x0001, 0x94A5,
    0x5101, 0xAB01, 0x739D, 0x8C63, 0xAB8F, 0x4A53, 0x318D, 0x39CF,
    0xCC11, 0x294B, 0x8421, 0x9281, 0xF441, 0x9B0D, 0x2109, 0xC631,
    0x7A01, 0x7BDF, 0x4145, 0x4211, 0x294B, 0x18C7, 0x1085, 0x7289,
    0x6319, 0x3081, 0x69C1, 0x6B5B, 0x1085, 0x5295, 0x7BDF, 0x3901,
    0x6319, 0x5AD7, 0x51C7, 0x4211, 0x39CF, 0x294B, 0x318D, 0x0843,
    0x1085, 0x1085, 0x2109, 0x2109, 0x294B, 0x318D, 0x5281, 0x5981,
    0x8C63, 0x318D, 0x4211, 0x739D, 0x739D, 0x94A5, 0x5AD7, 0xF001,
    0x6A09, 0x7381, 0x8A81, 0x59C9, 0x4A53, 0x6B41, 0x8ACB, 0x39C1,
    0xE001, 0x9481, 0xAD41, 0xA801, 0xEF41, 0xC801, 0x6319, 0x0001,
    0x739D, 0x0001, 0x6887, 0xA0CB, 0xC14F, 0xE1D5, 0xFA99, 0x90C9,
    0xB14D, 0x8889, 0x3351, 0x4497, 0x559B, 0x665F, 0x66E1, 0x6661,
    0x3391, 0x661F, 0x228D, 0x3C13, 0x7765, 0x87E9, 0x77A5, 0x2B0F,
    0x4CD7, 0x555D, 0x1187, 0x7FA7, 0xAFF3, 0x8FED, 0x9AC9, 0xCB8B,
    0xE40D, 0x8247, 0xAB09, 0xB34B, 0x19C9, 0x4495, 0x4945, 0x67FF,
    0xFC8D, 0x92C9, 0xEC4D, 0x4CD9, 0xBFF9, 0x224B, 0x5DDD, 0x0081,
    0x1A09, 0x38C1, 0x1147, 0x0945, 0xD3CB, 0x6F23, 0x6941, 0x7A07,
    0x1105, 0x6101, 0x0141, 0x50C1, 0xCE73, 0xFDC1, 0x7FE7, 0x4D59,
    0xA7F1, 0x8A87, 0x5F7F, 0x328B, 0x7A89, 0x97EF, 0xC40F, 0x0201,
    0x11C5, 0x5EFF, 0x4185, 0x4247, 0x9801, 0xA001, 0x0A85, 0xE44D,
    0x3291, 0x228B, 0x563B, 0x1943, 0x1281, 0x1AC3, 0x3AD5, 0x2A51,
    0x4573, 0x3C6B, 0xA7E9, 0x5E17, 0xECC1, 0xBC01, 0xFE81, 0xFF01,
    0x4D93, 0xCC41, 0xFE05, 0x3CCF, 0xFF47, 0xD441, 0xFF49, 0x340D,
    0x0000, 0x0000, 0x0000, 0x0000, 0x0000, 0x0000, 0x0000, 0x0000,
};

u16 D_800DCC7C[] = {
    0x0000, 0xB5A3, 0x2109, 0x318B, 0x0011, 0xFFC1, 0x18C7, 0x1085,
    0x0001, 0x0843, 0xFCC1, 0xDBC1, 0xE401, 0xFC81, 0x5295, 0x5AD7,
    0x8241, 0x9AC1, 0xB341, 0x4A53, 0x40C1, 0x59C1, 0x298D, 0x39CF,
    0x4A51, 0x1841, 0xAD65, 0x7BD9, 0xD6AD, 0x7BCF, 0x4A49, 0x630B,
    0x8C51, 0xDEEF, 0xBDE7, 0xF7B3, 0xFFF7, 0xFFFF, 0x5ACB, 0x6B4D,
    0xFFF7, 0xFFFB, 0x18C3, 0x2945, 0x3187, 0x1883, 0x1885, 0x0841,
    0xE72F, 0xD801, 0x20C5, 0xFD41, 0x1083, 0xCE67, 0x3147, 0xEF71,
    0x3949, 0xFFEF, 0xD453, 0xE4D5, 0xDC93, 0xCE6B, 0x48C1, 0xCB81,
    0xDEE5, 0xE729, 0xFFEB, 0x828B, 0x3105, 0x5187, 0x1081, 0xB5A5,
    0x5101, 0xAB01, 0xA51D, 0xCE63, 0xAB8F, 0x7393, 0x420D, 0x528F,
    0xCC11, 0x420B, 0xBDE1, 0x9281, 0xF441, 0x9B0D, 0x3189, 0xFFF1,
    0x7A01, 0x9CDF, 0x4145, 0x6311, 0xB58B, 0x7BC7, 0x5285, 0x7289,
    0xE719, 0x3081, 0x69C1, 0x9CDB, 0x6305, 0x6315, 0x949F, 0x3901,
    0x8C59, 0x8417, 0x51C7, 0xFFD1, 0xFFCF, 0xCE4B, 0xDECD, 0x39C3,
    0x4205, 0x5AC5, 0x9489, 0x9CC9, 0xC60B, 0xEF4D, 0x5281, 0x5981,
    0xA523, 0x39CD, 0x5291, 0x8C5D, 0x8C5D, 0xAD65, 0x7397, 0xF001,
    0x6A09, 0x7381, 0x8A81, 0x59C9, 0x5AD3, 0x6B41, 0x8ACB, 0x39C1,
    0xE001, 0x9481, 0xAD41, 0xA801, 0xEF41, 0xC801, 0xE719, 0x18C1,
    0x949D, 0x0001, 0x6887, 0xA0CB, 0xC14F, 0xE1D5, 0xFA99, 0x90C9,
    0xB14D, 0x8889, 0x3351, 0x4497, 0x559B, 0x665F, 0x66E1, 0x6661,
    0x3391, 0x661F, 0x228D, 0x3C13, 0x7765, 0x87E9, 0x77A5, 0x2B0F,
    0x4CD7, 0x555D, 0x1187, 0x7FA7, 0xAFF3, 0x8FED, 0x9AC9, 0xCB8B,
    0xE40D, 0x8247, 0xAB09, 0xB34B, 0x19C9, 0x4495, 0x4945, 0x67FF,
    0xFC8D, 0x92C9, 0xEC4D, 0x4CD9, 0xBFF9, 0x224B, 0x5DDD, 0x0081,
    0x1A09, 0x38C1, 0x1147, 0x0945, 0xD3CB, 0x6F23, 0x6941, 0x7A07,
    0x1105, 0x6101, 0x0141, 0x50C1, 0xFFF3, 0xFDC1, 0x7FE7, 0x4D59,
    0xA7F1, 0x8A87, 0x5F7F, 0x328B, 0x7A89, 0x97EF, 0xC40F, 0x0201,
    0x11C5, 0x5EFF, 0x4185, 0x4247, 0x9801, 0xA001, 0x0A85, 0xE44D,
    0x3291, 0x228B, 0x563B, 0x1943, 0x1281, 0x1AC3, 0x3AD5, 0x2A51,
    0x4573, 0x3C6B, 0xA7E9, 0x5E17, 0xECC1, 0xBC01, 0xFE81, 0xFF01,
    0x4D93, 0xCC41, 0xFE05, 0x3CCF, 0xFF47, 0xD441, 0xFF49, 0x340D,
    0x0000, 0x0000, 0x0000, 0x0000, 0x0000, 0x0000, 0x0000, 0x0000,
};

u16 D_800DCE7C[] = {
    0x0000, 0x1125, 0x196B, 0x196F, 0x19B1, 0x1971, 0x196D, 0x10DD,
    0x1927, 0x21B1, 0x21B5, 0x21B7, 0x21B3, 0x10DB, 0x21F9, 0x29F9,
    0x29FB, 0x0895, 0x1123, 0x29F7, 0x2A3D, 0x29FD, 0x21FB, 0x0897,
    0x10DF, 0x1967, 0x21F5, 0x2A3B, 0x323D, 0x323F, 0x2A3F, 0x21AF,
    0x327F, 0x0893, 0x323B, 0x3A7F, 0x1121, 0x216D, 0x29F5, 0x2A39,
    0x3ABF, 0x0891, 0x10D9, 0x1969, 0x3239, 0x327D, 0x42FF, 0x42BF,
    0x1925, 0x2B05, 0x4549, 0x560B, 0x564B, 0x4AFF, 0x4B3F, 0x3407,
    0x4DCB, 0x5ECD, 0x674D, 0x6FCF, 0x533F, 0x0099, 0x0097, 0x0055,
    0x0003, 0x0053, 0x111F, 0x4D49, 0x5E8D, 0x678D, 0x77CF, 0x6F8D,
    0x537F, 0x004F, 0x0005, 0x004B, 0x3C07, 0x55CB, 0x670D, 0x7FCF,
    0x7FD1, 0x0095, 0x0051, 0x0007, 0x1183, 0x3C89, 0x3C49, 0x6F8F,
    0x18C1, 0x1081, 0x08C1, 0x33C7, 0x4D8B, 0x5E8B, 0x20C1, 0x0001,
    0x44C9, 0x1881, 0x0841, 0x3387, 0x4509, 0x19C3, 0x0041, 0x2245,
    0x2B47, 0x1041, 0x0009, 0x3A4F, 0x0883, 0x3A0F, 0x4BFF, 0xB67F,
    0x3A0D, 0x023F, 0x95BF, 0x320D, 0x31CD, 0x337F, 0xCEFF, 0x37CB,
    0x298B, 0x647F, 0x6FD9, 0x4AD3, 0xB6ED, 0xA7E5, 0x1105, 0x21C9,
    0x2A09, 0x2A4B, 0xAE69, 0x2107, 0x2109, 0x2187, 0x2149, 0x1945,
    0x2209, 0x9DE7, 0x1947, 0x9E27, 0xA627, 0xA667, 0xA669, 0x7CDF,
    0x4291, 0x1987, 0x8D63, 0x745D, 0x749D, 0x7C9D, 0x7CDD, 0x6C1B,
    0x6C5B, 0x08C3, 0x84DF, 0x42D1, 0x4AD1, 0x95A3, 0x1907, 0x4251,
    0xB72D, 0xB6EB, 0x10C5, 0x63D9, 0x0843, 0x2989, 0x2189, 0xDFF5,
    0xD7F3, 0xCFF1, 0x18C7, 0x29CB, 0x5B57, 0x5B55, 0xF7FB, 0xEFFB,
    0xEFF9, 0xF03D, 0xF83F, 0xC031, 0xE83B, 0xB02D, 0xD035, 0xE039,
    0xD837, 0x9827, 0xB82F, 0xC833, 0x2D43, 0x2D85, 0x35C5, 0x3605,
    0x3645, 0x6019, 0xA82B, 0x24C3, 0x2D03, 0x380F, 0x2443, 0x2483,
    0x6B9B, 0xCEB3, 0xEFBB, 0x2D83, 0x5015, 0x8823, 0x1BC3, 0x2403,
    0x5AD5, 0xFFFF, 0x9025, 0xA029, 0x1B83, 0x23C3, 0xBDED, 0x7C1F,
    0xEFB9, 0x8021, 0x12C3, 0x701D, 0x1B03, 0x1B43, 0x6359, 0x681B,
    0x781F, 0x2CC3, 0x5817, 0x3685, 0x1281, 0x1241, 0x1AC3, 0x280B,
    0x300D, 0x4011, 0x1201, 0x0941, 0x0981, 0x09C1, 0x12C1, 0x00C1,
    0x0901, 0x0000, 0x0000, 0x0000, 0x0000, 0x0000, 0x0000, 0x0000,
    0x0000, 0x0000, 0x0000, 0x0000, 0x0000, 0x0000, 0x0000, 0x0000,
};

u16 D_800DD07C[] = {
    0x0000, 0x9489, 0xAD4B, 0xBDCB, 0xC60D, 0xC60B, 0xB58B, 0x7387,
    0x9CC9, 0xC60D, 0xD68D, 0xDECD, 0xCE4D, 0x6B47, 0xE70F, 0xE70F,
    0xEF4F, 0x5285, 0x8C49, 0xDECF, 0xF791, 0xF78F, 0xEF4F, 0x5AC5,
    0x7BC7, 0x9CCB, 0xD68F, 0xEF51, 0xF791, 0xFFD1, 0xFFD1, 0xBDCD,
    0xFFD3, 0x4A45, 0xEF51, 0xFFD3, 0x8409, 0xB58B, 0xD68F, 0xE711,
    0xFFD5, 0x4205, 0x6307, 0xA50B, 0xE711, 0xF793, 0xFFD7, 0xFFD5,
    0x9489, 0x1099, 0x212B, 0x2971, 0x2973, 0xFFD7, 0xFFD9, 0x18E1,
    0x296F, 0x31B7, 0x31BB, 0x39FF, 0xFFD9, 0x6305, 0x5AC5, 0x5283,
    0x0841, 0x4A43, 0x7BC9, 0x212B, 0x31B5, 0x31BD, 0x39FF, 0x31BD,
    0xFFDB, 0x39C3, 0x1081, 0x2943, 0x18E1, 0x296F, 0x31B9, 0x39FF,
    0x423F, 0x5285, 0x4203, 0x18C1, 0x084D, 0x2125, 0x2123, 0x39FD,
    0x0007, 0x0005, 0x0007, 0x18DF, 0x296D, 0x2975, 0x0007, 0x0001,
    0x2127, 0x0005, 0x0003, 0x18DD, 0x2129, 0x084F, 0x0003, 0x1093,
    0x18DB, 0x0003, 0x2101, 0x39D3, 0x0845, 0x39D1, 0xFFDF, 0xFFF3,
    0x3191, 0xFFD1, 0xFFED, 0x3191, 0x318F, 0xFFDB, 0xFFF7, 0x297F,
    0x294D, 0xFFE3, 0x633F, 0x4A57, 0xB5B7, 0x94BF, 0x1089, 0x210F,
    0x2111, 0x2953, 0xA533, 0x18C9, 0x2109, 0x18CD, 0x210B, 0x108B,
    0x2111, 0x9CEF, 0x18CB, 0x9CF1, 0x9CF1, 0x9CF3, 0xA533, 0x7BE7,
    0x4215, 0x18CD, 0x8C6B, 0x73A3, 0x73A5, 0x73A5, 0x73A7, 0x6B61,
    0x6B63, 0x0847, 0x7BE7, 0x4217, 0x4217, 0x8C6D, 0x18C9, 0x4213,
    0xB5B9, 0xAD77, 0x1087, 0x631F, 0x0843, 0x210D, 0x210D, 0xD6BF,
    0xCE7F, 0xC63F, 0x18C7, 0x294F, 0x5ADB, 0x529B, 0xEF7F, 0xEF7F,
    0xE73F, 0xF781, 0xFFC1, 0xC601, 0xEF41, 0xB581, 0xD681, 0xE701,
    0xDEC1, 0x9CC1, 0xBDC1, 0xCE41, 0x086B, 0x10AD, 0x10AF, 0x10B1,
    0x10B3, 0x6301, 0xAD41, 0x0867, 0x0869, 0x39C1, 0x0863, 0x0865,
    0x6B5D, 0xCE75, 0xEF7D, 0x086D, 0x5281, 0x8C41, 0x085F, 0x0861,
    0x5297, 0xFFFF, 0x9481, 0xA501, 0x085D, 0x085F, 0xB5AF, 0x7BE1,
    0xE73D, 0x8401, 0x0857, 0x7381, 0x0859, 0x085B, 0x631B, 0x6B41,
    0x7BC1, 0x0867, 0x5AC1, 0x10B5, 0x0015, 0x0013, 0x0857, 0x2941,
    0x3181, 0x4201, 0x0011, 0x000B, 0x000D, 0x000F, 0x0017, 0x0007,
    0x0009, 0x0000, 0x0000, 0x0000, 0x0000, 0x0000, 0x0000, 0x0000,
    0x0000, 0x0000, 0x0000, 0x0000, 0x0000, 0x0000, 0x0000, 0x0000,
};

u16 D_800DD27C[] = {
    0x0000, 0x1489, 0x1D4B, 0x1DCB, 0x1E0D, 0x1E0B, 0x1D8B, 0x1387,
    0x1CC9, 0x260D, 0x268D, 0x26CD, 0x264D, 0x1347, 0x270F, 0x2F0F,
    0x2F4F, 0x0A85, 0x1449, 0x2ECF, 0x2F91, 0x2F8F, 0x274F, 0x0AC5,
    0x13C7, 0x1CCB, 0x268F, 0x2F51, 0x3791, 0x37D1, 0x2FD1, 0x25CD,
    0x37D3, 0x0A45, 0x3751, 0x3FD3, 0x1409, 0x258B, 0x2E8F, 0x2F11,
    0x3FD5, 0x0A05, 0x1307, 0x1D0B, 0x3711, 0x3793, 0x47D7, 0x47D5,
    0x1C89, 0x2899, 0x412B, 0x5171, 0x5173, 0x4FD7, 0x4FD9, 0x30E1,
    0x496F, 0x59B7, 0x61BB, 0x69FF, 0x57D9, 0x0305, 0x02C5, 0x0283,
    0x0041, 0x0243, 0x13C9, 0x492B, 0x59B5, 0x61BD, 0x71FF, 0x69BD,
    0x57DB, 0x01C3, 0x0081, 0x0143, 0x38E1, 0x516F, 0x61B9, 0x79FF,
    0x7A3F, 0x0285, 0x0203, 0x00C1, 0x104D, 0x3925, 0x3923, 0x69FD,
    0x1807, 0x1005, 0x0807, 0x30DF, 0x496D, 0x5975, 0x2007, 0x0001,
    0x4127, 0x1805, 0x0803, 0x30DD, 0x4129, 0x184F, 0x0003, 0x2093,
    0x28DB, 0x1003, 0x0101, 0x39D3, 0x0845, 0x39D1, 0x4FDF, 0xB7F3,
    0x3991, 0x07D1, 0x97ED, 0x3191, 0x318F, 0x37DB, 0xCFF7, 0x317F,
    0x294D, 0x67E3, 0x6B3F, 0x4A57, 0xB5B7, 0xA4BF, 0x1089, 0x210F,
    0x2911, 0x2953, 0xAD33, 0x20C9, 0x2109, 0x20CD, 0x210B, 0x188B,
    0x2111, 0x9CEF, 0x18CB, 0x9CF1, 0xA4F1, 0xA4F3, 0xA533, 0x7BE7,
    0x4215, 0x18CD, 0x8C6B, 0x73A3, 0x73A5, 0x7BA5, 0x7BA7, 0x6B61,
    0x6B63, 0x0847, 0x83E7, 0x4217, 0x4A17, 0x946D, 0x18C9, 0x4213,
    0xB5B9, 0xB577, 0x1087, 0x631F, 0x0843, 0x290D, 0x210D, 0xDEBF,
    0xD67F, 0xCE3F, 0x18C7, 0x294F, 0x5ADB, 0x5A9B, 0xF77F, 0xEF7F,
    0xEF3F, 0xF781, 0xFFC1, 0xC601, 0xEF41, 0xB581, 0xD681, 0xE701,
    0xDEC1, 0x9CC1, 0xBDC1, 0xCE41, 0x286B, 0x28AD, 0x30AF, 0x30B1,
    0x30B3, 0x6301, 0xAD41, 0x2067, 0x2869, 0x39C1, 0x2063, 0x2065,
    0x6B5D, 0xCE75, 0xEF7D, 0x286D, 0x5281, 0x8C41, 0x185F, 0x2061,
    0x5A97, 0xFFFF, 0x9481, 0xA501, 0x185D, 0x205F, 0xBDAF, 0x7BE1,
    0xEF3D, 0x8401, 0x1057, 0x7381, 0x1859, 0x185B, 0x631B, 0x6B41,
    0x7BC1, 0x2867, 0x5AC1, 0x30B5, 0x1015, 0x1013, 0x1857, 0x2941,
    0x3181, 0x4201, 0x1011, 0x080B, 0x080D, 0x080F, 0x1017, 0x0007,
    0x0809, 0x0000, 0x0000, 0x0000, 0x0000, 0x0000, 0x0000, 0x0000,
    0x0000, 0x0000, 0x0000, 0x0000, 0x0000, 0x0000, 0x0000, 0x0000,
};

u16 D_800DD47C[] = {
    0x0000, 0x9565, 0x9DA5, 0x9DA7, 0xA5A7, 0xA5E7, 0x9523, 0x9D65,
    0xAE29, 0xB66B, 0xBEAD, 0xBEED, 0xC6EF, 0xC72F, 0xCF31, 0xCF71,
    0x84E1, 0x8D23, 0xAE2B, 0xD773, 0xD7B3, 0xDFB5, 0xDFF5, 0x6BDB,
    0x7C9F, 0x8CE1, 0xE7F7, 0x4AD3, 0x6399, 0x741B, 0x7C5F, 0x849F,
    0xA5E9, 0xE7F5, 0xEFF9, 0x4251, 0x5B15, 0x741D, 0x8D21, 0xEFF7,
    0xF7FB, 0x1087, 0x2949, 0x424F, 0x4A91, 0x5B57, 0x6BD9, 0x0845,
};

u16 D_800DD4DC[] = {
    0x0035, 0x2109, 0x31CD, 0x003B, 0x0843, 0x2149, 0x003D, 0x8EA5,
    0x10C5, 0x298B, 0xB6AB, 0x1889, 0x4197, 0x3953, 0x5C57, 0x6D5D,
    0x7E23, 0x8EE5, 0x9F69, 0x9FAB, 0x3A0F, 0x52D5, 0x4B95, 0x6D1D,
    0x7DE1, 0x86A3, 0x20CB, 0x4195, 0x21CB, 0x4311, 0x5C59, 0xA7EB,
    0xA7ED, 0x318B, 0x3A0D, 0x4291, 0x328D, 0x4B93, 0x5C99, 0x7E21,
    0x0023, 0x0025, 0x3151, 0x2A4D, 0xAFEF, 0x1107, 0x9727, 0xFFFF,
    0x310F, 0x0019, 0x28CD, 0x2A0B, 0x5417, 0x64DB, 0x759F, 0x8663,
    0x96E7, 0x290F, 0x324D, 0x5457, 0x651B, 0x8EE7, 0x20CD, 0x0009,
    0x0883, 0x2189, 0x3ACF, 0x0001, 0x53D5, 0x6499, 0x0015, 0x001F,
    0x001D, 0xBEEF, 0x0017, 0x1947, 0x084F, 0xDFB3, 0x0003, 0x6D1B,
    0x8623, 0x11C7, 0xA201, 0x4BD5, 0x22CB, 0x1A09, 0x2B8F, 0x230D,
    0x2BCF, 0x234D, 0x2A0D, 0xFCC1, 0xFD41, 0xFDC1, 0xFC81, 0xFD01,
    0xE401, 0xD3C1, 0xEC01, 0xCB81, 0xA2C1, 0x7201, 0x5981, 0x8241,
    0xF441, 0xAB01, 0xB301, 0xDBC1, 0x8A41, 0x4101, 0xBB41, 0x6181,
    0x4941, 0x9281, 0x3901, 0x8C63, 0x5295, 0x39CF, 0x9AC1, 0x294B,
    0x18C7, 0xC381, 0x04E1, 0x196F, 0x1971, 0x01CB, 0x020D, 0x21B3,
    0x21B5, 0x19B3, 0x19B1, 0x018B, 0x01CD, 0x3237, 0x21B7, 0x21B9,
    0x0149, 0x21FB, 0x0109, 0x21FD, 0x0083, 0x29FF, 0x21BB, 0x196B,
    0x196D, 0x323F, 0x1929, 0x1969, 0x1121, 0x1125, 0x7BDF, 0x10DB,
    0x10E1, 0x1123, 0x5AD7, 0x327F, 0x3ABF, 0x10DF, 0x8421, 0x42FF,
    0x5BBF, 0x747F, 0x6C3F, 0x537F, 0x0891, 0x08D9, 0x10DD, 0xA5FF,
    0x7C7F, 0x4B3F, 0x9025, 0x0899, 0x84FF, 0x63FF, 0xE83B, 0xE039,
    0xD837, 0x088D, 0x0897, 0xD035, 0x8823, 0x0895, 0x8A81, 0xC833,
    0x8021, 0x0841, 0x084B, 0x7A01, 0xC031, 0x701D, 0x004B, 0x30C1,
    0x084D, 0x004D, 0x5141, 0xB82F, 0x10D9, 0x0049, 0x0851, 0x0000,
    0x0000, 0x0000, 0x0000, 0x0000, 0x0000, 0x0000, 0x0000, 0x0000,
};

u16 D_800DD67C[] = {
    0x0000, 0x94AB, 0x94AD, 0x9CED, 0x9CED, 0x9CEF, 0x8C69, 0x94AB,
    0xA531, 0xAD73, 0xB5B5, 0xB5B7, 0xBDF7, 0xBDF9, 0xC639, 0xC63B,
    0x8427, 0x8C69, 0xAD71, 0xCE7B, 0xCE7D, 0xD6BD, 0xD6BF, 0x6B5F,
    0x7BE5, 0x8427, 0xDEFF, 0x4A57, 0x631D, 0x6B61, 0x7BE3, 0x7BE5,
    0xA52F, 0xD6BF, 0xE73F, 0x4213, 0x5299, 0x73A1, 0x8429, 0xDEFF,
    0xEF7F, 0x18C5, 0x210B, 0x39D3, 0x4215, 0x5ADB, 0x631F, 0x1083,
};

u16 D_800DD6DC[] = {
    0xD681, 0x2109, 0x318F, 0xEF41, 0x0843, 0x210B, 0xF781, 0x94B5,
    0x1087, 0x294D, 0xAD75, 0x2105, 0x5ACD, 0x4A4B, 0x5AE3, 0x73AB,
    0x8C71, 0x94B7, 0xA53B, 0xAD7D, 0x39D1, 0x5297, 0x529D, 0x73A9,
    0x842F, 0x8C75, 0x2947, 0x528D, 0x294F, 0x4219, 0x6323, 0xAD7F,
    0xB5BF, 0x294D, 0x3191, 0x4215, 0x3195, 0x4A5D, 0x6325, 0x8431,
    0x8C41, 0x9481, 0x420B, 0x3193, 0xBDFF, 0x18C9, 0x9CF9, 0xFFFF,
    0x39C9, 0x6301, 0x3187, 0x2951, 0x5AE1, 0x6B67, 0x7BED, 0x8C73,
    0x9CF7, 0x39C9, 0x3193, 0x5AE3, 0x6B69, 0x9CF7, 0x3187, 0x2101,
    0x0845, 0x210D, 0x39D7, 0x0001, 0x529F, 0x6325, 0x5281, 0x7BC1,
    0x7381, 0xBDF7, 0x5AC1, 0x18CB, 0x39C3, 0xCE7D, 0x0841, 0x6B69,
    0x8C71, 0x18CF, 0x0011, 0x529F, 0x2957, 0x2111, 0x39DD, 0x3199,
    0x39DF, 0x319B, 0x3191, 0xFCC1, 0xFD41, 0xFDC1, 0xFC81, 0xFD01,
    0xE401, 0xD3C1, 0xEC01, 0xCB81, 0xA2C1, 0x7201, 0x5981, 0x8241,
    0xF441, 0xAB01, 0xB301, 0xDBC1, 0x8A41, 0x4101, 0xBB41, 0x6181,
    0x4941, 0x9281, 0x3901, 0x8C63, 0x5295, 0x39CF, 0x9AC1, 0x294B,
    0x18C7, 0xC381, 0x04E1, 0xBDCB, 0xC60B, 0x01CB, 0x020D, 0xCE4D,
    0xD68D, 0xCE4D, 0xC60D, 0x018B, 0x01CD, 0xDED1, 0xDECD, 0xE70D,
    0x0149, 0xEF4F, 0x0109, 0xF78F, 0x0083, 0xFFCF, 0xEF4D, 0xAD4B,
    0xB58B, 0xFFD1, 0xA509, 0xA50B, 0x8409, 0x9489, 0x7BDF, 0x6B47,
    0x8407, 0x8C49, 0x5AD7, 0xFFD3, 0xFFD5, 0x7BC7, 0x8421, 0xFFD7,
    0xFFDD, 0xFFE3, 0xFFE1, 0xFFDB, 0x4205, 0x6307, 0x7387, 0xFFEF,
    0xFFE3, 0xFFD9, 0x9481, 0x6305, 0xFFE7, 0xFFDF, 0xEF41, 0xE701,
    0xDEC1, 0x3185, 0x5AC5, 0xD681, 0x8C41, 0x5285, 0x8A81, 0xCE41,
    0x8401, 0x0003, 0x2943, 0x7A01, 0xC601, 0x7381, 0x2943, 0x30C1,
    0x3183, 0x3183, 0x5141, 0xBDC1, 0x6307, 0x2103, 0x4203, 0x0000,
    0x0000, 0x0000, 0x0000, 0x0000, 0x0000, 0x0000, 0x0000, 0x0000,
};

u16 D_800DD87C[] = {
    0x0000, 0x94A5, 0x9CA7, 0x9CE7, 0xA4E9, 0xA4E9, 0x9465, 0x9CA7,
    0xAD2B, 0xB56D, 0xBDAF, 0xBDAF, 0xC5F1, 0xC5F1, 0xCE33, 0xCE33,
    0x8421, 0x8C63, 0xAD6B, 0xD675, 0xD675, 0xDEB7, 0xDEB7, 0x6B5B,
    0x7BDF, 0x8C23, 0xE6F9, 0x4A53, 0x6319, 0x735D, 0x7BDF, 0x83E1,
    0xA529, 0xE6B9, 0xEF3B, 0x4211, 0x5A97, 0x739D, 0x8C23, 0xEEFB,
    0xF77D, 0x10C5, 0x290B, 0x41D1, 0x4A13, 0x5AD7, 0x6B1B, 0x0883,
};

u16 D_800DD8DC[] = {
    0x0681, 0x2109, 0x318D, 0x0741, 0x0843, 0x2109, 0x0781, 0x8CA3,
    0x1085, 0x294B, 0xB56D, 0x1907, 0x42D1, 0x3A4F, 0x5AD7, 0x6B9B,
    0x7C5F, 0x8CA3, 0x9D27, 0x9D67, 0x39CF, 0x5295, 0x4A93, 0x6B9B,
    0x7C1F, 0x8461, 0x2149, 0x4291, 0x2149, 0x4211, 0x5B17, 0xA569,
    0xA5A9, 0x314D, 0x398F, 0x4211, 0x318D, 0x4A53, 0x5B17, 0x7C1F,
    0x0441, 0x0481, 0x320D, 0x298B, 0xADEB, 0x10C5, 0x94E5, 0xFFFF,
    0x31CD, 0x0301, 0x298B, 0x294B, 0x52D5, 0x6359, 0x73DD, 0x8461,
    0x94E5, 0x29CB, 0x318D, 0x52D5, 0x6359, 0x8CE3, 0x2189, 0x0101,
    0x0843, 0x2109, 0x39CF, 0x0001, 0x5295, 0x6319, 0x0281, 0x03C1,
    0x0381, 0xBDEF, 0x02C1, 0x18C7, 0x09C3, 0xDE77, 0x0041, 0x6B5B,
    0x8461, 0x10C5, 0xA029, 0x4A93, 0x2149, 0x1907, 0x29CB, 0x2189,
    0x29CB, 0x2189, 0x298B, 0xFCC1, 0xFD41, 0xFDC1, 0xFC81, 0xFD01,
    0xE401, 0xD3C1, 0xEC01, 0xCB81, 0xA2C1, 0x7201, 0x5981, 0x8241,
    0xF441, 0xAB01, 0xB301, 0xDBC1, 0x8A41, 0x4101, 0xBB41, 0x6181,
    0x4941, 0x9281, 0x3901, 0x8C63, 0x5295, 0x39CF, 0x9AC1, 0x294B,
    0x18C7, 0xC381, 0x04E1, 0x1DC7, 0x1E07, 0x01CB, 0x020D, 0x2649,
    0x2689, 0x1E47, 0x1E07, 0x018B, 0x01CD, 0x36CD, 0x26C9, 0x2709,
    0x0149, 0x2749, 0x0109, 0x2789, 0x0083, 0x2FCB, 0x2749, 0x1D47,
    0x1D87, 0x37CD, 0x1D07, 0x1D07, 0x1405, 0x1485, 0x7BDF, 0x1345,
    0x1405, 0x1445, 0x5AD7, 0x37CD, 0x3FCF, 0x13C5, 0x8421, 0x47D1,
    0x5FD7, 0x77DD, 0x6FDB, 0x57D5, 0x0A03, 0x0B03, 0x1385, 0xA7E9,
    0x7FDF, 0x4FD3, 0x94A5, 0x0B03, 0x87E1, 0x67D9, 0xEF7B, 0xE739,
    0xDEF7, 0x0983, 0x0AC3, 0xD6B5, 0x8C63, 0x0A83, 0x8A81, 0xCE73,
    0x8421, 0x0803, 0x0943, 0x7A01, 0xC631, 0x739D, 0x0141, 0x30C1,
    0x0983, 0x0181, 0x5141, 0xBDEF, 0x1305, 0x0101, 0x0A03, 0x0000,
    0x0000, 0x0000, 0x0000, 0x0000, 0x0000, 0x0000, 0x0000, 0x0000,
    0x0000, 0x0000, 0xB800, 0x0000, 0x0000, 0x0000,
};

u16 D_800DDA88[] = {
    0xFFFF, 0xFFFF, 0xFFFF, 0xFFFF, 0xFFFF, 0xFFFF, 0xFFFF, 0xFFFF,
    0xFFFF, 0xFFFF, 0xFFFF, 0xFFFF, 0xFFFF, 0xFFFF, 0xFFFF, 0xFFFF,
    0xFFFF, 0xFFFF, 0xFFFF, 0xFFFF, 0xFFFF, 0xFFFF, 0xFFFF, 0xFFFF,
    0xFFFF, 0xFFFF, 0xFFFF, 0xFFFF, 0xFFFF, 0xFFFF, 0xFFFF, 0xFFFF,
    0xFFFF, 0xFFFF, 0xFFFF, 0xFFFF, 0xFFFF, 0xFFFF, 0xFFFF, 0xFFFF,
    0xFFFF, 0xFFFF, 0xFFFF, 0xFFFF, 0xFFFF, 0xFFFF, 0xFFFF, 0xFFFF,
    0xFFFF, 0xFFFF, 0xFFFF, 0xFFFF, 0xFFFF, 0xFFFF, 0xFFFF, 0xFFFF,
    0xFFFF, 0xFFFF, 0xFFFF, 0xFFFF, 0xFFFF, 0xFFFF, 0xFFFF, 0xFFFF,
    0xFFFF, 0xFFFF, 0xFFFF, 0xFFFF, 0xFFFF, 0xFFFF, 0xFFFF, 0xFFFF,
    0xFFFF, 0xFFFF, 0xFFFF, 0xFFFF, 0xFFFF, 0xFFFF, 0xFFFF, 0xFFFF,
    0xFFFF, 0xFFFF, 0xFFFF, 0xFFFF, 0xFFFF, 0xFFFF, 0xFFFF, 0xFFFF,
    0xFFFF, 0xFFFF, 0xFFFF, 0xFFFF, 0xFFFF, 0xFFFF, 0xFFFF, 0xFFFF,
    0xFFFF, 0xFFFF, 0xFFFF, 0xFFFF, 0xFFFF, 0xFFFF, 0xFFFF, 0xFFFF,
    0xFFFF, 0xFFFF, 0xFFFF, 0xFFFF, 0xFFFF, 0xFFFF, 0xFFFF, 0xFFFF,
    0xFFFF, 0xFFFF, 0xFFFF, 0xFFFF, 0xFFFF, 0xFFFF, 0xFFFF, 0xFFFF,
    0xFFFF, 0xFFFF, 0xFFFF, 0xFFFF, 0xFFFF, 0xFFFF, 0xFFFF, 0xFFFF,
    0xFFFF, 0xFFFF, 0xFFFF, 0xFFFF, 0xFFFF, 0xFFFF, 0xFFFF, 0xFFFF,
    0xFFFF, 0xFFFF, 0xFFFF, 0xFFFF, 0xFFFF, 0xFFFF, 0xFFFF, 0xFFFF,
    0xFFFF, 0xFFFF, 0xFFFF, 0xFFFF, 0xFFFF, 0xFFFF, 0xFFFF, 0xFFFF,
    0xFFFF, 0xFFFF, 0xFFFF, 0xFFFF, 0xFFFF, 0xFFFF, 0xFFFF, 0xFFFF,
    0xFFFF, 0xFFFF, 0xFFFF, 0xFFFF, 0xFFFF, 0xFFFF, 0xFFFF, 0xFFFF,
    0xFFFF, 0xFFFF, 0xFFFF, 0xFFFF, 0xFFFF, 0xFFFF, 0xFFFF, 0xFFFF,
    0xFFFF, 0xFFFF, 0xFFFF, 0xFFFF, 0xFFFF, 0xFFFF, 0xFFFF, 0xFFFF,
    0xFFFF, 0xFFFF, 0xFFFF, 0xFFFF, 0xFFFF, 0xFFFF, 0xFFFF, 0xFFFF,
    0xFFFF, 0xFFFF, 0xFFFF, 0xFFFF, 0xFFFF, 0xFFFF, 0xFFFF, 0xFFFF,
    0xFFFF, 0xFFFF, 0xFFFF, 0xFFFF, 0xFFFF, 0xFFFF, 0xFFFF, 0xFFFF,
    0xFFFF, 0xFFFF, 0xFFFF, 0xFFFF, 0xFFFF, 0xFFFF, 0xFFFF, 0xFFFF,
    0xFFFF, 0xFFFF, 0xFFFF, 0xFFFF, 0xFFFF, 0xFFFF, 0xFFFF, 0xFFFF,
};

u16 D_800DDC48[] = {
    0xFFFF, 0xFFFF, 0xFFFF, 0xFFFF, 0xFFFF, 0xFFFF, 0xFFFF, 0xFFFF,
    0xFFFF, 0xFFFF, 0xFFFF, 0xFFFF, 0xFFFF, 0xFFFF, 0xFFFF, 0xFFFF,
    0xFFFF, 0xFFFF, 0xFFFF, 0xFFFF, 0xFFFF, 0xFFFF, 0xFFFF, 0xFFFF,
    0xFFFF, 0xFFFF, 0xFFFF, 0xFFFF, 0xFFFF, 0xFFFF, 0xFFFF, 0xFFFF,
    0xFFFF, 0xFFFF, 0xFFFF, 0xFFFF, 0xFFFF, 0xFFFF, 0xFFFF, 0xFFFF,
    0xFFFF, 0xFFFF, 0xFFFF, 0xFFFF, 0xFFFF, 0xFFFF, 0xFFFF, 0xFFFF,
    0xFFFF, 0xFFFF, 0xFFFF, 0xFFFF, 0xFFFF, 0xFFFF, 0xFFFF, 0xFFFF,
    0xFFFF, 0xFFFF, 0xFFFF, 0xFFFF, 0xFFFF, 0xFFFF, 0xFFFF, 0xFFFF,
    0xFFFF, 0xFFFF, 0xFFFF, 0xFFFF, 0xFFFF, 0xFFFF, 0xFFFF, 0xFFFF,
    0xFFFF, 0xFFFF, 0xFFFF, 0xFFFF, 0xFFFF, 0xFFFF, 0xFFFF, 0xFFFF,
    0xFFFF, 0xFFFF, 0xFFFF, 0xFFFF, 0xFFFF, 0xFFFF, 0xFFFF, 0xFFFF,
    0xFFFF, 0xFFFF, 0xFFFF, 0xFFFF, 0xFFFF, 0xFFFF, 0xFFFF, 0xFFFF,
    0xFFFF, 0xFFFF, 0xFFFF, 0xFFFF, 0xFFFF, 0xFFFF, 0xFFFF, 0xFFFF,
    0xFFFF, 0xFFFF, 0xFFFF, 0xFFFF, 0xFFFF, 0xFFFF, 0xFFFF, 0xFFFF,
    0xFFFF, 0xFFFF, 0xFFFF, 0xFFFF, 0xFFFF, 0xFFFF, 0xFFFF, 0xFFFF,
    0xFFFF, 0xFFFF, 0xFFFF, 0xFFFF, 0xFFFF, 0xFFFF, 0xFFFF, 0xFFFF,
    0xFFFF, 0xFFFF, 0xFFFF, 0xFFFF, 0xFFFF, 0xFFFF, 0xFFFF, 0xFFFF,
    0xFFFF, 0xFFFF, 0xFFFF, 0xFFFF, 0xFFFF, 0xFFFF, 0xFFFF, 0xFFFF,
    0xFFFF, 0xFFFF, 0xFFFF, 0xFFFF, 0xFFFF, 0xFFFF, 0xFFFF, 0xFFFF,
    0xFFFF, 0xFFFF, 0xFFFF, 0xFFFF, 0xFFFF, 0xFFFF, 0xFFFF, 0xFFFF,
    0xFFFF, 0xFFFF, 0xFFFF, 0xFFFF, 0xFFFF, 0xFFFF, 0xFFFF, 0xFFFF,
    0xFFFF, 0xFFFF, 0xFFFF, 0xFFFF, 0xFFFF, 0xFFFF, 0xFFFF, 0xFFFF,
    0xFFFF, 0xFFFF, 0xFFFF, 0xFFFF, 0xFFFF, 0xFFFF, 0xFFFF, 0xFFFF,
    0xFFFF, 0xFFFF, 0xFFFF, 0xFFFF, 0xFFFF, 0xFFFF, 0xFFFF, 0xFFFF,
    0xFFFF, 0xFFFF, 0xFFFF, 0xFFFF, 0xFFFF, 0xFFFF, 0xFFFF, 0xFFFF,
    0xFFFF, 0xFFFF, 0xFFFF, 0xFFFF, 0xFFFF, 0xFFFF, 0xFFFF, 0xFFFF,
    0xFFFF, 0xFFFF, 0xFFFF, 0xFFFF, 0xFFFF, 0xFFFF, 0xFFFF, 0xFFFF,
    0xFFFF, 0xFFFF, 0xFFFF, 0xFFFF, 0xFFFF, 0xFFFF, 0xFFFF, 0xFFFF,
};

u16 D_800DDE08[] = {
    0xFFFF, 0xFFFF, 0xFFFF, 0xFFFF, 0xFFFF, 0xFFFF, 0xFFFF, 0xFFFF,
    0xFFFF, 0xFFFF, 0xFFFF, 0xFFFF, 0xFFFF, 0xFFFF, 0xFFFF, 0xFFFF,
    0xFFFF, 0xFFFF, 0xFFFF, 0xFFFF, 0xFFFF, 0xFFFF, 0xFFFF, 0xFFFF,
    0xFFFF, 0xFFFF, 0xFFFF, 0xFFFF, 0xFFFF, 0xFFFF, 0xFFFF, 0xFFFF,
    0xFFFF, 0xFFFF, 0xFFFF, 0xFFFF, 0xFFFF, 0xFFFF, 0xFFFF, 0xFFFF,
    0xFFFF, 0xFFFF, 0xFFFF, 0xFFFF, 0xFFFF, 0xFFFF, 0xFFFF, 0xFFFF,
    0xFFFF, 0xFFFF, 0xFFFF, 0xFFFF, 0xFFFF, 0xFFFF, 0xFFFF, 0xFFFF,
    0xFFFF, 0xFFFF, 0xFFFF, 0xFFFF, 0xFFFF, 0xFFFF, 0xFFFF, 0xFFFF,
    0xFFFF, 0xFFFF, 0xFFFF, 0xFFFF, 0xFFFF, 0xFFFF, 0xFFFF, 0xFFFF,
    0xFFFF, 0xFFFF, 0xFFFF, 0xFFFF, 0xFFFF, 0xFFFF, 0xFFFF, 0xFFFF,
    0xFFFF, 0xFFFF, 0xFFFF, 0xFFFF, 0xFFFF, 0xFFFF, 0xFFFF, 0xFFFF,
    0xFFFF, 0xFFFF, 0xFFFF, 0xFFFF, 0xFFFF, 0xFFFF, 0xFFFF, 0xFFFF,
    0xFFFF, 0xFFFF, 0xFFFF, 0xFFFF, 0xFFFF, 0xFFFF, 0xFFFF, 0xFFFF,
    0xFFFF, 0xFFFF, 0xFFFF, 0xFFFF, 0xFFFF, 0xFFFF, 0xFFFF, 0xFFFF,
    0xFFFF, 0xFFFF, 0xFFFF, 0xFFFF, 0xFFFF, 0xFFFF, 0xFFFF, 0xFFFF,
    0xFFFF, 0xFFFF, 0xFFFF, 0xFFFF, 0xFFFF, 0xFFFF, 0xFFFF, 0xFFFF,
    0xFFFF, 0xFFFF, 0xFFFF, 0xFFFF, 0xFFFF, 0xFFFF, 0xFFFF, 0xFFFF,
    0xFFFF, 0xFFFF, 0xFFFF, 0xFFFF, 0xFFFF, 0xFFFF, 0xFFFF, 0xFFFF,
    0xFFFF, 0xFFFF, 0xFFFF, 0xFFFF, 0xFFFF, 0xFFFF, 0xFFFF, 0xFFFF,
    0xFFFF, 0xFFFF, 0xFFFF, 0xFFFF, 0xFFFF, 0xFFFF, 0xFFFF, 0xFFFF,
    0xFFFF, 0xFFFF, 0xFFFF, 0xFFFF, 0xFFFF, 0xFFFF, 0xFFFF, 0xFFFF,
    0xFFFF, 0xFFFF, 0xFFFF, 0xFFFF, 0xFFFF, 0xFFFF, 0xFFFF, 0xFFFF,
    0xFFFF, 0xFFFF, 0xFFFF, 0xFFFF, 0xFFFF, 0xFFFF, 0xFFFF, 0xFFFF,
    0xFFFF, 0xFFFF, 0xFFFF, 0xFFFF, 0xFFFF, 0xFFFF, 0xFFFF, 0xFFFF,
    0xFFFF, 0xFFFF, 0xFFFF, 0xFFFF, 0xFFFF, 0xFFFF, 0xFFFF, 0xFFFF,
    0xFFFF, 0xFFFF, 0xFFFF, 0xFFFF, 0xFFFF, 0xFFFF, 0xFFFF, 0xFFFF,
    0xFFFF, 0xFFFF, 0xFFFF, 0xFFFF, 0xFFFF, 0xFFFF, 0xFFFF, 0xFFFF,
    0xFFFF, 0xFFFF, 0xFFFF, 0xFFFF, 0xFFFF, 0xFFFF, 0xFFFF, 0xFFFF,
};

u16 D_800DDFC8[] = {
    0xFFFF, 0xFFFF, 0xFFFF, 0xFFFF, 0xFFFF, 0xFFFF, 0xFFFF, 0xFFFF,
    0xFFFF, 0xFFFF, 0xFFFF, 0xFFFF, 0xFFFF, 0xFFFF, 0xFFFF, 0xFFFF,
    0xFFFF, 0xFFFF, 0xFFFF, 0xFFFF, 0xFFFF, 0xFFFF, 0xFFFF, 0xFFFF,
    0xFFFF, 0xFFFF, 0xFFFF, 0xFFFF, 0xFFFF, 0xFFFF, 0xFFFF, 0xFFFF,
    0xFFFF, 0xFFFF, 0xFFFF, 0xFFFF, 0xFFFF, 0xFFFF, 0xFFFF, 0xFFFF,
    0xFFFF, 0xFFFF, 0xFFFF, 0xFFFF, 0xFFFF, 0xFFFF, 0xFFFF, 0xFFFF,
    0xFFFF, 0xFFFF, 0xFFFF, 0xFFFF, 0xFFFF, 0xFFFF, 0xFFFF, 0xFFFF,
    0xFFFF, 0xFFFF, 0xFFFF, 0xFFFF, 0xFFFF, 0xFFFF, 0xFFFF, 0xFFFF,
    0xFFFF, 0xFFFF, 0xFFFF, 0xFFFF, 0xFFFF, 0xFFFF, 0xFFFF, 0xFFFF,
    0xFFFF, 0xFFFF, 0xFFFF, 0xFFFF, 0xFFFF, 0xFFFF, 0xFFFF, 0xFFFF,
    0xFFFF, 0xFFFF, 0xFFFF, 0xFFFF, 0xFFFF, 0xFFFF, 0xFFFF, 0xFFFF,
    0xFFFF, 0xFFFF, 0xFFFF, 0xFFFF, 0xFFFF, 0xFFFF, 0xFFFF, 0xFFFF,
    0xFFFF, 0xFFFF, 0xFFFF, 0xFFFF, 0xFFFF, 0xFFFF, 0xFFFF, 0xFFFF,
    0xFFFF, 0xFFFF, 0xFFFF, 0xFFFF, 0xFFFF, 0xFFFF, 0xFFFF, 0xFFFF,
    0xFFFF, 0xFFFF, 0xFFFF, 0xFFFF, 0xFFFF, 0xFFFF, 0xFFFF, 0xFFFF,
    0xFFFF, 0xFFFF, 0xFFFF, 0xFFFF, 0xFFFF, 0xFFFF, 0xFFFF, 0xFFFF,
    0xFFFF, 0xFFFF, 0xFFFF, 0xFFFF, 0xFFFF, 0xFFFF, 0xFFFF, 0xFFFF,
    0xFFFF, 0xFFFF, 0xFFFF, 0xFFFF, 0xFFFF, 0xFFFF, 0xFFFF, 0xFFFF,
    0xFFFF, 0xFFFF, 0xFFFF, 0xFFFF, 0xFFFF, 0xFFFF, 0xFFFF, 0xFFFF,
    0xFFFF, 0xFFFF, 0xFFFF, 0xFFFF, 0xFFFF, 0xFFFF, 0xFFFF, 0xFFFF,
    0xFFFF, 0xFFFF, 0xFFFF, 0xFFFF, 0xFFFF, 0xFFFF, 0xFFFF, 0xFFFF,
    0xFFFF, 0xFFFF, 0xFFFF, 0xFFFF, 0xFFFF, 0xFFFF, 0xFFFF, 0xFFFF,
    0xFFFF, 0xFFFF, 0xFFFF, 0xFFFF, 0xFFFF, 0xFFFF, 0xFFFF, 0xFFFF,
    0xFFFF, 0xFFFF, 0xFFFF, 0xFFFF, 0xFFFF, 0xFFFF, 0xFFFF, 0xFFFF,
    0xFFFF, 0xFFFF, 0xFFFF, 0xFFFF, 0xFFFF, 0xFFFF, 0xFFFF, 0xFFFF,
    0xFFFF, 0xFFFF, 0xFFFF, 0xFFFF, 0xFFFF, 0xFFFF, 0xFFFF, 0xFFFF,
    0xFFFF, 0xFFFF, 0xFFFF, 0xFFFF, 0xFFFF, 0xFFFF, 0xFFFF, 0xFFFF,
    0xFFFF, 0xFFFF, 0xFFFF, 0xFFFF, 0xFFFF, 0xFFFF, 0xFFFF, 0xFFFF,
};

u16 D_800DE188[] = {
    0xFFFF, 0xFFFF, 0xFFFF, 0xFFFF, 0xFFFF, 0xFFFF, 0xFFFF, 0xFFFF,
    0xFFFF, 0xFFFF, 0xFFFF, 0xFFFF, 0xFFFF, 0xFFFF, 0xFFFF, 0xFFFF,
    0xFFFF, 0xFFFF, 0xFFFF, 0xFFFF, 0xFFFF, 0xFFFF, 0xFFFF, 0xFFFF,
    0xFFFF, 0xFFFF, 0xFFFF, 0xFFFF,
};

u16 D_800DE1C0[] = {
    0xFFFF, 0xFFFF, 0xFFFF, 0xFFFF, 0xFFFF, 0xFFFF, 0xFFFF, 0xFFFF,
    0xFFFF, 0xFFFF, 0xFFFF, 0xFFFF, 0xFFFF, 0xFFFF, 0xFFFF, 0xFFFF,
    0xFFFF, 0xFFFF, 0xFFFF, 0xFFFF, 0xFFFF, 0xFFFF, 0xFFFF, 0xFFFF,
    0xFFFF, 0xFFFF, 0xFFFF, 0xFFFF,
};

u16 D_800DE1F8[] = {
    0xFFFF, 0xFFFF, 0xFFFF, 0xFFFF, 0xFFFF, 0xFFFF, 0xFFFF, 0xFFFF,
    0xFFFF, 0xFFFF, 0xFFFF, 0xFFFF, 0xFFFF, 0xFFFF, 0xFFFF, 0xFFFF,
    0xFFFF, 0xFFFF, 0xFFFF, 0xFFFF, 0xFFFF, 0xFFFF, 0xFFFF, 0xFFFF,
    0xFFFF, 0xFFFF, 0xFFFF, 0xFFFF,
};

u16 D_800DE230[] = {
    0xFFFF, 0xFFFF, 0xFFFF, 0xFFFF, 0xFFFF, 0xFFFF, 0xFFFF, 0xFFFF,
    0xFFFF, 0xFFFF, 0xFFFF, 0xFFFF, 0xFFFF, 0xFFFF, 0xFFFF, 0xFFFF,
    0xFFFF, 0xFFFF, 0xFFFF, 0xFFFF, 0xFFFF, 0xFFFF, 0xFFFF, 0xFFFF,
    0xFFFF, 0xFFFF, 0xFFFF, 0xFFFF,
};

u16 D_800DE268[] = {
    0xFFFF, 0xFFFF, 0xFFFF, 0xFFFF, 0xFFFF, 0xFFFF, 0xFFFF, 0xFFFF,
    0xFFFF, 0xFFFF, 0xFFFF, 0xFFFF, 0xFFFF, 0xFFFF, 0xFFFF, 0xFFFF,
    0xFFFF, 0xFFFF, 0xFFFF, 0xFFFF, 0xFFFF, 0xFFFF, 0xFFFF, 0xFFFF,
    0xFFFF, 0xFFFF, 0xFFFF, 0xFFFF,
};

u16 D_800DE2A0[] = {
    0xFFFF, 0xFFFF, 0xFFFF, 0xFFFF, 0xFFFF, 0xFFFF, 0xFFFF, 0xFFFF,
    0xFFFF, 0xFFFF, 0xFFFF, 0xFFFF, 0xFFFF, 0xFFFF, 0xFFFF, 0xFFFF,
    0xFFFF, 0xFFFF, 0xFFFF, 0xFFFF, 0xFFFF, 0xFFFF, 0xFFFF, 0xFFFF,
    0xFFFF, 0xFFFF, 0xFFFF, 0xFFFF,
};

u16 D_800DE2D8[] = {
    0xFFFF, 0xFFFF, 0xFFFF, 0xFFFF, 0xFFFF, 0xFFFF, 0xFFFF, 0xFFFF,
    0xFFFF, 0xFFFF, 0xFFFF, 0xFFFF, 0xFFFF, 0xFFFF, 0xFFFF, 0xFFFF,
    0xFFFF, 0xFFFF, 0xFFFF, 0xFFFF, 0xFFFF, 0xFFFF, 0xFFFF, 0xFFFF,
    0xFFFF, 0xFFFF, 0xFFFF, 0xFFFF,
};

u16 D_800DE310[] = {
    0xFFFF, 0xFFFF, 0xFFFF, 0xFFFF, 0xFFFF, 0xFFFF, 0xFFFF, 0xFFFF,
    0xFFFF, 0xFFFF, 0xFFFF, 0xFFFF, 0xFFFF, 0xFFFF, 0xFFFF, 0xFFFF,
    0xFFFF, 0xFFFF, 0xFFFF, 0xFFFF, 0xFFFF, 0xFFFF, 0xFFFF, 0xFFFF,
    0xFFFF, 0xFFFF, 0xFFFF, 0xFFFF,
};

u16 D_800DE348[] = {
    0xFFFF, 0xFFFF, 0xFFFF, 0xFFFF, 0xFFFF, 0xFFFF, 0xFFFF, 0xFFFF,
    0xFFFF, 0xFFFF, 0xFFFF, 0xFFFF, 0xFFFF, 0xFFFF, 0xFFFF, 0xFFFF,
    0xFFFF, 0xFFFF, 0xFFFF, 0xFFFF, 0xFFFF, 0xFFFF, 0xFFFF, 0xFFFF,
    0xFFFF, 0xFFFF, 0xFFFF, 0xFFFF, 0xFFFF, 0xFFFF, 0xFFFF, 0xFFFF,
    0xFFFF, 0xFFFF, 0xFFFF, 0xFFFF, 0xFFFF, 0xFFFF, 0xFFFF, 0xFFFF,
    0xFFFF, 0xFFFF, 0xFFFF, 0xFFFF, 0xFFFF, 0xFFFF, 0xFFFF, 0xFFFF,
    0xFFFF, 0xFFFF, 0xFFFF, 0xFFFF, 0xFFFF, 0xFFFF, 0xFFFF, 0xFFFF,
    0xFFFF, 0xFFFF, 0xFFFF, 0xFFFF, 0xFFFF, 0xFFFF, 0xFFFF, 0xFFFF,
    0xFFFF, 0xFFFF, 0xFFFF, 0xFFFF, 0xFFFF, 0xFFFF, 0xFFFF, 0xFFFF,
    0xFFFF, 0xFFFF, 0xFFFF, 0xFFFF, 0xFFFF, 0xFFFF, 0xFFFF, 0xFFFF,
    0xFFFF, 0xFFFF, 0xFFFF, 0xFFFF, 0xFFFF, 0xFFFF, 0xFFFF, 0xFFFF,
    0xFFFF, 0xFFFF, 0xFFFF, 0xFFFF, 0xFFFF, 0xFFFF, 0xFFFF, 0xFFFF,
    0xFFFF, 0xFFFF, 0xFFFF, 0xFFFF, 0xFFFF, 0xFFFF, 0xFFFF, 0xFFFF,
    0xFFFF, 0xFFFF, 0xFFFF, 0xFFFF, 0xFFFF, 0xFFFF, 0xFFFF, 0xFFFF,
    0xFFFF, 0xFFFF, 0xFFFF, 0xFFFF, 0xFFFF, 0xFFFF, 0xFFFF, 0xFFFF,
    0xFFFF, 0xFFFF, 0xFFFF, 0xFFFF, 0xFFFF, 0xFFFF, 0xFFFF, 0xFFFF,
    0xFFFF, 0xFFFF, 0xFFFF, 0xFFFF, 0xFFFF, 0xFFFF, 0xFFFF, 0xFFFF,
    0xFFFF, 0xFFFF, 0xFFFF, 0xFFFF, 0xFFFF, 0xFFFF, 0xFFFF, 0xFFFF,
    0xFFFF, 0xFFFF, 0xFFFF, 0xFFFF, 0xFFFF, 0xFFFF, 0xFFFF, 0xFFFF,
    0xFFFF, 0xFFFF, 0xFFFF, 0xFFFF, 0xFFFF, 0xFFFF, 0xFFFF, 0xFFFF,
    0xFFFF, 0xFFFF, 0xFFFF, 0xFFFF, 0xFFFF, 0xFFFF, 0xFFFF, 0xFFFF,
    0xFFFF, 0xFFFF, 0xFFFF, 0xFFFF, 0xFFFF, 0xFFFF, 0xFFFF, 0xFFFF,
    0xFFFF, 0xFFFF, 0xFFFF, 0xFFFF, 0xFFFF, 0xFFFF, 0xFFFF, 0xFFFF,
    0xFFFF, 0xFFFF, 0xFFFF, 0xFFFF, 0xFFFF, 0xFFFF, 0xFFFF, 0xFFFF,
    0xFFFF, 0xFFFF, 0xFFFF, 0xFFFF, 0xFFFF, 0xFFFF, 0xFFFF, 0xFFFF,
    0xFFFF, 0xFFFF, 0xFFFF, 0xFFFF, 0xFFFF, 0xFFFF, 0xFFFF, 0xFFFF,
    0xFFFF, 0xFFFF, 0xFFFF, 0xFFFF, 0xFFFF, 0xFFFF, 0xFFFF, 0xFFFF,
    0xFFFF, 0xFFFF, 0xFFFF, 0xFFFF, 0xFFFF, 0xFFFF, 0xFFFF, 0xFFFF,
};

u16 D_800DE508[] = {
    0xFFFF, 0xFFFF, 0xFFFF, 0xFFFF, 0xFFFF, 0xFFFF, 0xFFFF, 0xFFFF,
    0xFFFF, 0xFFFF, 0xFFFF, 0xFFFF, 0xFFFF, 0xFFFF, 0xFFFF, 0xFFFF,
    0xFFFF, 0xFFFF, 0xFFFF, 0xFFFF, 0xFFFF, 0xFFFF, 0xFFFF, 0xFFFF,
    0xFFFF, 0xFFFF, 0xFFFF, 0xFFFF,
};

u16 D_800DE540[] = {
    0xFFFF, 0xFFFF, 0xFFFF, 0xFFFF, 0xFFFF, 0xFFFF, 0xFFFF, 0xFFFF,
    0xFFFF, 0xFFFF, 0xFFFF, 0xFFFF, 0xFFFF, 0xFFFF, 0xFFFF, 0xFFFF,
    0xFFFF, 0xFFFF, 0xFFFF, 0xFFFF, 0xFFFF, 0xFFFF, 0xFFFF, 0xFFFF,
    0xFFFF, 0xFFFF, 0xFFFF, 0xFFFF,
};

u16 D_800DE578[] = {
    0xFFFF, 0xFFFF, 0xFFFF, 0xFFFF, 0xFFFF, 0xFFFF, 0xFFFF, 0xFFFF,
    0xFFFF, 0xFFFF, 0xFFFF, 0xFFFF, 0xFFFF, 0xFFFF, 0xFFFF, 0xFFFF,
    0xFFFF, 0xFFFF, 0xFFFF, 0xFFFF, 0xFFFF, 0xFFFF, 0xFFFF, 0xFFFF,
    0xFFFF, 0xFFFF, 0xFFFF, 0xFFFF,
};

u16 D_800DE5B0[] = {
    0xFFFF, 0xFFFF, 0xFFFF, 0xFFFF, 0xFFFF, 0xFFFF, 0xFFFF, 0xFFFF,
    0xFFFF, 0xFFFF, 0xFFFF, 0xFFFF, 0xFFFF, 0xFFFF, 0xFFFF, 0xFFFF,
    0xFFFF, 0xFFFF, 0xFFFF, 0xFFFF, 0xFFFF, 0xFFFF, 0xFFFF, 0xFFFF,
    0xFFFF, 0xFFFF, 0xFFFF, 0xFFFF,
};

u16 D_800DE5E8[] = {
    0xFFFF, 0xFFFF, 0xFFFF, 0xFFFF, 0xFFFF, 0xFFFF, 0xFFFF, 0xFFFF,
    0xFFFF, 0xFFFF, 0xFFFF, 0xFFFF, 0xFFFF, 0xFFFF, 0xFFFF, 0xFFFF,
    0xFFFF, 0xFFFF, 0xFFFF, 0xFFFF, 0xFFFF, 0xFFFF, 0xFFFF, 0xFFFF,
    0xFFFF, 0xFFFF, 0xFFFF, 0xFFFF,
};

u16 D_800DE620[] = {
    0xFFFF, 0xFFFF, 0xFFFF, 0xFFFF, 0xFFFF, 0xFFFF, 0xFFFF, 0xFFFF,
    0xFFFF, 0xFFFF, 0xFFFF, 0xFFFF, 0xFFFF, 0xFFFF, 0xFFFF, 0xFFFF,
    0xFFFF, 0xFFFF, 0xFFFF, 0xFFFF, 0xFFFF, 0xFFFF, 0xFFFF, 0xFFFF,
    0xFFFF, 0xFFFF, 0xFFFF, 0xFFFF,
};

u16 D_800DE658[] = {
    0xFFFF, 0xFFFF, 0xFFFF, 0xFFFF, 0xFFFF, 0xFFFF, 0xFFFF, 0xFFFF,
    0xFFFF, 0xFFFF, 0xFFFF, 0xFFFF, 0xFFFF, 0xFFFF, 0xFFFF, 0xFFFF,
    0xFFFF, 0xFFFF, 0xFFFF, 0xFFFF, 0xFFFF, 0xFFFF, 0xFFFF, 0xFFFF,
    0xFFFF, 0xFFFF, 0xFFFF, 0xFFFF,
};

u16 D_800DE690[] = {
    0xFFFF, 0xFFFF, 0xFFFF, 0xFFFF, 0xFFFF, 0xFFFF, 0xFFFF, 0xFFFF,
    0xFFFF, 0xFFFF, 0xFFFF, 0xFFFF, 0xFFFF, 0xFFFF, 0xFFFF, 0xFFFF,
    0xFFFF, 0xFFFF, 0xFFFF, 0xFFFF, 0xFFFF, 0xFFFF, 0xFFFF, 0xFFFF,
    0xFFFF, 0xFFFF, 0xFFFF, 0xFFFF,
};

u16 D_800DE6C8[] = {
    0xFFFF, 0xFFFF, 0xFFFF, 0xFFFF, 0xFFFF, 0xFFFF, 0xFFFF, 0xFFFF,
    0xFFFF, 0xFFFF, 0xFFFF, 0xFFFF, 0xFFFF, 0xFFFF, 0xFFFF, 0xFFFF,
    0xFFFF, 0xFFFF, 0xFFFF, 0xFFFF, 0xFFFF, 0xFFFF, 0xFFFF, 0xFFFF,
    0xFFFF, 0xFFFF, 0xFFFF, 0xFFFF, 0xFFFF, 0xFFFF, 0xFFFF, 0xFFFF,
    0xFFFF, 0xFFFF, 0xFFFF, 0xFFFF, 0xFFFF, 0xFFFF, 0xFFFF, 0xFFFF,
    0xFFFF, 0xFFFF, 0xFFFF, 0xFFFF, 0xFFFF, 0xFFFF, 0xFFFF, 0xFFFF,
    0xFFFF, 0xFFFF, 0xFFFF, 0xFFFF, 0xFFFF, 0xFFFF, 0xFFFF, 0xFFFF,
    0xFFFF, 0xFFFF, 0xFFFF, 0xFFFF, 0xFFFF, 0xFFFF, 0xFFFF, 0xFFFF,
    0xFFFF, 0xFFFF, 0xFFFF, 0xFFFF, 0xFFFF, 0xFFFF, 0xFFFF, 0xFFFF,
    0xFFFF, 0xFFFF, 0xFFFF, 0xFFFF, 0xFFFF, 0xFFFF, 0xFFFF, 0xFFFF,
    0xFFFF, 0xFFFF, 0xFFFF, 0xFFFF, 0xFFFF, 0xFFFF, 0xFFFF, 0xFFFF,
    0xFFFF, 0xFFFF, 0xFFFF, 0xFFFF, 0xFFFF, 0xFFFF, 0xFFFF, 0xFFFF,
    0xFFFF, 0xFFFF, 0xFFFF, 0xFFFF, 0xFFFF, 0xFFFF, 0xFFFF, 0xFFFF,
    0xFFFF, 0xFFFF, 0xFFFF, 0xFFFF, 0xFFFF, 0xFFFF, 0xFFFF, 0xFFFF,
    0xFFFF, 0xFFFF, 0xFFFF, 0xFFFF, 0xFFFF, 0xFFFF, 0xFFFF, 0xFFFF,
    0xFFFF, 0xFFFF, 0xFFFF, 0xFFFF, 0xFFFF, 0xFFFF, 0xFFFF, 0xFFFF,
    0xFFFF, 0xFFFF, 0xFFFF, 0xFFFF, 0xFFFF, 0xFFFF, 0xFFFF, 0xFFFF,
    0xFFFF, 0xFFFF, 0xFFFF, 0xFFFF, 0xFFFF, 0xFFFF, 0xFFFF, 0xFFFF,
    0xFFFF, 0xFFFF, 0xFFFF, 0xFFFF, 0xFFFF, 0xFFFF, 0xFFFF, 0xFFFF,
    0xFFFF, 0xFFFF, 0xFFFF, 0xFFFF, 0xFFFF, 0xFFFF, 0xFFFF, 0xFFFF,
    0xFFFF, 0xFFFF, 0xFFFF, 0xFFFF, 0xFFFF, 0xFFFF, 0xFFFF, 0xFFFF,
    0xFFFF, 0xFFFF, 0xFFFF, 0xFFFF, 0xFFFF, 0xFFFF, 0xFFFF, 0xFFFF,
    0xFFFF, 0xFFFF, 0xFFFF, 0xFFFF, 0xFFFF, 0xFFFF, 0xFFFF, 0xFFFF,
    0xFFFF, 0xFFFF, 0xFFFF, 0xFFFF, 0xFFFF, 0xFFFF, 0xFFFF, 0xFFFF,
    0xFFFF, 0xFFFF, 0xFFFF, 0xFFFF, 0xFFFF, 0xFFFF, 0xFFFF, 0xFFFF,
    0xFFFF, 0xFFFF, 0xFFFF, 0xFFFF, 0xFFFF, 0xFFFF, 0xFFFF, 0xFFFF,
    0xFFFF, 0xFFFF, 0xFFFF, 0xFFFF, 0xFFFF, 0xFFFF, 0xFFFF, 0xFFFF,
    0xFFFF, 0xFFFF, 0xFFFF, 0xFFFF, 0xFFFF, 0xFFFF, 0xFFFF, 0xFFFF,
};

u16 D_800DE888[] = {
    0xFFFF, 0xFFFF, 0xFFFF, 0xFFFF, 0xFFFF, 0xFFFF, 0xFFFF, 0xFFFF,
    0xFFFF, 0xFFFF, 0xFFFF, 0xFFFF, 0xFFFF, 0xFFFF, 0xFFFF, 0xFFFF,
    0xFFFF, 0xFFFF, 0xFFFF, 0xFFFF, 0xFFFF, 0xFFFF, 0xFFFF, 0xFFFF,
    0xFFFF, 0xFFFF, 0xFFFF, 0xFFFF, 0xFFFF, 0xFFFF, 0xFFFF, 0xFFFF,
    0xFFFF, 0xFFFF, 0xFFFF, 0xFFFF, 0xFFFF, 0xFFFF, 0xFFFF, 0xFFFF,
    0xFFFF, 0xFFFF, 0xFFFF, 0xFFFF, 0xFFFF, 0xFFFF, 0xFFFF, 0xFFFF,
    0xFFFF, 0xFFFF, 0xFFFF, 0xFFFF, 0xFFFF, 0xFFFF, 0xFFFF, 0xFFFF,
    0xFFFF, 0xFFFF, 0xFFFF, 0xFFFF, 0xFFFF, 0xFFFF, 0xFFFF, 0xFFFF,
    0xFFFF, 0xFFFF, 0xFFFF, 0xFFFF, 0xFFFF, 0xFFFF, 0xFFFF, 0xFFFF,
    0xFFFF, 0xFFFF, 0xFFFF, 0xFFFF, 0xFFFF, 0xFFFF, 0xFFFF, 0xFFFF,
    0xFFFF, 0xFFFF, 0xFFFF, 0xFFFF, 0xFFFF, 0xFFFF, 0xFFFF, 0xFFFF,
    0xFFFF, 0xFFFF, 0xFFFF, 0xFFFF, 0xFFFF, 0xFFFF, 0xFFFF, 0xFFFF,
    0xFFFF, 0xFFFF, 0xFFFF, 0xFFFF, 0xFFFF, 0xFFFF, 0xFFFF, 0xFFFF,
    0xFFFF, 0xFFFF, 0xFFFF, 0xFFFF, 0xFFFF, 0xFFFF, 0xFFFF, 0xFFFF,
    0xFFFF, 0xFFFF, 0xFFFF, 0xFFFF, 0xFFFF, 0xFFFF, 0xFFFF, 0xFFFF,
    0xFFFF, 0xFFFF, 0xFFFF, 0xFFFF, 0xFFFF, 0xFFFF, 0xFFFF, 0xFFFF,
    0xFFFF, 0xFFFF, 0xFFFF, 0xFFFF, 0xFFFF, 0xFFFF, 0xFFFF, 0xFFFF,
    0xFFFF, 0xFFFF, 0xFFFF, 0xFFFF, 0xFFFF, 0xFFFF, 0xFFFF, 0xFFFF,
    0xFFFF, 0xFFFF, 0xFFFF, 0xFFFF, 0xFFFF, 0xFFFF, 0xFFFF, 0xFFFF,
    0xFFFF, 0xFFFF, 0xFFFF, 0xFFFF, 0xFFFF, 0xFFFF, 0xFFFF, 0xFFFF,
    0xFFFF, 0xFFFF, 0xFFFF, 0xFFFF, 0xFFFF, 0xFFFF, 0xFFFF, 0xFFFF,
    0xFFFF, 0xFFFF, 0xFFFF, 0xFFFF, 0xFFFF, 0xFFFF, 0xFFFF, 0xFFFF,
    0xFFFF, 0xFFFF, 0xFFFF, 0xFFFF, 0xFFFF, 0xFFFF, 0xFFFF, 0xFFFF,
    0xFFFF, 0xFFFF, 0xFFFF, 0xFFFF, 0xFFFF, 0xFFFF, 0xFFFF, 0xFFFF,
    0xFFFF, 0xFFFF, 0xFFFF, 0xFFFF, 0xFFFF, 0xFFFF, 0xFFFF, 0xFFFF,
    0xFFFF, 0xFFFF, 0xFFFF, 0xFFFF, 0xFFFF, 0xFFFF, 0xFFFF, 0xFFFF,
    0xFFFF, 0xFFFF, 0xFFFF, 0xFFFF, 0xFFFF, 0xFFFF, 0xFFFF, 0xFFFF,
    0xFFFF, 0xFFFF, 0xFFFF, 0xFFFF, 0xFFFF, 0xFFFF, 0xFFFF, 0xFFFF,
};

u16 D_800DEA48[] = {
    0xFFFF, 0xFFFF, 0xFFFF, 0xFFFF, 0xFFFF, 0xFFFF, 0xFFFF, 0xFFFF,
    0xFFFF, 0xFFFF, 0xFFFF, 0xFFFF, 0xFFFF, 0xFFFF, 0xFFFF, 0xFFFF,
    0xFFFF, 0xFFFF, 0xFFFF, 0xFFFF, 0xFFFF, 0xFFFF, 0xFFFF, 0xFFFF,
    0xFFFF, 0xFFFF, 0xFFFF, 0xFFFF, 0xFFFF, 0xFFFF, 0xFFFF, 0xFFFF,
    0xFFFF, 0xFFFF, 0xFFFF, 0xFFFF, 0xFFFF, 0xFFFF, 0xFFFF, 0xFFFF,
    0xFFFF, 0xFFFF, 0xFFFF, 0xFFFF, 0xFFFF, 0xFFFF, 0xFFFF, 0xFFFF,
    0xFFFF, 0xFFFF, 0xFFFF, 0xFFFF, 0xFFFF, 0xFFFF, 0xFFFF, 0xFFFF,
    0xFFFF, 0xFFFF, 0xFFFF, 0xFFFF, 0xFFFF, 0xFFFF, 0xFFFF, 0xFFFF,
    0xFFFF, 0xFFFF, 0xFFFF, 0xFFFF, 0xFFFF, 0xFFFF, 0xFFFF, 0xFFFF,
    0xFFFF, 0xFFFF, 0xFFFF, 0xFFFF, 0xFFFF, 0xFFFF, 0xFFFF, 0xFFFF,
    0xFFFF, 0xFFFF, 0xFFFF, 0xFFFF, 0xFFFF, 0xFFFF, 0xFFFF, 0xFFFF,
    0xFFFF, 0xFFFF, 0xFFFF, 0xFFFF, 0xFFFF, 0xFFFF, 0xFFFF, 0xFFFF,
    0xFFFF, 0xFFFF, 0xFFFF, 0xFFFF, 0xFFFF, 0xFFFF, 0xFFFF, 0xFFFF,
    0xFFFF, 0xFFFF, 0xFFFF, 0xFFFF, 0xFFFF, 0xFFFF, 0xFFFF, 0xFFFF,
    0xFFFF, 0xFFFF, 0xFFFF, 0xFFFF, 0xFFFF, 0xFFFF, 0xFFFF, 0xFFFF,
    0xFFFF, 0xFFFF, 0xFFFF, 0xFFFF, 0xFFFF, 0xFFFF, 0xFFFF, 0xFFFF,
    0xFFFF, 0xFFFF, 0xFFFF, 0xFFFF, 0xFFFF, 0xFFFF, 0xFFFF, 0xFFFF,
    0xFFFF, 0xFFFF, 0xFFFF, 0xFFFF, 0xFFFF, 0xFFFF, 0xFFFF, 0xFFFF,
    0xFFFF, 0xFFFF, 0xFFFF, 0xFFFF, 0xFFFF, 0xFFFF, 0xFFFF, 0xFFFF,
    0xFFFF, 0xFFFF, 0xFFFF, 0xFFFF, 0xFFFF, 0xFFFF, 0xFFFF, 0xFFFF,
    0xFFFF, 0xFFFF, 0xFFFF, 0xFFFF, 0xFFFF, 0xFFFF, 0xFFFF, 0xFFFF,
    0xFFFF, 0xFFFF, 0xFFFF, 0xFFFF, 0xFFFF, 0xFFFF, 0xFFFF, 0xFFFF,
    0xFFFF, 0xFFFF, 0xFFFF, 0xFFFF, 0xFFFF, 0xFFFF, 0xFFFF, 0xFFFF,
    0xFFFF, 0xFFFF, 0xFFFF, 0xFFFF, 0xFFFF, 0xFFFF, 0xFFFF, 0xFFFF,
    0xFFFF, 0xFFFF, 0xFFFF, 0xFFFF, 0xFFFF, 0xFFFF, 0xFFFF, 0xFFFF,
    0xFFFF, 0xFFFF, 0xFFFF, 0xFFFF, 0xFFFF, 0xFFFF, 0xFFFF, 0xFFFF,
    0xFFFF, 0xFFFF, 0xFFFF, 0xFFFF, 0xFFFF, 0xFFFF, 0xFFFF, 0xFFFF,
    0xFFFF, 0xFFFF, 0xFFFF, 0xFFFF, 0xFFFF, 0xFFFF, 0xFFFF, 0xFFFF,
};

u16 D_800DEC08[] = {
    0xFFFF, 0xFFFF, 0xFFFF, 0xFFFF, 0xFFFF, 0xFFFF, 0xFFFF, 0xFFFF,
    0xFFFF, 0xFFFF, 0xFFFF, 0xFFFF, 0xFFFF, 0xFFFF, 0xFFFF, 0xFFFF,
    0xFFFF, 0xFFFF, 0xFFFF, 0xFFFF, 0xFFFF, 0xFFFF, 0xFFFF, 0xFFFF,
    0xFFFF, 0xFFFF, 0xFFFF, 0xFFFF, 0xFFFF, 0xFFFF, 0xFFFF, 0xFFFF,
    0xFFFF, 0xFFFF, 0xFFFF, 0xFFFF, 0xFFFF, 0xFFFF, 0xFFFF, 0xFFFF,
    0xFFFF, 0xFFFF, 0xFFFF, 0xFFFF, 0xFFFF, 0xFFFF, 0xFFFF, 0xFFFF,
    0xFFFF, 0xFFFF, 0xFFFF, 0xFFFF, 0xFFFF, 0xFFFF, 0xFFFF, 0xFFFF,
    0xFFFF, 0xFFFF, 0xFFFF, 0xFFFF, 0xFFFF, 0xFFFF, 0xFFFF, 0xFFFF,
    0xFFFF, 0xFFFF, 0xFFFF, 0xFFFF, 0xFFFF, 0xFFFF, 0xFFFF, 0xFFFF,
    0xFFFF, 0xFFFF, 0xFFFF, 0xFFFF, 0xFFFF, 0xFFFF, 0xFFFF, 0xFFFF,
    0xFFFF, 0xFFFF, 0xFFFF, 0xFFFF, 0xFFFF, 0xFFFF, 0xFFFF, 0xFFFF,
    0xFFFF, 0xFFFF, 0xFFFF, 0xFFFF, 0xFFFF, 0xFFFF, 0xFFFF, 0xFFFF,
    0xFFFF, 0xFFFF, 0xFFFF, 0xFFFF, 0xFFFF, 0xFFFF, 0xFFFF, 0xFFFF,
    0xFFFF, 0xFFFF, 0xFFFF, 0xFFFF, 0xFFFF, 0xFFFF, 0xFFFF, 0xFFFF,
    0xFFFF, 0xFFFF, 0xFFFF, 0xFFFF, 0xFFFF, 0xFFFF, 0xFFFF, 0xFFFF,
    0xFFFF, 0xFFFF, 0xFFFF, 0xFFFF, 0xFFFF, 0xFFFF, 0xFFFF, 0xFFFF,
    0xFFFF, 0xFFFF, 0xFFFF, 0xFFFF, 0xFFFF, 0xFFFF, 0xFFFF, 0xFFFF,
    0xFFFF, 0xFFFF, 0xFFFF, 0xFFFF, 0xFFFF, 0xFFFF, 0xFFFF, 0xFFFF,
    0xFFFF, 0xFFFF, 0xFFFF, 0xFFFF, 0xFFFF, 0xFFFF, 0xFFFF, 0xFFFF,
    0xFFFF, 0xFFFF, 0xFFFF, 0xFFFF, 0xFFFF, 0xFFFF, 0xFFFF, 0xFFFF,
    0xFFFF, 0xFFFF, 0xFFFF, 0xFFFF, 0xFFFF, 0xFFFF, 0xFFFF, 0xFFFF,
    0xFFFF, 0xFFFF, 0xFFFF, 0xFFFF, 0xFFFF, 0xFFFF, 0xFFFF, 0xFFFF,
    0xFFFF, 0xFFFF, 0xFFFF, 0xFFFF, 0xFFFF, 0xFFFF, 0xFFFF, 0xFFFF,
    0xFFFF, 0xFFFF, 0xFFFF, 0xFFFF, 0xFFFF, 0xFFFF, 0xFFFF, 0xFFFF,
    0xFFFF, 0xFFFF, 0xFFFF, 0xFFFF, 0xFFFF, 0xFFFF, 0xFFFF, 0xFFFF,
    0xFFFF, 0xFFFF, 0xFFFF, 0xFFFF, 0xFFFF, 0xFFFF, 0xFFFF, 0xFFFF,
    0xFFFF, 0xFFFF, 0xFFFF, 0xFFFF, 0xFFFF, 0xFFFF, 0xFFFF, 0xFFFF,
    0xFFFF, 0xFFFF, 0xFFFF, 0xFFFF, 0xFFFF, 0xFFFF, 0xFFFF, 0xFFFF,
};

u16 D_800DEDC8[] = {
    0xFFFF, 0xFFFF, 0xFFFF, 0xFFFF, 0xFFFF, 0xFFFF, 0xFFFF, 0xFFFF,
    0xFFFF, 0xFFFF, 0xFFFF, 0xFFFF, 0xFFFF, 0xFFFF, 0xFFFF, 0xFFFF,
    0xFFFF, 0xFFFF, 0xFFFF, 0xFFFF, 0xFFFF, 0xFFFF, 0xFFFF, 0xFFFF,
    0xFFFF, 0xFFFF, 0xFFFF, 0xFFFF, 0xFFFF, 0xFFFF, 0xFFFF, 0xFFFF,
    0xFFFF, 0xFFFF, 0xFFFF, 0xFFFF, 0xFFFF, 0xFFFF, 0xFFFF, 0xFFFF,
    0xFFFF, 0xFFFF, 0xFFFF, 0xFFFF, 0xFFFF, 0xFFFF, 0xFFFF, 0xFFFF,
    0xFFFF, 0xFFFF, 0xFFFF, 0xFFFF, 0xFFFF, 0xFFFF, 0xFFFF, 0xFFFF,
    0xFFFF, 0xFFFF, 0xFFFF, 0xFFFF, 0xFFFF, 0xFFFF, 0xFFFF, 0xFFFF,
    0xFFFF, 0xFFFF, 0xFFFF, 0xFFFF, 0xFFFF, 0xFFFF, 0xFFFF, 0xFFFF,
    0xFFFF, 0xFFFF, 0xFFFF, 0xFFFF, 0xFFFF, 0xFFFF, 0xFFFF, 0xFFFF,
    0xFFFF, 0xFFFF, 0xFFFF, 0xFFFF, 0xFFFF, 0xFFFF, 0xFFFF, 0xFFFF,
    0xFFFF, 0xFFFF, 0xFFFF, 0xFFFF, 0xFFFF, 0xFFFF, 0xFFFF, 0xFFFF,
    0xFFFF, 0xFFFF, 0xFFFF, 0xFFFF, 0xFFFF, 0xFFFF, 0xFFFF, 0xFFFF,
    0xFFFF, 0xFFFF, 0xFFFF, 0xFFFF, 0xFFFF, 0xFFFF, 0xFFFF, 0xFFFF,
    0xFFFF, 0xFFFF, 0xFFFF, 0xFFFF, 0xFFFF, 0xFFFF, 0xFFFF, 0xFFFF,
    0xFFFF, 0xFFFF, 0xFFFF, 0xFFFF, 0xFFFF, 0xFFFF, 0xFFFF, 0xFFFF,
    0xFFFF, 0xFFFF, 0xFFFF, 0xFFFF, 0xFFFF, 0xFFFF, 0xFFFF, 0xFFFF,
    0xFFFF, 0xFFFF, 0xFFFF, 0xFFFF, 0xFFFF, 0xFFFF, 0xFFFF, 0xFFFF,
    0xFFFF, 0xFFFF, 0xFFFF, 0xFFFF, 0xFFFF, 0xFFFF, 0xFFFF, 0xFFFF,
    0xFFFF, 0xFFFF, 0xFFFF, 0xFFFF, 0xFFFF, 0xFFFF, 0xFFFF, 0xFFFF,
    0xFFFF, 0xFFFF, 0xFFFF, 0xFFFF, 0xFFFF, 0xFFFF, 0xFFFF, 0xFFFF,
    0xFFFF, 0xFFFF, 0xFFFF, 0xFFFF, 0xFFFF, 0xFFFF, 0xFFFF, 0xFFFF,
    0xFFFF, 0xFFFF, 0xFFFF, 0xFFFF, 0xFFFF, 0xFFFF, 0xFFFF, 0xFFFF,
    0xFFFF, 0xFFFF, 0xFFFF, 0xFFFF, 0xFFFF, 0xFFFF, 0xFFFF, 0xFFFF,
    0xFFFF, 0xFFFF, 0xFFFF, 0xFFFF, 0xFFFF, 0xFFFF, 0xFFFF, 0xFFFF,
    0xFFFF, 0xFFFF, 0xFFFF, 0xFFFF, 0xFFFF, 0xFFFF, 0xFFFF, 0xFFFF,
    0xFFFF, 0xFFFF, 0xFFFF, 0xFFFF, 0xFFFF, 0xFFFF, 0xFFFF, 0xFFFF,
    0xFFFF, 0xFFFF, 0xFFFF, 0xFFFF, 0xFFFF, 0xFFFF, 0xFFFF, 0xFFFF,
};

u16 D_800DEF88[] = {
    0xFFFF, 0xFFFF, 0xFFFF, 0xFFFF, 0xFFFF, 0xFFFF, 0xFFFF, 0xFFFF,
    0xFFFF, 0xFFFF, 0xFFFF, 0xFFFF, 0xFFFF, 0xFFFF, 0xFFFF, 0xFFFF,
    0xFFFF, 0xFFFF, 0xFFFF, 0xFFFF, 0xFFFF, 0xFFFF, 0xFFFF, 0xFFFF,
    0xFFFF, 0xFFFF, 0xFFFF, 0xFFFF, 0xFFFF, 0xFFFF, 0xFFFF, 0xFFFF,
    0xFFFF, 0xFFFF, 0xFFFF, 0xFFFF, 0xFFFF, 0xFFFF, 0xFFFF, 0xFFFF,
    0xFFFF, 0xFFFF, 0xFFFF, 0xFFFF, 0xFFFF, 0xFFFF, 0xFFFF, 0xFFFF,
    0xFFFF, 0xFFFF, 0xFFFF, 0xFFFF, 0xFFFF, 0xFFFF, 0xFFFF, 0xFFFF,
    0xFFFF, 0xFFFF, 0xFFFF, 0xFFFF, 0xFFFF, 0xFFFF, 0xFFFF, 0xFFFF,
    0xFFFF, 0xFFFF, 0xFFFF, 0xFFFF, 0xFFFF, 0xFFFF, 0xFFFF, 0xFFFF,
    0xFFFF, 0xFFFF, 0xFFFF, 0xFFFF, 0xFFFF, 0xFFFF, 0xFFFF, 0xFFFF,
    0xFFFF, 0xFFFF, 0xFFFF, 0xFFFF, 0xFFFF, 0xFFFF, 0xFFFF, 0xFFFF,
    0xFFFF, 0xFFFF, 0xFFFF, 0xFFFF, 0xFFFF, 0xFFFF, 0xFFFF, 0xFFFF,
    0xFFFF, 0xFFFF, 0xFFFF, 0xFFFF, 0xFFFF, 0xFFFF, 0xFFFF, 0xFFFF,
    0xFFFF, 0xFFFF, 0xFFFF, 0xFFFF, 0xFFFF, 0xFFFF, 0xFFFF, 0xFFFF,
    0xFFFF, 0xFFFF, 0xFFFF, 0xFFFF, 0xFFFF, 0xFFFF, 0xFFFF, 0xFFFF,
    0xFFFF, 0xFFFF, 0xFFFF, 0xFFFF, 0xFFFF, 0xFFFF, 0xFFFF, 0xFFFF,
    0xFFFF, 0xFFFF, 0xFFFF, 0xFFFF, 0xFFFF, 0xFFFF, 0xFFFF, 0xFFFF,
    0xFFFF, 0xFFFF, 0xFFFF, 0xFFFF, 0xFFFF, 0xFFFF, 0xFFFF, 0xFFFF,
    0xFFFF, 0xFFFF, 0xFFFF, 0xFFFF, 0xFFFF, 0xFFFF, 0xFFFF, 0xFFFF,
    0xFFFF, 0xFFFF, 0xFFFF, 0xFFFF, 0xFFFF, 0xFFFF, 0xFFFF, 0xFFFF,
    0xFFFF, 0xFFFF, 0xFFFF, 0xFFFF, 0xFFFF, 0xFFFF, 0xFFFF, 0xFFFF,
    0xFFFF, 0xFFFF, 0xFFFF, 0xFFFF, 0xFFFF, 0xFFFF, 0xFFFF, 0xFFFF,
    0xFFFF, 0xFFFF, 0xFFFF, 0xFFFF, 0xFFFF, 0xFFFF, 0xFFFF, 0xFFFF,
    0xFFFF, 0xFFFF, 0xFFFF, 0xFFFF, 0xFFFF, 0xFFFF, 0xFFFF, 0xFFFF,
    0xFFFF, 0xFFFF, 0xFFFF, 0xFFFF, 0xFFFF, 0xFFFF, 0xFFFF, 0xFFFF,
    0xFFFF, 0xFFFF, 0xFFFF, 0xFFFF, 0xFFFF, 0xFFFF, 0xFFFF, 0xFFFF,
    0xFFFF, 0xFFFF, 0xFFFF, 0xFFFF, 0xFFFF, 0xFFFF, 0xFFFF, 0xFFFF,
    0xFFFF, 0xFFFF, 0xFFFF, 0xFFFF, 0xFFFF, 0xFFFF, 0xFFFF, 0xFFFF,
};

u16 D_800DF148[] = {
    0xFFFF, 0xFFFF, 0xFFFF, 0xFFFF, 0xFFFF, 0xFFFF, 0xFFFF, 0xFFFF,
    0xFFFF, 0xFFFF, 0xFFFF, 0xFFFF, 0xFFFF, 0xFFFF, 0xFFFF, 0xFFFF,
    0xFFFF, 0xFFFF, 0xFFFF, 0xFFFF, 0xFFFF, 0xFFFF, 0xFFFF, 0xFFFF,
    0xFFFF, 0xFFFF, 0xFFFF, 0xFFFF, 0xFFFF, 0xFFFF, 0xFFFF, 0xFFFF,
    0xFFFF, 0xFFFF, 0xFFFF, 0xFFFF, 0xFFFF, 0xFFFF, 0xFFFF, 0xFFFF,
    0xFFFF, 0xFFFF, 0xFFFF, 0xFFFF, 0xFFFF, 0xFFFF, 0xFFFF, 0xFFFF,
    0xFFFF, 0xFFFF, 0xFFFF, 0xFFFF, 0xFFFF, 0xFFFF, 0xFFFF, 0xFFFF,
    0xFFFF, 0xFFFF, 0xFFFF, 0xFFFF, 0xFFFF, 0xFFFF, 0xFFFF, 0xFFFF,
    0xFFFF, 0xFFFF, 0xFFFF, 0xFFFF, 0xFFFF, 0xFFFF, 0xFFFF, 0xFFFF,
    0xFFFF, 0xFFFF, 0xFFFF, 0xFFFF, 0xFFFF, 0xFFFF, 0xFFFF, 0xFFFF,
    0xFFFF, 0xFFFF, 0xFFFF, 0xFFFF, 0xFFFF, 0xFFFF, 0xFFFF, 0xFFFF,
    0xFFFF, 0xFFFF, 0xFFFF, 0xFFFF, 0xFFFF, 0xFFFF, 0xFFFF, 0xFFFF,
    0xFFFF, 0xFFFF, 0xFFFF, 0xFFFF, 0xFFFF, 0xFFFF, 0xFFFF, 0xFFFF,
    0xFFFF, 0xFFFF, 0xFFFF, 0xFFFF, 0xFFFF, 0xFFFF, 0xFFFF, 0xFFFF,
    0xFFFF, 0xFFFF, 0xFFFF, 0xFFFF, 0xFFFF, 0xFFFF, 0xFFFF, 0xFFFF,
    0xFFFF, 0xFFFF, 0xFFFF, 0xFFFF, 0xFFFF, 0xFFFF, 0xFFFF, 0xFFFF,
    0xFFFF, 0xFFFF, 0xFFFF, 0xFFFF, 0xFFFF, 0xFFFF, 0xFFFF, 0xFFFF,
    0xFFFF, 0xFFFF, 0xFFFF, 0xFFFF, 0xFFFF, 0xFFFF, 0xFFFF, 0xFFFF,
    0xFFFF, 0xFFFF, 0xFFFF, 0xFFFF, 0xFFFF, 0xFFFF, 0xFFFF, 0xFFFF,
    0xFFFF, 0xFFFF, 0xFFFF, 0xFFFF, 0xFFFF, 0xFFFF, 0xFFFF, 0xFFFF,
    0xFFFF, 0xFFFF, 0xFFFF, 0xFFFF, 0xFFFF, 0xFFFF, 0xFFFF, 0xFFFF,
    0xFFFF, 0xFFFF, 0xFFFF, 0xFFFF, 0xFFFF, 0xFFFF, 0xFFFF, 0xFFFF,
    0xFFFF, 0xFFFF, 0xFFFF, 0xFFFF, 0xFFFF, 0xFFFF, 0xFFFF, 0xFFFF,
    0xFFFF, 0xFFFF, 0xFFFF, 0xFFFF, 0xFFFF, 0xFFFF, 0xFFFF, 0xFFFF,
    0xFFFF, 0xFFFF, 0xFFFF, 0xFFFF, 0xFFFF, 0xFFFF, 0xFFFF, 0xFFFF,
    0xFFFF, 0xFFFF, 0xFFFF, 0xFFFF, 0xFFFF, 0xFFFF, 0xFFFF, 0xFFFF,
    0xFFFF, 0xFFFF, 0xFFFF, 0xFFFF, 0xFFFF, 0xFFFF, 0xFFFF, 0xFFFF,
    0xFFFF, 0xFFFF, 0xFFFF, 0xFFFF, 0xFFFF, 0xFFFF, 0xFFFF, 0xFFFF,
};

u16 D_800DF308[] = {
    0xFFFF, 0xFFFF, 0xFFFF, 0xFFFF, 0xFFFF, 0xFFFF, 0xFFFF, 0xFFFF,
    0xFFFF, 0xFFFF, 0xFFFF, 0xFFFF, 0xFFFF, 0xFFFF, 0xFFFF, 0xFFFF,
    0xFFFF, 0xFFFF, 0xFFFF, 0xFFFF, 0xFFFF, 0xFFFF, 0xFFFF, 0xFFFF,
    0xFFFF, 0xFFFF, 0xFFFF, 0xFFFF, 0xFFFF, 0xFFFF, 0xFFFF, 0xFFFF,
    0xFFFF, 0xFFFF, 0xFFFF, 0xFFFF, 0xFFFF, 0xFFFF, 0xFFFF, 0xFFFF,
    0xFFFF, 0xFFFF, 0xFFFF, 0xFFFF, 0xFFFF, 0xFFFF, 0xFFFF, 0xFFFF,
    0xFFFF, 0xFFFF, 0xFFFF, 0xFFFF, 0xFFFF, 0xFFFF, 0xFFFF, 0xFFFF,
    0xFFFF, 0xFFFF, 0xFFFF, 0xFFFF, 0xFFFF, 0xFFFF, 0xFFFF, 0xFFFF,
    0xFFFF, 0xFFFF, 0xFFFF, 0xFFFF, 0xFFFF, 0xFFFF, 0xFFFF, 0xFFFF,
    0xFFFF, 0xFFFF, 0xFFFF, 0xFFFF, 0xFFFF, 0xFFFF, 0xFFFF, 0xFFFF,
    0xFFFF, 0xFFFF, 0xFFFF, 0xFFFF, 0xFFFF, 0xFFFF, 0xFFFF, 0xFFFF,
    0xFFFF, 0xFFFF, 0xFFFF, 0xFFFF, 0xFFFF, 0xFFFF, 0xFFFF, 0xFFFF,
    0xFFFF, 0xFFFF, 0xFFFF, 0xFFFF, 0xFFFF, 0xFFFF, 0xFFFF, 0xFFFF,
    0xFFFF, 0xFFFF, 0xFFFF, 0xFFFF, 0xFFFF, 0xFFFF, 0xFFFF, 0xFFFF,
    0xFFFF, 0xFFFF, 0xFFFF, 0xFFFF, 0xFFFF, 0xFFFF, 0xFFFF, 0xFFFF,
    0xFFFF, 0xFFFF, 0xFFFF, 0xFFFF, 0xFFFF, 0xFFFF, 0xFFFF, 0xFFFF,
    0xFFFF, 0xFFFF, 0xFFFF, 0xFFFF, 0xFFFF, 0xFFFF, 0xFFFF, 0xFFFF,
    0xFFFF, 0xFFFF, 0xFFFF, 0xFFFF, 0xFFFF, 0xFFFF, 0xFFFF, 0xFFFF,
    0xFFFF, 0xFFFF, 0xFFFF, 0xFFFF, 0xFFFF, 0xFFFF, 0xFFFF, 0xFFFF,
    0xFFFF, 0xFFFF, 0xFFFF, 0xFFFF, 0xFFFF, 0xFFFF, 0xFFFF, 0xFFFF,
    0xFFFF, 0xFFFF, 0xFFFF, 0xFFFF, 0xFFFF, 0xFFFF, 0xFFFF, 0xFFFF,
    0xFFFF, 0xFFFF, 0xFFFF, 0xFFFF, 0xFFFF, 0xFFFF, 0xFFFF, 0xFFFF,
    0xFFFF, 0xFFFF, 0xFFFF, 0xFFFF, 0xFFFF, 0xFFFF, 0xFFFF, 0xFFFF,
    0xFFFF, 0xFFFF, 0xFFFF, 0xFFFF, 0xFFFF, 0xFFFF, 0xFFFF, 0xFFFF,
    0xFFFF, 0xFFFF, 0xFFFF, 0xFFFF, 0xFFFF, 0xFFFF, 0xFFFF, 0xFFFF,
    0xFFFF, 0xFFFF, 0xFFFF, 0xFFFF, 0xFFFF, 0xFFFF, 0xFFFF, 0xFFFF,
    0xFFFF, 0xFFFF, 0xFFFF, 0xFFFF, 0xFFFF, 0xFFFF, 0xFFFF, 0xFFFF,
    0xFFFF, 0xFFFF, 0xFFFF, 0xFFFF, 0xFFFF, 0xFFFF, 0xFFFF, 0xFFFF,
};

u16 D_800DF4C8[] = {
    0xFFFF, 0xFFFF, 0xFFFF, 0xFFFF, 0xFFFF, 0xFFFF, 0xFFFF, 0xFFFF,
    0xFFFF, 0xFFFF, 0xFFFF, 0xFFFF, 0xFFFF, 0xFFFF, 0xFFFF, 0xFFFF,
    0xFFFF, 0xFFFF, 0xFFFF, 0xFFFF, 0xFFFF, 0xFFFF, 0xFFFF, 0xFFFF,
    0xFFFF, 0xFFFF, 0xFFFF, 0xFFFF, 0xFFFF, 0xFFFF, 0xFFFF, 0xFFFF,
    0xFFFF, 0xFFFF, 0xFFFF, 0xFFFF, 0xFFFF, 0xFFFF, 0xFFFF, 0xFFFF,
    0xFFFF, 0xFFFF, 0xFFFF, 0xFFFF, 0xFFFF, 0xFFFF, 0xFFFF, 0xFFFF,
    0xFFFF, 0xFFFF, 0xFFFF, 0xFFFF, 0xFFFF, 0xFFFF, 0xFFFF, 0xFFFF,
    0xFFFF, 0xFFFF, 0xFFFF, 0xFFFF, 0xFFFF, 0xFFFF, 0xFFFF, 0xFFFF,
    0xFFFF, 0xFFFF, 0xFFFF, 0xFFFF, 0xFFFF, 0xFFFF, 0xFFFF, 0xFFFF,
    0xFFFF, 0xFFFF, 0xFFFF, 0xFFFF, 0xFFFF, 0xFFFF, 0xFFFF, 0xFFFF,
    0xFFFF, 0xFFFF, 0xFFFF, 0xFFFF, 0xFFFF, 0xFFFF, 0xFFFF, 0xFFFF,
    0xFFFF, 0xFFFF, 0xFFFF, 0xFFFF, 0xFFFF, 0xFFFF, 0xFFFF, 0xFFFF,
    0xFFFF, 0xFFFF, 0xFFFF, 0xFFFF, 0xFFFF, 0xFFFF, 0xFFFF, 0xFFFF,
    0xFFFF, 0xFFFF, 0xFFFF, 0xFFFF, 0xFFFF, 0xFFFF, 0xFFFF, 0xFFFF,
    0xFFFF, 0xFFFF, 0xFFFF, 0xFFFF, 0xFFFF, 0xFFFF, 0xFFFF, 0xFFFF,
    0xFFFF, 0xFFFF, 0xFFFF, 0xFFFF, 0xFFFF, 0xFFFF, 0xFFFF, 0xFFFF,
    0xFFFF, 0xFFFF, 0xFFFF, 0xFFFF, 0xFFFF, 0xFFFF, 0xFFFF, 0xFFFF,
    0xFFFF, 0xFFFF, 0xFFFF, 0xFFFF, 0xFFFF, 0xFFFF, 0xFFFF, 0xFFFF,
    0xFFFF, 0xFFFF, 0xFFFF, 0xFFFF, 0xFFFF, 0xFFFF, 0xFFFF, 0xFFFF,
    0xFFFF, 0xFFFF, 0xFFFF, 0xFFFF, 0xFFFF, 0xFFFF, 0xFFFF, 0xFFFF,
    0xFFFF, 0xFFFF, 0xFFFF, 0xFFFF, 0xFFFF, 0xFFFF, 0xFFFF, 0xFFFF,
    0xFFFF, 0xFFFF, 0xFFFF, 0xFFFF, 0xFFFF, 0xFFFF, 0xFFFF, 0xFFFF,
    0xFFFF, 0xFFFF, 0xFFFF, 0xFFFF, 0xFFFF, 0xFFFF, 0xFFFF, 0xFFFF,
    0xFFFF, 0xFFFF, 0xFFFF, 0xFFFF, 0xFFFF, 0xFFFF, 0xFFFF, 0xFFFF,
    0xFFFF, 0xFFFF, 0xFFFF, 0xFFFF, 0xFFFF, 0xFFFF, 0xFFFF, 0xFFFF,
    0xFFFF, 0xFFFF, 0xFFFF, 0xFFFF, 0xFFFF, 0xFFFF, 0xFFFF, 0xFFFF,
    0xFFFF, 0xFFFF, 0xFFFF, 0xFFFF, 0xFFFF, 0xFFFF, 0xFFFF, 0xFFFF,
    0xFFFF, 0xFFFF, 0xFFFF, 0xFFFF, 0xFFFF, 0xFFFF, 0xFFFF, 0xFFFF,
};

u16 D_800DF688[] = {
    0xFFFF, 0xFFFF, 0xFFFF, 0xFFFF, 0xFFFF, 0xFFFF, 0xFFFF, 0xFFFF,
    0xFFFF, 0xFFFF, 0xFFFF, 0xFFFF, 0xFFFF, 0xFFFF, 0xFFFF, 0xFFFF,
    0xFFFF, 0xFFFF, 0xFFFF, 0xFFFF, 0xFFFF, 0xFFFF, 0xFFFF, 0xFFFF,
    0xFFFF, 0xFFFF, 0xFFFF, 0xFFFF, 0xFFFF, 0xFFFF, 0xFFFF, 0xFFFF,
    0xFFFF, 0xFFFF, 0xFFFF, 0xFFFF, 0xFFFF, 0xFFFF, 0xFFFF, 0xFFFF,
    0xFFFF, 0xFFFF, 0xFFFF, 0xFFFF, 0xFFFF, 0xFFFF, 0xFFFF, 0xFFFF,
    0xFFFF, 0xFFFF, 0xFFFF, 0xFFFF, 0xFFFF, 0xFFFF, 0xFFFF, 0xFFFF,
    0xFFFF, 0xFFFF, 0xFFFF, 0xFFFF, 0xFFFF, 0xFFFF, 0xFFFF, 0xFFFF,
    0xFFFF, 0xFFFF, 0xFFFF, 0xFFFF, 0xFFFF, 0xFFFF, 0xFFFF, 0xFFFF,
    0xFFFF, 0xFFFF, 0xFFFF, 0xFFFF, 0xFFFF, 0xFFFF, 0xFFFF, 0xFFFF,
    0xFFFF, 0xFFFF, 0xFFFF, 0xFFFF, 0xFFFF, 0xFFFF, 0xFFFF, 0xFFFF,
    0xFFFF, 0xFFFF, 0xFFFF, 0xFFFF, 0xFFFF, 0xFFFF, 0xFFFF, 0xFFFF,
    0xFFFF, 0xFFFF, 0xFFFF, 0xFFFF, 0xFFFF, 0xFFFF, 0xFFFF, 0xFFFF,
    0xFFFF, 0xFFFF, 0xFFFF, 0xFFFF, 0xFFFF, 0xFFFF, 0xFFFF, 0xFFFF,
    0xFFFF, 0xFFFF, 0xFFFF, 0xFFFF, 0xFFFF, 0xFFFF, 0xFFFF, 0xFFFF,
    0xFFFF, 0xFFFF, 0xFFFF, 0xFFFF, 0xFFFF, 0xFFFF, 0xFFFF, 0xFFFF,
    0xFFFF, 0xFFFF, 0xFFFF, 0xFFFF, 0xFFFF, 0xFFFF, 0xFFFF, 0xFFFF,
    0xFFFF, 0xFFFF, 0xFFFF, 0xFFFF, 0xFFFF, 0xFFFF, 0xFFFF, 0xFFFF,
    0xFFFF, 0xFFFF, 0xFFFF, 0xFFFF, 0xFFFF, 0xFFFF, 0xFFFF, 0xFFFF,
    0xFFFF, 0xFFFF, 0xFFFF, 0xFFFF, 0xFFFF, 0xFFFF, 0xFFFF, 0xFFFF,
    0xFFFF, 0xFFFF, 0xFFFF, 0xFFFF, 0xFFFF, 0xFFFF, 0xFFFF, 0xFFFF,
    0xFFFF, 0xFFFF, 0xFFFF, 0xFFFF, 0xFFFF, 0xFFFF, 0xFFFF, 0xFFFF,
    0xFFFF, 0xFFFF, 0xFFFF, 0xFFFF, 0xFFFF, 0xFFFF, 0xFFFF, 0xFFFF,
    0xFFFF, 0xFFFF, 0xFFFF, 0xFFFF, 0xFFFF, 0xFFFF, 0xFFFF, 0xFFFF,
    0xFFFF, 0xFFFF, 0xFFFF, 0xFFFF, 0xFFFF, 0xFFFF, 0xFFFF, 0xFFFF,
    0xFFFF, 0xFFFF, 0xFFFF, 0xFFFF, 0xFFFF, 0xFFFF, 0xFFFF, 0xFFFF,
    0xFFFF, 0xFFFF, 0xFFFF, 0xFFFF, 0xFFFF, 0xFFFF, 0xFFFF, 0xFFFF,
    0xFFFF, 0xFFFF, 0xFFFF, 0xFFFF, 0xFFFF, 0xFFFF, 0xFFFF, 0xFFFF,
};

u16 D_800DF848[] = {
    0x0000, 0xAC01, 0xFEC1, 0x8301, 0xCCC1, 0xFE41, 0xFF41, 0x72C1,
    0x9BC1, 0xD501, 0x6A81, 0x8B41, 0xBC81, 0xDD41, 0xFF01, 0xE581,
    0x70DD, 0x7995, 0x9B45, 0xB403, 0xFE81, 0xED8F, 0xD3A1, 0xB971,
    0xFE03, 0x3941, 0xAB11, 0x6829, 0x702B, 0x702B, 0x8033, 0x98AF,
    0xA0B3, 0x9877, 0xA03F, 0xE3DB, 0x28C1, 0x6241, 0x9381, 0x6025,
    0x6827, 0x8835, 0x9039, 0x983B, 0xA83F, 0xFDCB, 0x4181, 0x8B05,
    0x585D, 0x5821, 0xB8F9, 0xDD43, 0x1881, 0x59C3, 0x4855, 0x481B,
    0x806F, 0x8833, 0xCD01, 0x28C3, 0x304F, 0x3817, 0x4057, 0x4095,
    0x505B, 0x70E7, 0x60E1, 0x70A7, 0xB87D, 0x5201, 0x1805, 0x2009,
    0x3011, 0x3813, 0x58CB, 0x9801, 0xA801, 0x5843, 0x8031, 0x71E3,
    0x698D, 0xE801, 0x8085, 0x7069, 0xB135, 0xF643, 0x6A41, 0x280F,
    0x498F, 0x7801, 0x1043, 0x6AD9, 0xD885, 0xF801, 0x7085, 0xA87B,
    0x1885, 0x1807, 0x200B, 0x5A95, 0x5085, 0x6801, 0x8801, 0xA001,
    0xC001, 0x4859, 0x79A7, 0x83DF, 0xD043, 0xF801, 0xC801, 0x308B,
    0x49C1, 0x390F, 0x7B9D, 0x4001, 0x5001, 0x7001, 0x9001, 0x81E5,
    0x9463, 0xC109, 0xF001, 0x3101, 0x30C1, 0x49D3, 0x8C21, 0x514B,
    0x6001, 0x4085, 0x7969, 0xAAD7, 0xE001, 0x2909, 0x6063, 0xF5C1,
    0x5215, 0x9CA5, 0x50C7, 0x6023, 0x93E5, 0xB94B, 0xB98D, 0x7295,
    0x41CF, 0x314B, 0x3911, 0xA4E7, 0x5253, 0x6299, 0x6B1B, 0x4A11,
    0x501F, 0x82E5, 0x9C67, 0x4151, 0x280D, 0x68A5, 0x8267, 0x8B25,
    0x7927, 0x6861, 0x1005, 0x9AD1, 0x2043, 0x20C7, 0x4019, 0xA383,
    0x204B, 0x7243, 0x8BE1, 0x2047, 0x3089, 0x6825, 0xFE47, 0x8927,
    0xA1A3, 0xB1E7, 0xB1AD, 0xA0EF, 0x8211, 0xD2E5, 0x50D1, 0xDB61,
    0xED47, 0x4819, 0x4909, 0x408B, 0x68E3, 0x70CB, 0x609B, 0x200D,
    0x414D, 0x699F, 0x818D, 0x704B, 0xBB1F, 0x7843, 0xCBDB, 0x9843,
    0x3001, 0x3885, 0xA35B, 0x7909, 0xCB59, 0x59CF, 0x4109, 0xB18D,
    0xAA97, 0x308F, 0x93A7, 0x78E9, 0x0803, 0x5157, 0x8A8B, 0x59D7,
    0x83DB, 0x524F, 0x510F, 0xBBCB, 0xCB5D, 0x903B, 0xAA5D, 0xFE43,
    0xCA69, 0x60C7, 0xA085, 0x6A5B, 0x79E5, 0xB29F, 0xB253, 0x3109,
    0x93DF, 0x8A11, 0x7B5D, 0xA421, 0x50DB, 0x8BDF, 0x93C3, 0x0800,
    0x0800, 0x0800, 0x0800, 0x0800, 0x0800, 0x0800, 0x0800, 0x0800,
    0x0800, 0x0800, 0x0800, 0x0800, 0x0800, 0x0800, 0x0800, 0x0000,
};

u16 D_800DFA48[] = {
    0x0000, 0xA821, 0xF837, 0x8019, 0xC827, 0xF833, 0xF83B, 0x7017,
    0x981F, 0xD029, 0x6815, 0x881B, 0xB825, 0xD82B, 0xF839, 0xE02D,
    0x7387, 0x7A8D, 0x989B, 0xB061, 0xF835, 0xE9ED, 0xD41D, 0xBE0B,
    0xF871, 0x380B, 0xAA19, 0x6D01, 0x7541, 0x7541, 0x8641, 0x9DC5,
    0xA645, 0x9EC3, 0xA7C1, 0xE35F, 0x2807, 0x6013, 0x901D, 0x6481,
    0x6CC1, 0x8E81, 0x9701, 0x9F41, 0xAFC1, 0xF96F, 0x400D, 0x8899,
    0x5B83, 0x5C01, 0xBF07, 0xD86B, 0x1805, 0x584F, 0x4A83, 0x4B41,
    0x85C3, 0x8E41, 0xC829, 0x2847, 0x31C3, 0x3AC1, 0x42C3, 0x4285,
    0x5343, 0x74C7, 0x6407, 0x74C5, 0xBF83, 0x5011, 0x1881, 0x2101,
    0x3201, 0x3A41, 0x5947, 0x9801, 0xA801, 0x5843, 0x8601, 0x744F,
    0x698D, 0xE801, 0x8085, 0x7503, 0xB689, 0xF073, 0x6813, 0x29C1,
    0x49CD, 0x7801, 0x1043, 0x6B17, 0xD885, 0xF801, 0x7085, 0xAF43,
    0x1885, 0x18C1, 0x2141, 0x5A95, 0x5085, 0x6801, 0x8801, 0xA001,
    0xC001, 0x4B03, 0x7CCD, 0x83DF, 0xD043, 0xF801, 0xC801, 0x3145,
    0x480F, 0x39C9, 0x7B9D, 0x4001, 0x5001, 0x7001, 0x9001, 0x848F,
    0x9463, 0xC109, 0xF001, 0x3009, 0x3007, 0x4A4F, 0x8C21, 0x514B,
    0x6001, 0x4085, 0x7D0B, 0xAAD7, 0xE001, 0x2909, 0x6443, 0xF02F,
    0x5291, 0x9CA5, 0x50C7, 0x6441, 0x949F, 0xB94B, 0xB98D, 0x7295,
    0x41CF, 0x314B, 0x3A09, 0xA4E7, 0x5253, 0x6315, 0x6B59, 0x4A11,
    0x53C1, 0x8497, 0x9CE3, 0x420B, 0x2981, 0x6C85, 0x84D3, 0x8C99,
    0x7CC9, 0x6C03, 0x1081, 0x9A17, 0x2043, 0x20C7, 0x4301, 0xA05D,
    0x2143, 0x7053, 0x8C1F, 0x20C3, 0x3105, 0x6C81, 0xF8F3, 0x8CC9,
    0xA44D, 0xB4CF, 0xB58D, 0xA5C7, 0x8211, 0xD497, 0x5207, 0xDC1B,
    0xE8EB, 0x4B01, 0x4909, 0x4145, 0x6C47, 0x7147, 0x6345, 0x2181,
    0x418B, 0x6BCD, 0x818D, 0x7143, 0xBBD9, 0x7843, 0xCB5F, 0x9843,
    0x3001, 0x3885, 0xA35B, 0x7909, 0xCB1B, 0x59CF, 0x4109, 0xB18D,
    0xAAD5, 0x31C5, 0x94DD, 0x7D07, 0x0841, 0x52CB, 0x8955, 0x5ACF,
    0x835F, 0x51D3, 0x51C9, 0xB95F, 0xCB9B, 0x9741, 0xAB93, 0xF873,
    0xCD13, 0x60C7, 0xA085, 0x6B53, 0x7C8F, 0xB3D5, 0xB253, 0x3109,
    0x93DF, 0x8A11, 0x7B9B, 0xA421, 0x5347, 0x8BDF, 0x905F, 0x0800,
    0x0800, 0x0800, 0x0800, 0x0800, 0x0800, 0x0800, 0x0800, 0x0800,
    0x0800, 0x0800, 0x0800, 0x0800, 0x0800, 0x0800, 0x0800, 0x0000,
};

u16 D_800DFC48[] = {
    0x0000, 0x8D01, 0xE7C1, 0x6BC1, 0xA601, 0xD781, 0xF7C1, 0x6341,
    0x8481, 0xAE41, 0x5B01, 0x7401, 0x9D81, 0xB681, 0xEFC1, 0xBEC1,
    0x235D, 0x3B95, 0x7485, 0x8D43, 0xDFC1, 0xBF0F, 0x7E61, 0x35B1,
    0xCF83, 0x3181, 0x6D11, 0x0B29, 0x0B6B, 0x13AF, 0x0BF3, 0x1CAF,
    0x1CF3, 0x14B7, 0x0CFF, 0x86DB, 0x2101, 0x52C1, 0x7C41, 0x0AE5,
    0x0B27, 0x0C35, 0x0C79, 0x0CBB, 0x0D3F, 0xC78B, 0x39C1, 0x6C05,
    0x129D, 0x0AA1, 0x25B9, 0xB683, 0x1881, 0x4283, 0x1215, 0x0A1B,
    0x13EF, 0x0C33, 0xAE01, 0x2103, 0x114F, 0x0997, 0x11D7, 0x19D5,
    0x125B, 0x2367, 0x22E1, 0x1B67, 0x15BD, 0x4A41, 0x0885, 0x08C9,
    0x0951, 0x0993, 0x228B, 0x0C81, 0x0D01, 0x1283, 0x0BF1, 0x4363,
    0x3B0D, 0x0F01, 0x1BC5, 0x1369, 0x2D75, 0xD743, 0x5301, 0x090F,
    0x3A0F, 0x0B81, 0x1043, 0x6319, 0x1E85, 0x0FC1, 0x1B45, 0x153B,
    0x1885, 0x0887, 0x08CB, 0x5A95, 0x1A45, 0x0B01, 0x0C01, 0x0CC1,
    0x0DC1, 0x1219, 0x3BA7, 0x83DF, 0x1643, 0x0F81, 0x0E01, 0x194B,
    0x4201, 0x298F, 0x7B9D, 0x09C1, 0x0A41, 0x0B41, 0x0C41, 0x43E5,
    0x9463, 0x2DC9, 0x0F41, 0x2941, 0x2141, 0x4213, 0x8C21, 0x324B,
    0x0AC1, 0x19C5, 0x33A9, 0x6517, 0x0EC1, 0x2909, 0x12E3, 0xC741,
    0x4A55, 0x9CA5, 0x2247, 0x0AE3, 0x8465, 0x358B, 0x3D8D, 0x5B55,
    0x41CF, 0x314B, 0x2991, 0xA4E7, 0x5253, 0x5AD9, 0x6B1B, 0x4A11,
    0x0A5F, 0x63E5, 0x94A7, 0x31D1, 0x090D, 0x1B25, 0x53E7, 0x6C25,
    0x2BA7, 0x1321, 0x0845, 0x6491, 0x10C3, 0x20C7, 0x09D9, 0x7CC3,
    0x10CB, 0x5343, 0x8421, 0x10C7, 0x1949, 0x0B25, 0xD787, 0x2C27,
    0x3CE3, 0x4567, 0x3D6D, 0x24EF, 0x4BD1, 0x6665, 0x2251, 0x76A1,
    0xB707, 0x0A19, 0x2A09, 0x19CB, 0x2323, 0x234B, 0x1ADB, 0x08CD,
    0x31CD, 0x3B1F, 0x3BCD, 0x134B, 0x6D9F, 0x1383, 0x861B, 0x1483,
    0x0941, 0x1985, 0x74DB, 0x2B89, 0x7619, 0x428F, 0x29C9, 0x3D4D,
    0x5D17, 0x194F, 0x7C67, 0x23A9, 0x0803, 0x3257, 0x5C0B, 0x4297,
    0x83DB, 0x524F, 0x2A4F, 0x858B, 0x761D, 0x0C7B, 0x551D, 0xD7C3,
    0x5629, 0x22C7, 0x1CC5, 0x531B, 0x43A5, 0x5D5F, 0x5553, 0x2949,
    0x845F, 0x4C11, 0x739D, 0x8CE1, 0x225B, 0x841F, 0x8443, 0x0800,
    0x0800, 0x0800, 0x0800, 0x0800, 0x0800, 0x0800, 0x0800, 0x0800,
    0x0800, 0x0800, 0x0800, 0x0800, 0x0800, 0x0800, 0x0800, 0x0000,
};

u16 D_800DFE48[] = {
    0x0000, 0x6541, 0x6DC1, 0x7E41, 0x7EC1, 0x8701, 0x8F41, 0x8F81,
    0x5CC1, 0x7641, 0x7E81, 0x9781, 0x97C1, 0x9FC1, 0x4BC1, 0x5481,
    0x6501, 0x6D81, 0x7601, 0x86C1, 0x4341, 0x4C01, 0x5C81, 0xAFC1,
    0x32C1, 0x4381, 0x2A01, 0x3AC1, 0x1941, 0x2A41, 0xB7C1, 0x5D01,
    0x0881, 0x2201, 0x3B41, 0x5441, 0x4B85, 0x3205, 0x7DC5, 0x5349,
    0x64C5, 0x8E81, 0x21C1, 0x3281, 0x3B01, 0x1405, 0x0541, 0x0983,
    0x1903, 0x6B57, 0x4B53, 0x0E43, 0x1DC1, 0x10C1, 0x1101, 0x3B43,
    0x0441, 0x0601, 0x0341, 0x0803, 0x8607, 0x7BDF, 0x4551, 0x07C1,
    0x0681, 0x65C1, 0x1981, 0x3301, 0x0501, 0x0581, 0x0241, 0x8421,
    0x5515, 0x0781, 0x0701, 0x2247, 0x0301, 0x03C1, 0x0481, 0x08C3,
    0x849F, 0x8461, 0x0F03, 0x1441, 0x9701, 0x42C9, 0x01C1, 0x0281,
    0x0401, 0x8515, 0x8C63, 0x3DCF, 0x2185, 0x4291, 0x0181, 0x0201,
    0x02C1, 0x1905, 0x7D8B, 0x1645, 0x06C1, 0x0741, 0x0A03, 0x420D,
    0x739D, 0x29C5, 0x2149, 0x18C7, 0x8CDB, 0x94A5, 0x84E1, 0x1E07,
    0x2107, 0x4B83, 0x6359, 0x6B5B, 0x3A0F, 0x318D, 0x2109, 0x7587,
    0x94E3, 0x751D, 0x745D, 0x4A53, 0x0841, 0x6319, 0x4211, 0x7D4D,
    0x9CE7, 0x31C9, 0x52D3, 0x5AD7, 0x7549, 0x94DF, 0x6C8B, 0x3A4B,
    0x29C7, 0x2181, 0x6D43, 0x7D11, 0x7583, 0x2A03, 0x2989, 0x4A93,
    0x1085, 0x3209, 0x294B, 0x39CF, 0x2183, 0x7417, 0x6B97, 0x4ACF,
    0x3247, 0x4345, 0x6CC7, 0x5C47, 0x6485, 0x1345, 0x0C43, 0x0B83,
    0x6C8D, 0x1545, 0x0DC3, 0x1C03, 0x3B03, 0x0B43, 0x0883, 0x8683,
    0x3D0F, 0x0CC3, 0x64C3, 0x2A4B, 0x0381, 0x0C03, 0x6CC1, 0x7DC7,
    0x1A03, 0x8C61, 0x84A1, 0x0A83, 0x5403, 0x4AD3, 0x1901, 0x84D9,
    0x4D53, 0x1943, 0x2249, 0x5D57, 0x1605, 0x29CB, 0x6D83, 0x8CDF,
    0x8CE3, 0x74DD, 0x741D, 0x5295, 0x94E1, 0x424D, 0x8D1B, 0x6D07,
    0x750B, 0x750F, 0x1087, 0x7C1F, 0x739B, 0x5AD5, 0x3A09, 0x42C7,
    0x3AC5, 0x4303, 0x6487, 0x5C07, 0x6CC5, 0x8EC1, 0x7E03, 0x2449,
    0x0E03, 0x0D83, 0x1A85, 0x7503, 0xAF81, 0x2A0B, 0x6393, 0x43D1,
    0x5C03, 0x354D, 0x7501, 0x750D, 0x3D8F, 0x3243, 0x42D1, 0x04C1,
    0x7D0D, 0x5D17, 0x0C83, 0x6399, 0x1DC7, 0x6D41, 0x3ACF, 0x8C9F,
    0x7CDF, 0x2D4B, 0x2987, 0x84DB, 0x5B4F, 0x6503, 0x73D9, 0x6D09,
    0x7CD3, 0x84D5, 0x1081, 0x3207, 0x428D, 0x0000, 0x0000, 0x0000,
};

u16 D_800E0048[] = {
    0x0000, 0xAD59, 0xBDDB, 0xCE5F, 0xDEDF, 0xE721, 0xEF63, 0xF7A3,
    0x9CD7, 0xCE5D, 0xD69F, 0xF7A5, 0xFFE5, 0xFFE7, 0x7BD3, 0x9495,
    0xA519, 0xB59B, 0xC61D, 0xDEE1, 0x6B51, 0x8413, 0x9497, 0xFFEB,
    0x5ACD, 0x7391, 0x420B, 0x5ACF, 0x2947, 0x4A4B, 0xFFED, 0xA517,
    0x1083, 0x4209, 0x6B4F, 0x8C55, 0x7393, 0x420D, 0xBDDF, 0x6B55,
    0x9CD9, 0xD6A3, 0x39C9, 0x528D, 0x630F, 0x8405, 0xAD41, 0x3183,
    0x2107, 0x6B5B, 0x6B53, 0xCE43, 0xBDC7, 0x18C5, 0x2105, 0x6B4F,
    0x8C41, 0xC601, 0x6B41, 0x0003, 0xC621, 0x7BDF, 0xAD51, 0xFFC1,
    0xD681, 0xBDD9, 0x3187, 0x630D, 0xA501, 0xB581, 0x4A41, 0x8421,
    0xA515, 0xF781, 0xE701, 0x4A49, 0x6301, 0x7BC1, 0x9481, 0x18C3,
    0x94A1, 0x8C61, 0xE703, 0x8C45, 0xE725, 0x5AD1, 0x39C1, 0x5281,
    0x8401, 0xA521, 0x8C63, 0xBDCF, 0x3189, 0x5291, 0x3181, 0x4201,
    0x5AC1, 0x2107, 0xB59F, 0xCE45, 0xDEC1, 0xEF41, 0x4203, 0x4211,
    0x739D, 0x39CB, 0x2949, 0x18C7, 0x9CE3, 0x94A5, 0x9CE1, 0xC607,
    0x2109, 0x7393, 0x6B59, 0x6B5B, 0x420F, 0x318D, 0x2109, 0xB59D,
    0x9CE5, 0xA51D, 0x8C5D, 0x4A53, 0x0843, 0x6319, 0x4211, 0xAD5F,
    0x9CE7, 0x39CD, 0x5AD5, 0x5AD7, 0xAD5D, 0x9CE5, 0x949B, 0x4A4F,
    0x39CB, 0x3189, 0xAD5B, 0xA51F, 0xB59D, 0x420B, 0x318B, 0x5293,
    0x1085, 0x420D, 0x294B, 0x39CF, 0x3189, 0x841D, 0x739B, 0x5AD3,
    0x4A4D, 0x6B51, 0x9CDB, 0x8C57, 0x9499, 0x6B45, 0x8C43, 0x7383,
    0x949B, 0xAD45, 0xBDC3, 0x8407, 0x630F, 0x6B43, 0x1083, 0xD6A1,
    0xA50F, 0x9CC3, 0x9CD9, 0x4A4B, 0x7381, 0x8403, 0x9CDB, 0xBDDF,
    0x4207, 0x8C63, 0x94A1, 0x5283, 0x8415, 0x5AD3, 0x2107, 0x9CE1,
    0xAD53, 0x2947, 0x4A49, 0xAD57, 0xC605, 0x39CB, 0xB59B, 0x9CE3,
    0x9CE3, 0x9CDD, 0x841D, 0x5295, 0x9CE5, 0x4A51, 0xA523, 0xA51B,
    0xA51D, 0xA51D, 0x1085, 0x841F, 0x739D, 0x5AD7, 0x420F, 0x5AD1,
    0x5ACF, 0x6311, 0x9499, 0x8417, 0x9CDB, 0xDEE3, 0xC61F, 0x8C49,
    0xC603, 0xB583, 0x5287, 0xA51D, 0xF7AB, 0x420B, 0x7399, 0x7BD1,
    0x8417, 0xAD4D, 0xA51D, 0xA51D, 0xB58F, 0x4A4D, 0x5AD1, 0x9CC1,
    0xA51F, 0xA517, 0x9483, 0x7399, 0xBDC7, 0xAD5B, 0x5ACF, 0x94A3,
    0x9CDF, 0xAD4B, 0x318B, 0x9CE1, 0x6B57, 0xA519, 0x7BDD, 0xA51B,
    0x9CDF, 0x9CE1, 0x1085, 0x420D, 0x5291, 0x0000, 0x0000, 0x0000,
};

u16 D_800E0248[] = {
    0x0000, 0x032B, 0x036F, 0x03F3, 0x03F7, 0x0439, 0x047B, 0x047D,
    0x02E7, 0x03B3, 0x03F5, 0x04BD, 0x04BF, 0x04FF, 0x025F, 0x02A5,
    0x0329, 0x036D, 0x03B1, 0x0437, 0x021B, 0x0261, 0x02E5, 0x057F,
    0x0197, 0x021D, 0x0151, 0x01D7, 0x00CB, 0x0153, 0x05BF, 0x02E9,
    0x0045, 0x0111, 0x01DB, 0x02A3, 0x125D, 0x1191, 0x13EF, 0x229B,
    0x1327, 0x0475, 0x010F, 0x0195, 0x01D9, 0x10A1, 0x002B, 0x084D,
    0x08C9, 0x5B5B, 0x4A5B, 0x0873, 0x00EF, 0x0087, 0x0089, 0x09DB,
    0x0023, 0x0031, 0x001B, 0x0841, 0x1C31, 0x7BDF, 0x422B, 0x003F,
    0x0035, 0x032F, 0x00CD, 0x0199, 0x0029, 0x002D, 0x0013, 0x8421,
    0x52A9, 0x003D, 0x0039, 0x1913, 0x0019, 0x001F, 0x0025, 0x0847,
    0x7C25, 0x8423, 0x0879, 0x00A3, 0x04B9, 0x2217, 0x000F, 0x0015,
    0x0021, 0x5429, 0x8C63, 0x39EF, 0x110D, 0x4215, 0x000D, 0x0011,
    0x0017, 0x10C9, 0x2BED, 0x10B3, 0x0037, 0x003B, 0x0851, 0x3211,
    0x739D, 0x114F, 0x210B, 0x18C7, 0x6C67, 0x94A5, 0x8427, 0x18F1,
    0x1909, 0x0A5D, 0x631B, 0x6B5B, 0x39D1, 0x318D, 0x2109, 0x1BAD,
    0x8CA7, 0x73A9, 0x73A3, 0x4A53, 0x0043, 0x6319, 0x4211, 0x33EB,
    0x9CE7, 0x218F, 0x4A97, 0x5AD7, 0x23AB, 0x7CA7, 0x2B65, 0x29D3,
    0x194F, 0x010D, 0x0B6B, 0x43E9, 0x0BAD, 0x0951, 0x214D, 0x4A55,
    0x1085, 0x2191, 0x294B, 0x39CF, 0x090D, 0x5BA1, 0x5B5D, 0x3A57,
    0x1993, 0x121B, 0x1B67, 0x1AE3, 0x1325, 0x109B, 0x0863, 0x085D,
    0x3365, 0x10AB, 0x086F, 0x08E1, 0x09D9, 0x085B, 0x0845, 0x0C35,
    0x39E9, 0x0867, 0x0B27, 0x2953, 0x001D, 0x0861, 0x0367, 0x1BEF,
    0x08D1, 0x8463, 0x8425, 0x0855, 0x0AA1, 0x4A57, 0x00C9, 0x6427,
    0x4A6B, 0x08CB, 0x2113, 0x5AEB, 0x10B1, 0x294F, 0x0B6D, 0x7C67,
    0x8C67, 0x73A7, 0x73A1, 0x5295, 0x84A7, 0x3213, 0x6C69, 0x1B69,
    0x2BA9, 0x3BA9, 0x1885, 0x7BE1, 0x6B9D, 0x52D7, 0x21D1, 0x1A17,
    0x11D7, 0x0A19, 0x1B25, 0x1AE1, 0x1367, 0x0477, 0x0BF1, 0x2123,
    0x0871, 0x086D, 0x10D5, 0x0BA9, 0x057D, 0x2951, 0x4B1D, 0x421F,
    0x0AE1, 0x31AB, 0x03A9, 0x33A9, 0x39ED, 0x0993, 0x4217, 0x0027,
    0x33E9, 0x5AE9, 0x0865, 0x631D, 0x18EF, 0x036B, 0x39D7, 0x7C65,
    0x7BE7, 0x296B, 0x194D, 0x6C27, 0x3ADB, 0x0B29, 0x639F, 0x2369,
    0x4BE7, 0x5427, 0x0085, 0x1991, 0x3215, 0x0000, 0x0000, 0x0000,
};

u16 D_800E0448[] = {
    0x0000, 0xAB2B, 0xBB6F, 0xCBF3, 0xDBF7, 0xE439, 0xEC7B, 0xF47D,
    0x9AE7, 0xCBB3, 0xD3F5, 0xF4BD, 0xFCBF, 0xFCFF, 0x7A5F, 0x92A5,
    0xA329, 0xB36D, 0xC3B1, 0xDC37, 0x6A1B, 0x8261, 0x92E5, 0xFD7F,
    0x5997, 0x721D, 0x4151, 0x59D7, 0x28CB, 0x4953, 0xFDBF, 0xA2E9,
    0x1045, 0x4111, 0x69DB, 0x8AA3, 0x725D, 0x4191, 0xBBEF, 0x6A9B,
    0x9B27, 0xD475, 0x390F, 0x5195, 0x61D9, 0x80A1, 0xA82B, 0x304D,
    0x20C9, 0x6B5B, 0x6A5B, 0xC873, 0xB8EF, 0x1887, 0x2089, 0x69DB,
    0x8823, 0xC031, 0x681B, 0x0041, 0xC431, 0x7BDF, 0xAA2B, 0xF83F,
    0xD035, 0xBB2F, 0x30CD, 0x6199, 0xA029, 0xB02D, 0x4813, 0x8421,
    0xA2A9, 0xF03D, 0xE039, 0x4913, 0x6019, 0x781F, 0x9025, 0x1847,
    0x9425, 0x8C23, 0xE079, 0x88A3, 0xE4B9, 0x5A17, 0x380F, 0x5015,
    0x8021, 0xA429, 0x8C63, 0xB9EF, 0x310D, 0x5215, 0x300D, 0x4011,
    0x5817, 0x20C9, 0xB3ED, 0xC8B3, 0xD837, 0xE83B, 0x4051, 0x4211,
    0x739D, 0x394F, 0x290B, 0x18C7, 0x9C67, 0x94A5, 0x9C27, 0xC0F1,
    0x2109, 0x725D, 0x6B1B, 0x6B5B, 0x41D1, 0x318D, 0x2109, 0xB3AD,
    0x9CA7, 0xA3A9, 0x8BA3, 0x4A53, 0x0843, 0x6319, 0x4211, 0xABEB,
    0x9CE7, 0x398F, 0x5A97, 0x5AD7, 0xABAB, 0x9CA7, 0x9365, 0x49D3,
    0x394F, 0x310D, 0xAB6B, 0xA3E9, 0xB3AD, 0x4151, 0x314D, 0x5255,
    0x1085, 0x4191, 0x294B, 0x39CF, 0x310D, 0x83A1, 0x735D, 0x5A57,
    0x4993, 0x6A1B, 0x9B67, 0x8AE3, 0x9325, 0x689B, 0x8863, 0x705D,
    0x9365, 0xA8AB, 0xB86F, 0x80E1, 0x61D9, 0x685B, 0x1045, 0xD435,
    0xA1E9, 0x9867, 0x9B27, 0x4953, 0x701D, 0x8061, 0x9B67, 0xBBEF,
    0x40D1, 0x8C63, 0x9425, 0x5055, 0x82A1, 0x5A57, 0x20C9, 0x9C27,
    0xAA6B, 0x28CB, 0x4913, 0xAAEB, 0xC0B1, 0x394F, 0xB36D, 0x9C67,
    0x9C67, 0x9BA7, 0x83A1, 0x5295, 0x9CA7, 0x4A13, 0xA469, 0xA369,
    0xA3A9, 0xA3A9, 0x1085, 0x83E1, 0x739D, 0x5AD7, 0x41D1, 0x5A17,
    0x59D7, 0x6219, 0x9325, 0x82E1, 0x9B67, 0xDC77, 0xC3F1, 0x8923,
    0xC071, 0xB06D, 0x50D5, 0xA3A9, 0xF57D, 0x4151, 0x731D, 0x7A1F,
    0x82E1, 0xA9AB, 0xA3A9, 0xA3A9, 0xB1ED, 0x4993, 0x5A17, 0x9827,
    0xA3E9, 0xA2E9, 0x9065, 0x731D, 0xB8EF, 0xAB6B, 0x59D7, 0x9465,
    0x9BE7, 0xA96B, 0x314D, 0x9C27, 0x6ADB, 0xA329, 0x7B9F, 0xA369,
    0x9BE7, 0x9C27, 0x1085, 0x4191, 0x5215, 0x0000, 0x0000, 0x0000,
};

u16 D_800E0648[] = { 0x0012, 0x0001, 0x0011, 0x0001, 0xFFFC, 0x0000 };

u16 D_800E0654[] = {
    0x0000, 0xB9CF, 0xE253, 0xF253, 0xDA11, 0xCA11, 0xFAD7, 0xFB9D,
    0xDA11, 0xC1CF, 0xB1CF, 0xC18D, 0xD1CF, 0xFA95, 0xFA53, 0xFA11,
    0xB98D, 0xC211, 0xD211, 0xE211, 0xFA95, 0xFAD7, 0xFAD7, 0xFA11,
    0xD18D, 0xEA53, 0xA14B, 0x80C7, 0xFB19, 0xFB5B, 0x50C7, 0x4085,
    0x3085, 0x3885, 0x4885, 0x6085, 0x68C7, 0xFA53, 0xFDAD, 0xFEF7,
    0xFDEF, 0xFBDF, 0xB14B, 0xFB19, 0xFCE7, 0x1001, 0xFB19, 0xA043,
    0x9843, 0x4085, 0x8843, 0x7043, 0xFC63, 0x0001, 0x1843, 0x1843,
    0xFA11, 0x5801, 0x9253, 0x2001, 0x9085, 0xB0C7, 0x9043, 0x4843,
    0xEA11, 0xFA95, 0x2043, 0x2843, 0xF9CF, 0xB39D, 0xB9CF, 0x8843,
    0x8085, 0xC98D, 0xFA95, 0x4043, 0xD9CF, 0xF253, 0xFAD7, 0xE9CF,
    0x8A53, 0x88C7, 0x0801, 0x3001, 0x7085, 0xB14B, 0xF295, 0xC14B,
    0x6843, 0x9109, 0xA94B, 0x3885, 0xE1CF, 0xC98D, 0x7885, 0x2801,
    0x4801, 0x6843, 0x8885, 0xA0C7, 0xA885, 0x7843, 0x78C7, 0xB94B,
    0xA98D, 0x6043, 0x1801, 0x5001, 0x8043, 0x5885, 0x70C7, 0x8909,
    0xA14B, 0xC9CF, 0x4001, 0x4043, 0xD211, 0x3043, 0xF211, 0x1801,
    0x2001, 0x4885, 0xD9CF, 0x7085, 0x3043, 0x3843, 0x5085, 0xD1CF,
    0xFA95, 0x2801, 0x2843, 0x80C7, 0xE1CF, 0xE18D, 0x7843, 0x58C7,
    0x8909, 0xFA53, 0x6801, 0x3801, 0x5843, 0xD98D, 0xFB19, 0xA109,
    0x60C7, 0xFA53, 0x4843, 0xA109, 0xA909, 0xF9CF, 0x2043, 0x5885,
    0x6085, 0x9085, 0x9909, 0x714B, 0x3085, 0xAA11, 0xFDAD, 0x7909,
    0x60C7, 0x48C7, 0xFDAD, 0xFA95, 0x7109, 0x6909, 0x6109, 0x58C7,
    0xFB5B, 0xFB19, 0x7909, 0x794B, 0x48C7, 0x6109, 0x7885, 0x88C7,
    0x9909, 0x90C7, 0x90C7, 0xB94B, 0xA94B, 0x6885, 0x7085, 0xC14B,
    0x18C7, 0x5043, 0x9109, 0x6085, 0x0801, 0x5843, 0x3801, 0x3843,
    0x1001, 0x2001, 0x4843, 0x68C7, 0x28C7, 0x20C7, 0x20C7, 0x0000,
    0xCE73, 0xE739, 0xF7BD, 0xFFFF, 0xDEF7, 0xBDEF, 0xD6B5, 0xEF7B,
    0xC631, 0x739D, 0x294B, 0x6B5B, 0x1085, 0x2109, 0x5295, 0x9CE7,
    0x3001, 0x1801, 0x4801, 0x0843, 0x318D, 0x39CF, 0x2001, 0x6801,
    0x7001, 0x9001, 0x5801, 0xB5AD, 0x4211, 0xB001, 0xE001, 0x8801,
    0xA529, 0xAD6B, 0x3801, 0x6001, 0x7BDF, 0x8C63, 0x8421, 0x94A5,
    0x6319, 0x5AD7, 0x4A53, 0x2801, 0x7801, 0x5001, 0x4001, 0x1001,
    0x0000, 0xD18D, 0xF1CF, 0xF98D, 0xF98D, 0xC109, 0xC909, 0x0000,
};

u16 D_800E0854[] = {
    0x0000, 0x8DCF, 0xA713, 0xAF93, 0x9ED1, 0x9651, 0xD7D7, 0xDFDD,
    0x96D1, 0x8E0F, 0x858F, 0x7E0D, 0x8E8F, 0xC7D5, 0xBFD3, 0xAFD1,
    0x7DCD, 0x8E11, 0x9E91, 0x9711, 0xB7D5, 0xC7D7, 0xCFD7, 0xA7D1,
    0x868D, 0xA753, 0x6D0B, 0x5407, 0xC7D9, 0xE7DB, 0x3A87, 0x2A05,
    0x2185, 0x29C5, 0x3245, 0x3B05, 0x4347, 0xAFD3, 0xFFED, 0xFFF7,
    0xFFEF, 0xFFDF, 0x758B, 0xCFD9, 0xFFE7, 0x0881, 0xE7D9, 0x5503,
    0x4CC3, 0x3205, 0x4C43, 0x3B83, 0xFFE3, 0x0001, 0x08C3, 0x10C3,
    0xB7D1, 0x2AC1, 0x6C93, 0x1101, 0x4C85, 0x6587, 0x4C83, 0x2A43,
    0x9751, 0xCFD5, 0x1103, 0x1943, 0xA7CF, 0x8D9D, 0x7DCF, 0x4443,
    0x4C05, 0x7E4D, 0xA7D5, 0x2203, 0x96CF, 0xA793, 0xBFD7, 0x974F,
    0x6C53, 0x5447, 0x0041, 0x1981, 0x4385, 0x6D8B, 0x9F95, 0x760B,
    0x3B43, 0x5C89, 0x6D4B, 0x21C5, 0x8F0F, 0x864D, 0x43C5, 0x1141,
    0x2241, 0x3343, 0x4C45, 0x5D07, 0x5D45, 0x3BC3, 0x4BC7, 0x75CB,
    0x754D, 0x3303, 0x08C1, 0x2A81, 0x4403, 0x3AC5, 0x4B87, 0x5C49,
    0x650B, 0x864F, 0x2201, 0x2A03, 0x8E91, 0x2183, 0x9F91, 0x10C1,
    0x0901, 0x2A45, 0x8ECF, 0x3B85, 0x1983, 0x21C3, 0x3285, 0x868F,
    0xBFD5, 0x1941, 0x2143, 0x4C07, 0x970F, 0x8F0D, 0x43C3, 0x3AC7,
    0x5449, 0xB7D3, 0x3341, 0x19C1, 0x32C3, 0x8ECD, 0xD7D9, 0x6509,
    0x3B07, 0xA7D3, 0x2243, 0x6D09, 0x6D49, 0x9FCF, 0x1903, 0x32C5,
    0x3305, 0x5485, 0x5CC9, 0x4B8B, 0x2985, 0x7D51, 0xEFED, 0x5BC9,
    0x4307, 0x3247, 0xF7ED, 0xAFD5, 0x5389, 0x4B49, 0x4309, 0x42C7,
    0xEFDB, 0xDFD9, 0x53C9, 0x5BCB, 0x3A47, 0x4B09, 0x4BC5, 0x5C47,
    0x64C9, 0x5C87, 0x6487, 0x7DCB, 0x754B, 0x4345, 0x4B85, 0x7E0B,
    0x18C7, 0x3283, 0x6489, 0x4305, 0x0841, 0x3AC3, 0x21C1, 0x29C3,
    0x1081, 0x1901, 0x3243, 0x4B47, 0x2147, 0x1907, 0x2107, 0x0000,
    0xCE73, 0xE739, 0xF7BD, 0xFFFF, 0xDEF7, 0xBDEF, 0xD6B5, 0xEF7B,
    0xC631, 0x739D, 0x294B, 0x6B5B, 0x1085, 0x2109, 0x5295, 0x9CE7,
    0x0181, 0x00C1, 0x0241, 0x0843, 0x318D, 0x39CF, 0x0101, 0x0341,
    0x0381, 0x0481, 0x02C1, 0xB5AD, 0x4211, 0x0581, 0x0701, 0x0441,
    0xA529, 0xAD6B, 0x01C1, 0x0301, 0x7BDF, 0x8C63, 0x8421, 0x94A5,
    0x6319, 0x5AD7, 0x4A53, 0x0141, 0x03C1, 0x0281, 0x0201, 0x0081,
    0x0000, 0x868D, 0x978F, 0xB7CD, 0xA7CD, 0x7609, 0x7E49, 0x0000,
};

u16 D_800E0A54[] = {
    0x0000, 0x3C6F, 0x4D39, 0x4D7D, 0x44F7, 0x44B3, 0x5EBF, 0x76FF,
    0x44B7, 0x3C71, 0x3C2D, 0x33F1, 0x3C75, 0x563F, 0x4DFF, 0x457F,
    0x33EF, 0x4471, 0x44F5, 0x44B9, 0x55BF, 0x5E3F, 0x5E7F, 0x453F,
    0x3435, 0x4D3B, 0x2B69, 0x1AA1, 0x663F, 0x6F3F, 0x19D5, 0x1151,
    0x110D, 0x114F, 0x1193, 0x11D9, 0x1A1B, 0x4D7F, 0xB7FF, 0xDFFF,
    0xBFFF, 0x7FFF, 0x2BAD, 0x667F, 0x9FFF, 0x0045, 0x673F, 0x0AA9,
    0x0A67, 0x1191, 0x0A63, 0x09DD, 0x8FFF, 0x0001, 0x0847, 0x0887,
    0x45BF, 0x0157, 0x4B65, 0x0089, 0x1265, 0x1B2D, 0x0A65, 0x0953,
    0x44BB, 0x567F, 0x0889, 0x08CB, 0x3D3F, 0x746D, 0x3BEF, 0x0A23,
    0x1261, 0x33F3, 0x553F, 0x0911, 0x3CB7, 0x4D3D, 0x5DFF, 0x3CBB,
    0x4B63, 0x1AA3, 0x0003, 0x00CD, 0x121D, 0x2B6D, 0x54FD, 0x2BB1,
    0x09DB, 0x22E5, 0x2B6B, 0x110F, 0x3C79, 0x3433, 0x121F, 0x008B,
    0x0113, 0x099B, 0x1263, 0x1AE9, 0x12EB, 0x09DF, 0x1A5F, 0x2BAF,
    0x33AB, 0x0999, 0x0047, 0x0155, 0x0A21, 0x11D7, 0x1A5D, 0x22E3,
    0x2B29, 0x3C33, 0x0111, 0x0951, 0x4475, 0x090D, 0x44FD, 0x0087,
    0x0049, 0x1153, 0x3C77, 0x11DD, 0x08CD, 0x090F, 0x1195, 0x3C35,
    0x55FF, 0x00CB, 0x090B, 0x1A61, 0x3CB9, 0x3479, 0x0A1F, 0x19D7,
    0x22A3, 0x4DBF, 0x019B, 0x00CF, 0x0997, 0x3477, 0x66BF, 0x2329,
    0x19D9, 0x4D3F, 0x0913, 0x2369, 0x236B, 0x3CFF, 0x08C9, 0x1197,
    0x1199, 0x12A5, 0x22E7, 0x2A5D, 0x114D, 0x43EB, 0xB77F, 0x22DF,
    0x1A19, 0x1993, 0xB7BF, 0x557F, 0x229D, 0x225B, 0x2219, 0x1A17,
    0x6F7F, 0x66FF, 0x229F, 0x2ADF, 0x19D3, 0x2259, 0x125F, 0x1AE3,
    0x2327, 0x1AE5, 0x1B25, 0x2BEF, 0x2BAB, 0x121B, 0x125D, 0x2BF1,
    0x18C7, 0x0995, 0x2325, 0x1219, 0x0043, 0x09D7, 0x010F, 0x094F,
    0x0085, 0x00C9, 0x0993, 0x1A5B, 0x190B, 0x18C9, 0x1909, 0x0000,
    0xCE73, 0xE739, 0xF7BD, 0xFFFF, 0xDEF7, 0xBDEF, 0xD6B5, 0xEF7B,
    0xC631, 0x739D, 0x294B, 0x6B5B, 0x1085, 0x2109, 0x5295, 0x9CE7,
    0x000D, 0x0007, 0x0013, 0x0843, 0x318D, 0x39CF, 0x0009, 0x001B,
    0x001D, 0x0025, 0x0017, 0xB5AD, 0x4211, 0x002D, 0x0039, 0x0023,
    0xA529, 0xAD6B, 0x000F, 0x0019, 0x7BDF, 0x8C63, 0x8421, 0x94A5,
    0x6319, 0x5AD7, 0x4A53, 0x000B, 0x001F, 0x0015, 0x0011, 0x0005,
    0x0000, 0x3435, 0x3CBD, 0x35BF, 0x353F, 0x23B1, 0x23F3, 0x0000,
    0x0000, 0xA529, 0xBDEF, 0xD6B5, 0xDEF7, 0xE739, 0xCE73, 0x9CE7,
    0xB5AD, 0xFFFF, 0xAD6B, 0x4A53, 0x94A5, 0xF7BD, 0xEF7B, 0x8C63,
    0x4211, 0x318D, 0x7BDF, 0x39CF, 0x6B5B, 0x294B, 0x5AD7, 0xC631,
    0x8421, 0x6319, 0x5295, 0x739D, 0x2109, 0xF781, 0xFFC1, 0xE701,
    0xBDC1, 0xB581, 0x7BC1, 0xD681, 0x3181, 0xAD41, 0xEF41, 0x39C1,
    0x4A41, 0x6B41, 0x8C41, 0x4201, 0x2941, 0x5299, 0x73A3, 0x39D3,
    0x631F, 0x8C69, 0x294D, 0x4215, 0x4A57, 0x6B61, 0x294F, 0x4215,
    0x318F, 0x4A57, 0x4213, 0x6301, 0xF7BF, 0xCE41, 0x5AC1, 0x18C7,
    0x294D, 0x3191, 0xE73F, 0x8429, 0xB5B5, 0xD6BF, 0x0001, 0x0001,
    0x5ADB, 0x94AB, 0xBDF7, 0xDEFF, 0x0001, 0x0001, 0x631D, 0x94AB,
    0x0001, 0x0001, 0x0001, 0x5ADB, 0xAD73, 0xCE7D, 0xEF7F, 0x0001,
    0x0001, 0x0001, 0x0001, 0x9CED, 0x8427, 0xA531, 0xC639, 0x1087,
    0x39D1, 0x8427, 0xA52F, 0xE73F, 0x18C9, 0x5ADD, 0x7BE5, 0xBDF9,
    0xCE7D, 0x210B, 0x7BE5, 0x4A55, 0x5297, 0x0000, 0x0000, 0x0000,
    0x0000, 0xA529, 0xBDEF, 0xD6B5, 0xDEF7, 0xE739, 0xCE73, 0x9CE7,
    0xB5AD, 0xFFFF, 0xAD6B, 0x4A53, 0x94A5, 0xF7BD, 0xEF7B, 0x8C63,
    0x4211, 0x318D, 0x7BDF, 0x39CF, 0x6B5B, 0x294B, 0x5AD7, 0xC631,
    0x8421, 0x6319, 0x5295, 0x739D, 0x2109, 0x0781, 0x07C1, 0x0701,
    0x05C1, 0x0581, 0x03C1, 0x0681, 0x0181, 0x0541, 0x0741, 0x01C1,
    0x0241, 0x0341, 0x0441, 0x0201, 0x0141, 0x5299, 0x7BA3, 0x41D3,
    0x6B1F, 0x9469, 0x294D, 0x4A15, 0x4A57, 0x7361, 0x314F, 0x4215,
    0x318F, 0x5257, 0x4213, 0x0301, 0xFFBF, 0x0641, 0x02C1, 0x18C7,
    0x314D, 0x3991, 0xEF3F, 0x8C29, 0xBDB5, 0xDEBF, 0x1001, 0x0001,
    0x62DB, 0x9CAB, 0xC5F7, 0xE6FF, 0xF001, 0x2801, 0x631D, 0x94AB,
    0x4001, 0xF801, 0x4801, 0x5ADB, 0xB573, 0xDE7D, 0xFF7F, 0x6001,
    0xB001, 0x1801, 0x5801, 0xA4ED, 0x8427, 0xAD31, 0xCE39, 0x1887,
    0x39D1, 0x8C27, 0xA52F, 0xF73F, 0x20C9, 0x62DD, 0x7BE5, 0xC5F9,
    0xD67D, 0x210B, 0x83E5, 0x4A55, 0x5297, 0x0000, 0x0000, 0x0000,
    0x0000, 0xA529, 0xBDEF, 0xD6B5, 0xDEF7, 0xE739, 0xCE73, 0x9CE7,
    0xB5AD, 0xFFFF, 0xAD6B, 0x4A53, 0x94A5, 0xF7BD, 0xEF7B, 0x8C63,
    0x4211, 0x318D, 0x7BDF, 0x39CF, 0x6B5B, 0x294B, 0x5AD7, 0xC631,
    0x8421, 0x6319, 0x5295, 0x739D, 0x2109, 0x003D, 0x003F, 0x0039,
    0x002F, 0x002D, 0x001F, 0x0035, 0x000D, 0x002B, 0x003B, 0x000F,
    0x0013, 0x001B, 0x0023, 0x0011, 0x000B, 0x5315, 0x7C5D, 0x424F,
    0x6BD9, 0x9523, 0x298B, 0x4A91, 0x4AD3, 0x741B, 0x31CB, 0x4291,
    0x31CD, 0x52D3, 0x4251, 0x0019, 0xFFFD, 0x0033, 0x0017, 0x18C7,
    0x318B, 0x3A0D, 0xEFF9, 0x8D21, 0xBEAD, 0xDFF5, 0x1001, 0x0001,
    0x6357, 0x9D65, 0xC6EF, 0xE7F7, 0xF001, 0x2801, 0x6399, 0x9565,
    0x4001, 0xF801, 0x4801, 0x5B57, 0xB66B, 0xDFB3, 0xFFFB, 0x6001,
    0xB001, 0x1801, 0x5801, 0xA5A7, 0x84E1, 0xAE29, 0xCF31, 0x18C5,
    0x3A0F, 0x8CE1, 0xA5E9, 0xF7F9, 0x2107, 0x6397, 0x7C9F, 0xC72F,
    0xD7B3, 0x2149, 0x849F, 0x4A93, 0x52D5, 0x0000, 0x0000, 0x0000,
    0x0000, 0x0000, 0x0000, 0x0000, 0x0000, 0x0000,
};

